Il passato remoto viene ormai usato sempre più di rado, quale forma verbale usiamo al suo posto?;a) Trapassato prossimo.;b) Passato prossimo.;c) Imperfetto.;d) Trapassato remoto.;2
"Le consonanti ""c"" e ""g"" possono avere diversi suoni, come si definiscono questi ultimi?";a) Sonoro e sordo.;b) Breve e lungo.;c) Gutturale e palatale.;d) Affricato e fricativo.;3
"Nel periodo ""Quando ci accorgemmo di avere sbagliato sentiero, la guida ci aveva superato di una decina di metri"", il verbo ""aveva superati"" rispetto al verbo ""ci accorgemmo"" esprime un'azione che accade ...";a) Dopo.;b) Contemporaneamente.;c) Prima.;d) Ripetutamente.;3
Quale delle seguenti affermazioni è corretta e completa.;a) L'avverbio è una parte invariabile del discorso che accompagna altre parole - un verbo, un aggettivo, un nome, un altro avverbio o un'intera frase.;b) L'avverbio è una parte invariabile del discorso che serve a modificarne il significato della frase, qualificandolo o precisandolo.;c) L'avverbio è una parte invariabile del discorso che accompagna altre parole - un verbo, un aggettivo, un nome, un altro avverbio o un'intera frase- per modificarne il significato, qualificandolo o precisandolo.;"d) L'avverbio è una parte invariabile del discorso che non accompagna altre parole -un verbo, un aggettivo, un nome, un altro avverbio o un'intera frase- per modificarne il significato, qualificandolo
oprecisandolo.";3
Quali forme può assumere l'aggettivo piccolo al grado comparativo e superlativo?;a) Peggiore e pessimo.;b) Inferiore e infimo.;c) Migliore e ottimo.;d) Minore e minimo.;4
"Nella frase ""Aspettami fuori, arrivo subito"" ci sono 2 avverbi.";a) Uno di modo e uno di tempo.;b) Uno di luogo e uno di tempo.;c) Uno di qualità e uno di tempo.;d) Uno di luogo e uno di valutazione.;2
Quali dei seguenti aggettivi non sono superlativi assoluti?;a) Eccezionale.;b) Infimo.;c) Straricco.;d) Ultra simpatico.;1
Quale articolo determinativo si usa per il nome psicologi?;a) Lo.;b) Il.;c) Le.;d) Gli.;4
"Completa la seguente frase coniugando il verbo tra parentesi nella forma corretta.""Che cosa.... (pensare) tuo padre se ti vedesse uscire con quel ragazzo"".";a) Pensasse.;b) Pensa.;c) Penserebbe.;d) Penserà.;3
"Le parole: molto, troppo, parecchio, alquanto, altrettanto, quanto, possono essere avverbi aggettivi
opronomi, come si distingue il caso in cui siano avverbi?";a) Quando accompagnano un nome e concordano in genere e numero.;b) Quando accompagnano un verbo e concorda nel numero.;c) Quando invariabili, accompagnano un verbo, un aggettivo o un altro avverbio.;"d) Quando sostituiscono un nome o si riferiscono ad un soggetto sottinteso con cui concordano per genere
e numero.";3
"Quante preposizioni articolate ci sono nella frase ""Benché i problemi presentassero delle difficoltà la ragazza riuscì a risolverli correttamente e nel tempo previsto""?";a) Nessuna.;b) 1.;c) 2.;d) 3.;2
Esistono delle differenze tra lingua orale e lingua scritta, quale tra queste definizioni è corretta?;a) La lingua scritta presenta delle norme rigide, quella parlata più flessibili.;b) La lingua orale e scritta non seguono delle regole precise.;c) La lingua scritta presenta delle norme più flessibili, quella orale più rigide.;d) La lingua orale e scritta seguono le medesime regole grammaticali.;1
"In quale delle seguenti frasi il pronome personale ""lei"" non ha funzione di complemento?";a) Alessia è una mia cara amica: mi posso sempre fidare di lei.;b) Eva è una ragazza molto altruista: lei aiuta chiunque si trovi in difficoltà.;c) Manuela è una mia compagna di scuola e con lei mi trovo bene.;d) Melissa è sicura di sé: a lei non interessa il parere degli altri.;2
In che casi non si usa l'articolo determinativo davanti al nome?;a) In presenza di soprannomi e di nomi geografici.;b) In presenza di nomi di piccole isole e di città, escludendo i casi in cui l'articolo sia parte integrante del nome stesso.;c) Nel caso di nomi propri preceduti da nomi comuni, un titolo, un nome di parentela.;d) Nel caso in cui un nome rappresenti un'intera famiglia, oppure entrambi i coniugi.;2
"Nella frase ""Mi chiesero di presentarmi, pertanto dissi il mio nome e cognome"" i verbi ""chiesero"" e ""dissero"" sono coniugati al:";a) Trapassato prossimo.;b) Passato remoto.;c) Imperfetto.;d) Passato prossimo.;2
Quali sono i pronomi riflessivi?;a) Mio, tuo, suo, nostro, vostro. loro.;b) Io, tu, lui, lei, noi, voi, loro.;c) Mi, ti, si, sé, ci vi, si, sé, loro.;d) Me, te, lui, lei, noi, voi, loro.;3
"Nella seguente frase indica il valore del congiuntivo. ""Se almeno dimagrissi""";a) Esortativo.;b) Desiderativo.;c) Dubitativo.;d) Concessivo.;2
"Nelle seguenti frasi: ""Se la scippassero, la zia correrebbe dietro ai borseggiatori, brandendo l'ombrellino in aria. Non vorrei essere nei panni di quell'uomo!"" , quante forme verbali sono presenti?";a) 4.;b) 5.;c) 6.;d) 3.;2
"Nella frase ""Ognuno di noi porterà dei dolci per la festa. Se anche tu portassi qualcosa, ci faresti un piacere"", quanti pronomi sono presenti nella frase?";"a) 1 indefinito, 1
dimostrativo e 2 personali.";b) 2 indefiniti e 2 personali.;c) 1 indefinito e 2 personali.;d) 2 indefiniti e 3 personali.;4
Che differenza esiste tra vocali e consonanti nella pronuncia?;a) Quando l'aria esce dalla bocca senza incontrare nessun ostacolo si ha una vocale. Quando l'emissione di aria trova un ostacolo si ha una consonante.;b) Non esiste alcuna differenza nella pronuncia.;c) La vocale si ha quando l'emissione di aria incontra un ostacolo, la consonante quando l'emissione di aria non incontra ostacoli.;d) Quando si pronunciano vocali e consonanti si emette pura voce.;1
Quale tra i seguenti è un articolo determinativo, femminile, singolare?;a) Una;b) La;c) I;d) Lo;2
Quale tra i seguenti è un articolo indeterminativo, maschile, singolare?;a) Lo;b) Gli;c) Una;d) Un;4
Quale tra i seguenti è un articolo determinativo, maschile, singolare?;a) Una;b) Un;c) Il;d) Le;3
Quale tra i seguenti è un articolo determinativo, femminile, plurale?;a) Le;b) Una;c) Delle;d) I;1
Quale è il nome corretto? NOME COMUNE, ASTRATTO, NUMERO PLURALE, GENERE FEMMINILE;a) Ricordi;b) Medaglia;c) Speranze;d) Fotografie;3
Quale è il nome corretto? NOME COMUNE, CONCRETO, NUMERO PLURALE, GENERE MASCHILE;a) Secchiello;b) Ombrelloni;c) Sdraio;d) Mareggiate;2
Quale tra i seguenti è un articolo determinativo, maschile, plurale?;a) Un;b) Il;c) Gli;d) Uno;3
Quale è il nome corretto? NOME COMUNE, CONCRETO, NUMERO: SINGOLARE, GENERE: FEMMINILE;a) Scoglio;b) Caffetteria;c) Camilla;d) Altezzosità;2
Quale è il nome corretto? NOME COMUNE, CONCRETO, NUMERO PLURALE, GENERE FEMMINILE;a) Candelotti;b) Lampadine;c) Luminosità;d) Luce;2
Quale è il nome corretto? NOME COMUNE, ASTRATTO, NUMERO PLURALE, GENERE MASCHILE;a) Processo;b) Sentinella;c) Errore;d) Rimpianti;4
Quale è il nome corretto? NOME COMUNE, ASTRATTO, NUMERO SINGOLARE, GENERE MASCHILE;a) Desiderio;b) Motorino;c) Lettera;d) Sospiri;1
Quale è il nome corretto? NOME COMUNE, CONCRETO, NUMERO PLURALE, GENERE FEMMINILE;a) Chitarre;b) Flauti;c) Musicalità;d) Sinfonia;1
Quale è il nome corretto? NOME COMUNE, ASTRATTO, NUMERO: SINGOLARE,GENERE: FEMMINILE;a) Irriverenza;b) Lusso;c) Lavagna;d) Montagna;1
Quale tra i seguenti è un articolo indeterminativo, maschile, singolare?;a) Una;b) Uno;c) Lo;d) Gli;2
Quale tra i seguenti è un articolo indeterminativo, femminile, singolare?;a) Le;b) La;c) Il;d) Una;4
I nomi propri:;a) Individuano in modo preciso un singolo elemento, lo distinguono da tutti gli altri e si scrivono con la lettera maiuscola.;b) Di persona o di cosa non possono mai essere usati come nomi comuni.;c) Indicano in modo generico un qualunque elemento di una categoria.;d) Rimandano a qualcosa di non materiale che si può solo immaginare.;1
Hanno un'unica forma:;a) I nomi indipendenti e i nomi mobili.;b) I nomi ambigenere che terminano in -e, -a, -ante, - ista, -cida, -iatra e i nomi di genere promiscuo.;c) I nomi mobili e i nomi ambigenere.;d) I nomi indipendenti e i nomi di genere promiscuo.;2
"Alcuni nomi sono invariabili e mantengono la stessa forma sia al singolare che al plurale; il loro numero può essere distinto solo per la concordanza con altre parti variabili del discorso. Non rientrano in questa categoria:";a) I monosillabi che terminano in vocale: gru, sci, re.;b) Tutti i nomi maschili che terminano in -a e tutti i nomi femminili che terminano in -o e in -ie.;c) I nomi terminanti in vocale accentata: città, oblò, virtù.;d) I nomi di origine straniera: film, garage, kebab.;2
Quali fra i seguenti sono nomi difettivi?;a) Il grano, il colera, la flora.;b) Aprile, il posto, il pizzo.;c) Il porto, il modo, la torta.;d) Lo zolfo, il fogliame, il coltello.;1
"Nella frase: ""L'orsacchiotto gioca nella foresta"", ""orsacchiotto"" è:";a) Nome comune di cosa, concreto, maschile, singolare, alterato.;b) Nome comune di animale, concreto, maschile, singolare, alterato.;c) Nome comune di cosa, astratto, maschile, singolare, alterato.;d) Nome comune di animale, concreto, maschile, singolare, primitivo.;2
"Nella frase: ""Perché sei triste? Le domandò con gentilezza"", ""gentilezza è:";a) Nome comune di cosa, astratto, maschile, singolare, alterato.;b) Nome comune di cosa, concreto, femminile, singolare, primitivo.;c) Nome comune di cosa, astratto, femminile, plurale, primitivo.;d) Nome comune di cosa, astratto, femminile, singolare, primitivo.;4
Quale fra i seguenti è un nome astratto?;a) Bellezza.;b) Volpe.;c) Etna.;d) Pioggia.;1
Quali fra i seguenti nomi cambiano genere al plurale?;a) Ala, caramella, crisi.;b) Arma, carcere, finestra.;c) Gorilla, uovo, cane.;d) Uovo, carcere, eco.;4
I nomi non numerabili:;a) Indicano concetti astratti, sostanze o materiali che non possono essere contati in unità separate.;b) Indicano un insieme di elementi della stessa categoria il cui numero può essere indeterminato.;c) Non hanno mai la forma singolare.;d) Hanno solo la forma plurale.;1
"Nella frase: ""Rachele fu svegliata da un pianto sommesso"", ""pianto"" è:";a) Nome comune di cosa, concreto, maschile, singolare, primitivo.;b) Nome comune di cosa, astratto, maschile, singolare, primitivo.;c) Nome comune di cosa, concreto, maschile, plurale, primitivo.;d) Nome comune di cosa, concreto, maschile, singolare, derivato.;1
Foglio, trapano, grissino, sogno:;a) Sono tutti nomi non numerabili.;b) Foglio, trapano, grissino sono nomi numerabili, sogno è un nome non numerabile.;c) Sono tutti nomi numerabili.;d) Foglio, trapano sono nomi numerabili, grissino e sogno sono nomi non numerabili.;3
I nomi comuni indicano in modo generico un qualunque elemento di una categoria. Sono esempi di nomi comuni:;a) Tevere, fiume, odio.;b) Cane, Marco, gioventù.;c) Furetto, squalo, Berlino.;d) Tartaruga, vulcano, ragazza.;4
Indicare l'opzione contenente solo nomi comuni concreti.;a) Amicizia, pace.;b) Profumo, aceto.;c) Ragazzo, odio.;d) Francia, pioggia.;2
"1. La ""gioventù"" del paese era in festa. 2. Gianluca ha ""naso"" per gli affari. 3. La ""gioventù"" è un'età spensierata. 4. Cadendo mi sono rotta il ""naso"". In quali delle precedenti frasi i nomi concreti virgolettati sono usati in senso astratto?";"a) 1. La ""gioventù"" del paese era in festa. 4. Cadendo mi sono rotta il ""naso"".";"b) 1. La ""gioventù"" del paese era in festa. 2. Gianluca ha ""naso"" per gli affari.";"c) 3. La ""gioventù"" è un'età spensierata. 4. Cadendo mi sono rotta il ""naso"".";"d) 3. La ""gioventù"" è un'età spensierata. 2. Gianluca ha ""naso"" per gli affari.";4
"Nella frase: ""Il cacciatore camminava tra il fogliame"", ""fogliame"" è:";a) Nome comune di cosa, concreto, individuale, maschile, singolare, derivato.;b) Nome comune di cosa, concreto, collettivo, maschile, singolare, derivato.;c) Nome comune di cosa, concreto, collettivo, femminile, singolare, derivato.;d) Nome comune di cosa, astratto, collettivo, maschile, singolare, primitivo.;2
"Che valora ha ""si"" nell'espressione ""si sa""?";a) Impersonale.;b) Passivante.;c) Riflessivo.;d) Pronominale.;1
Quale degli avverbi delle seguenti frasi non è di modo?;a) Marco si esprimeva male.;b) Daria si comporta onestamente con tutti.;c) Abbiamo camminato lentamente fino alla vetta.;d) Sei mai andato all'estero?;4
In quale delle seguenti frasi è presente un aggettivo qualificativo?;a) Il vestito chiaro ti dona più di quello scuro.;b) Maria non è stata molto bene ed è tornata a casa.;c) Scrivi chiaro, altrimenti non riesco a leggere.;d) Voglio vederci chiaro in questa vicenda.;1
"In quale frase ""volere, potere, dovere"" non svolgono la funzione di verbi servili.";a) Federica ripete in continuazione a tutti che deve andare in palestra.;b) L'auto dietro di noi ha messo la freccia a destra: penso che voglia sorpassare.;c) Mi dispiace, ma non posso permettermi di comprare un abito così costoso.;d) Vuoi un dizionario d'inglese per tradurre l'articolo del New York Times?;4
"Nella frase ""Khaled e Annachiara hanno accettato di buon grado l'invito alla mia festa di compleanno"", l'espressione ""di buon grado"" è una locuzione avverbiale:";a) Di quantità.;b) Di qualità.;c) Di tempo.;d) Di modo.;4
"Quale preposizione propria può sostituire la locuzione"" a causa del""?";a) Con (il).;b) Per (il).;c) Nel.;d) Dal.;2
In quale tra le seguenti frasi il pronome quale/quali è usato come pronome relativo?;a) Il concorrente del quiz non ha saputo dire quale fosse la capitale della Lettonia.;b) Vorrei sapere quale dei tuoi vestiti hai intenzione di indossare stasera.;c) Achille, al quale piace molto guidare, è arrivato in auto fino a Madrid.;d) Sai qual è la squadra in cui gioca Giovanni?;3
In quale delle seguenti frasi il verbo ripassare è usato intransitivamente?;a) Tommaso ripassa il disegno a china.;"b) Per lucidare il
pavimento devi ripassarlo con la cera.";c) Prima di andare al parchetto ripassa da casa.;d) In questo gioco è vietato ripassare la palla ai compagni di squadra.;3
Quale delle seguenti frasi presenta un pronome indefinito errato?;a) Assaggerò il tuo tiramisù, , ma dammene poco che sono sazia.;b) La nonna pensa sempre ai suoi due nipoti: ha comprato due bellissimi maglioni per me e altrettanti per te.;c) Puoi ripetere? Non ho capito tanto di quello che mi hai detto.;d) Ero così in ritardo che, quando sono arrivato nel locale , non c'era più nessuno.;3
"In quale gruppo c'è un verbo che forma i tempi composti con l'ausiliare ""essere""?";a) Giocare, pettinare, sfogliare, annaffiare.;b) Aprire, vedere, pedalare, nuotare.;c) Rispondere, disegnare, organizzare, studiare.;d) Arrivare, ridere, comprare, chiamare.;4
"Nella frase ""Dopo essere rientrato dal corso di nuoto, Stefano cominciò a ripassare la lezione di storia spiegata dal professore due giorni prima."" il participio passato ""spiegata"" può essere sostituito da...";a) Quando era stata spiegata.;b) Poiché era stata spiegata.;c) Benché fosse stata spiegata.;d) Che era stata spiegata.;4
Quale delle seguenti coppie di espressioni presenta un errore nell'articolo?;a) Lo xilofono/i xilofoni.;b) Il telefono /i telefoni.;c) L'aeroplano /gli aeroplani.;d) La bicicletta/le biciclette.;1
"In quale delle frasi il termine ""loro"" è pronome possessivo?";a) Ho chiesto invano il loro aiuto.;b) Uscirò con loro se non sarà troppo tardi.;c) I gemelli! Sono sempre loro i colpevoli.;d) Di chi è la colpa? Loro naturalmente.;4
"In quale delle seguenti frasi la parola ""lungo"" non ha funzione di preposizione impropria?";a) La strada correva lungo la costa.;b) Ho percorso la pista ciclabile lungo il naviglio.;c) Lungo la via c'è un ingorgo di auto.;d) Il tavolo della cucina è lungo due metri.;4
Quale frase mostra un verbo ausiliare errato?;a) Quando siete andati a fare la spesa?;b) Mio fratello ha ripreso dal suo insegnante.;c) Le lezioni di questa mattina sono finite prima.;d) Stanotte ho sognato di essere al mare.;2
Quale affermazione è corretta?;"a) L'articolo femminile singolare ""la"" non si apostrofa mai.";"b) L'articolo femminile singolare ""la"" si apostrofa in base al contesto della frase.";"c) L'articolo femminile singolare ""la"" si apostrofa davanti alle parole che iniziano per vocale.";"d) L'articolo femminile singolare ""la"" non si apostrofa davanti alle parole che iniziano per ""i"".";4
In quale delle seguenti frasi è presente un pronome identificativo?;a) IO stessa sono rimasta di stucco quando ho sentito il suo discorso.;b) Quest'anno a scuola ho gli stessi professori di mia sorella.;c) Da quando te ne sei andata, niente è stato più lo stesso.;d) Io e Giordano siamo nella stessa squadra da anni.;3
"In quale delle seguenti frasi la parola ""prima"" forma una locuzione prepositiva?";a) Prima studio, poi esco con gli amici.;b) Non uscirò prima delle 5.;c) Ormai è troppo tardi: dovevi pensarci prima.;d) È la prima volta che dimentico.;2
In quale delle seguenti frasi il verbo essere è usato nel significato autonomo di trovarsi?;a) Sei furbo, tu!;b) Quella poltrona è molto comoda.;c) La biblioteca è all'interno del parco.;d) I tuoi cespugli di ortensia sono enormi.;3
"Nel trasformare la frase ""Marco aveva dimenticato le chiavi casa nel cassetto della scrivania"" dalla forma attiva a quella passiva, una sola delle trasformazioni proposte è giusta, quale?";a) Le chiavi di casa erano rimaste nel cassetto della scrivania .di Marco.;"b) Le chiavi di casa erano
state dimenticate da Marco
nel cassetto della scrivania.";c) Le chiavi di casa Marco le aveva dimenticate nel cassetto della scrivania.;d) Le chiavi sono state dimenticate da Marco nel cassetto della scrivania.;2
In quale delle seguenti frasi l'aggettivo può essere posizionato anche prima del nome a cui si riferisce?;a) Mi sono bruciata la mano sinistra con il forno.;b) La bandiera belga è un tricolore.;c) Un temporale violento si è abbattuto sulla costa.;d) Le mura medievali della città sono perfettamente conservate.;3
L'aggettivo quale (qual, quali)come si usa e che caratteristiche ha?;a) Variabile in genere e numero, serve per chiedere informazioni relative alla qualità del nome cui si riferisce.;b) Invariabile nel numero serve per chiedere informazioni relative all'identità o qualità del nome cui si riferisce.;c) Variabile nel numero serve per chiedere informazioni relative all'identità o qualità del nome cui si riferisce.;d) Invariabile in genere e numero, serve per chiedere informazioni relative alla qualità del nome cui si riferisce.;3
In quale delle seguenti frasi è presente un pronome personale soggetto?;a) Vi hanno già dato la scheda per votare?;b) Marco gli ha prestato il motorino: Luca deve riportarlo entro stasera.;"c) Perché l'hai detto a me
e non a lei?";d) Ieri sera ero io che ti salutavo al semaforo.;4
"In quale delle seguenti frasi la parola ""parecchio"" è usata in funzione di avverbio.";a) Era da parecchio tempo che non vedevo Lucia.;b) Secondo me, ci vuole parecchio coraggio per lanciarsi con il paracadute.;c) Sono molto soddisfatto oggi, ho sciato parecchio.;d) C'è parecchio rumore in questo ristorante.;3
"Nella frase ""I Medici e i Gonzaga sono stati rispettivamente i signori di Firenze e di Mantova tanti secoli fa"", i nomi delle famiglie sono preceduti dall'articolo perché:";a) Si riferiscono a coppie di coniugi.;b) Indicano illustri famiglie del passato.;c) Si tratta di soprannomi.;d) Sono forme scorrette: gli articoli vanno eliminati.;2
Quale avverbio è proposto nella seguente frase? Veniva avanti a tastoni.;a) Un avverbio di negazione.;b) Un avverbio di tempo.;c) Un avverbio di affermazione.;d) Un avverbio di modo.;4
Quali tra i seguenti avverbi o locuzioni avverbiali è di valutazione?;a) Parlar chiaro mi fa sentire impacciato e a disagio.;b) Avevo visto giusto dicendo che Carlotta e Marco avevano una storia.;c) Arianna e le sue amiche si divertiranno di certo a Londra.;d) Bruno è tanto contento: è uscito il suo nuovo libro.;3
In quale gruppo di preposizioni è presente un intruso?;a) Dalla, nella, sulla, della.;b) Del, nel, al, sul.;c) Nei, ai, suoi, dei.;d) Di, per, per, in, tra.;3
Quali tra i seguenti avverbi o locuzioni avverbiali è di quantità?;a) Lassù.;b) Dappertutto.;c) Di recente.;d) Moltissimo.;4
In quale delle seguenti frasi la congiunzione subordinante è scorretta?;a) Per il buon funzionamento della stampante, devi inserire il toner esattamente come è scritto nelle istruzioni.;b) Purché siano gemelle, Irene e Sofia non si assomigliano molto.;c) Ho dovuto rimandare l'appuntamento con il dentista perché ha preso l'influenza.;d) Abbiamo provato e riprovato finché non ci siamo riusciti.;2
"Quanti articoli sono presenti nella frase ""Dobbiamo fare ancora delle prove per lo spettacolo: non siamo pronti""?";a) 3.;b) 1.;c) 4.;d) 2.;4
Quale delle seguenti frasi presenta un avverbio esclamativo?;a) Quanto ci vuole per raggiungere il rifugio?;b) Alcuni atleti hanno terminato la lunga maratona a fatica.;c) Quanto sei spiritosa!;d) Siamo in ritardo: saremmo dovuti partire prima.;3
Quale delle seguenti frasi presenta un pronome indefinito errato?;a) Non ho finito le caramelle anche se ne ho mangiate parecchie.;b) Chiamate i pompieri, qui brucia tutto.;c) Tra gli attori di quel telefilm non ce n'è uno davvero bravo.;d) Davanti al giudice ciascuno dei testimoni dovrà fornire la sua versione dei fatti.;3
In quale di queste frasi è presente un aggettivo dimostrativo?;a) Il giornalino scolastico viene pubblicato ogni mese.;b) Nessun treno è riuscito a partire a causa della forte nevicata.;c) Il tetto di quella casa sembra pericolante.;d) In poche ore di cammino abbiamo raggiunto la nostra meta.;3
"Nella frase ""Se continuate così, me ne vado. Finora vi ho sopportato, ma adesso ne ho abbastanza: state lontano e non tormentatemi più con le vostre richieste"", quali sono gli avverbi nella frase?";a) Abbastanza e più.;b) Finora e adesso.;c) Così e più.;d) Così e abbastanza.;2
"Il pronome misto ""chiunque"" significa:";a) Ciò che.;b) Quello che.;c) Ogni persona che.;d) Coloro che.;3
"Nel periodo ""Vide al centro della stanza un blocco di marmo verde e, appoggiati sopra un tavolino quattro strani strumenti. Si avvicinò al marmo, lo toccò sopra: era lucido, freddo e liscio"" è ripetuta la parola ""sopra"": che funzione ha nel secondo caso?";a) Pronome.;b) Nome.;c) Aggettivo,.;d) Avverbio.;4
In quale delle seguenti frasi è presente un verbo riflessivo reciproco?;a) Arianna oggi non si è pettinata bene.;b) Prima di andare a letto è bene lavarsi i denti,.;c) A Carnevale mi piace travestirmi con costumi fantasiosi.;d) Ho visto Nicolò ma ci siamo salutati solo da lontano.;4
"Leggi la frase in forma attiva "" La sarta ha applicato le perline colorate sull'abito da sposa"", quale tra le proposte rappresenta l'esatta trasformazione in forma passiva?";a) Le perline colorate furono applicate dalla sarta sull'abito da sposa.;b) Le perline colorate sono state applicate dalla sarta sull'abito da sposa.;c) La sarta ha applicato sull'abito da sposa le perline colorate.;d) La sarta aveva applicato le perline colorate sull'abito da sposa.;2
Indica quale di queste frasi contiene un aggettivo di grado superlativo assoluto:;a) Lisa è molto tesa.;b) Lisa è la più tesa della classe.;c) Lisa è meno tesa di ieri.;d) Lisa è più tesa del solito.;1
In quale delle seguenti frasi è presente un pronome personale soggetto?;a) Sei andata da sola o con lui alla festa?;b) Non siamo stati noi a rovesciare l'acqua.;c) Dov'è Paolo, lo hai visto?;d) La mamma ci ha detto di aspettare qui.;2
"Nelle seguenti frasi in quale caso le parole ""vicino"" o lontano sono usate come avverbi?";a) Maddalena è una mia lontana cugina, ma le sono affezionata come se fossimo sorelle.;b) Chi va piano, va sano e va lontano.;c) Forza amici! Manca poco al rifugio più vicino!;d) La scuola di Elena è vicina: si trova al di là della strada.;2
"Nella frase ""La professoressa Marzia partecipa alla gita con la sua scolaresca"" sono presenti:";a) Un nome proprio usato come comune ed un nome collettivo.;b) Un nome non numerabile ed un nome astratto.;c) Un nome non numerabile ed un nome collettivo.;d) Un nome proprio ed un nome collettivo.;4
In una delle seguenti frasi è presente un pronome esclamativo, in quale?;a) Quale gioia la nascita di Andrea!;b) Che meraviglia questo panorama! É davvero mozzafiato.;c) Quanta fretta hai! Dove corri?;d) Quanti dovrebbero imparare un pò di educazione!;4
In quale delle seguenti frasi l'avverbio di modo tra virgolette modifica il significato di un aggettivo?;"a) Gli studenti eseguirono ""scrupolosamente"" le direttive dell'insegnante.";"b) Il papà di Vittorio cucina ""divinamente"".";"c) Francesca a Simone discutono
""animatamente"".";"d) Il criceto ha un pelo ""meravigliosamente"" morbido.";4
"Nella frase ""Per il finanziamento della ricerca sul cancro, ogni anno molti italiani devolvono offerte a favore della LILT, Lega Italiana per la lotta contro i tumori."" Quante sono le preposizioni proprie, improprie, e le locuzioni prepositive nella frase?";a) 3 proprie, 2 improprie, nessuna locuzione prepositiva.;b) 3 proprie, 1 impropria, 2 locuzione prepositiva.;c) 4 proprie, 2 improprie, 2 locuzione prepositiva.;d) 4 proprie, 1 impropria, 1 locuzione prepositiva.;4
"Nella frase ""Abbiamo comprato il divano meno costoso che abbiamo trovato"" è contenuto un aggettivo di grado...";a) Superlativo assoluto.;b) Comparativo di minoranza.;c) Superlativo relativo.;d) Positivo.;3
Individuare, tra quelle proposte, la congiunzione interrogativa:;a) Pertanto;b) Quanto;c) Ora...ora;d) Ossia;2
Individuare, tra quelle proposte, la congiunzione interrogativa:;a) Quindi;b) Infatti;c) Quando;d) Né;3
Indicare quale tra le seguenti frasi contiene un articolo partitivo:;a) Ho richiesto un prestito per pagare la vacanza.;b) Non ho denaro a sufficienza per partire.;c) Le rate sono così alte che non riesco a sostenerle.;d) Ho messo da parte dei soldi per il viaggio.;4
Individuare, tra quelle proposte, la congiunzione condizionale:;a) Inoltre;b) Laddove;c) Neanche;d) Ovverosia;2
Individuare, tra quelle proposte, la congiunzione temporale:;a) Mentre;b) Purché;c) Seppure;d) Affinché;1
Indicare quale tra le seguenti frasi contiene un articolo partitivo:;a) Ho dimenticato di prendere le uova.;b) Vorrei preparare un'ottima frittata.;c) Potresti comprare del prosciutto cotto?;d) Ricorda di inserire i pomodori nella lista della spesa.;3
Indicare quale, tra le seguenti, non è una congiunzione conclusiva:;a) Altresì;b) Dunque;c) Perciò;d) Quindi;1
Indicare quale, tra le seguenti, non è una congiunzione conclusiva:;a) Infatti;b) Ebbene;c) Pertanto;d) Allora;1
Indicare quale, tra le seguenti, non è una congiunzione avversativa:;a) Anzi;b) Eppure;c) Però;d) O;4
Indicare quale tra le seguenti frasi contiene un articolo partitivo:;a) Hai del burro per caso?;b) Un pizzico di origano...et voilà!;c) Aggiungi il pepe al sugo.;d) Mi passi il sale per favore?;1
Indicare quale, tra le seguenti, non è una congiunzione disgiuntiva:;a) Altrimenti;b) Allora;c) Ovvero;d) Oppure;2
Indicare quale tra le seguenti frasi contiene un articolo partitivo:;a) Adoro il modo in cui sorridi quando ti parlo.;"b) Hai degli occhi
bellissimi, profondi come il mare.";"c) I tuoi capelli ti
incorniciano perfettamente il viso.";"d) Le tue labbra sono belle
e carnose.";2
Indicare quale, tra le seguenti, non è una congiunzione causale:;a) Perché;b) Altrimenti;c) Siccome;d) Poiché;2
Individuare, tra quelle proposte, la congiunzione condizionale:;a) Ossia;b) Qualora;c) Neppure;d) Perciò;2
Individuare, tra quelle proposte, la congiunzione relativa:;a) Dove;b) Neppure;c) Quindi;d) Sicché;1
Individuare, tra quelle proposte, la congiunzione condizionale:;a) Anche;b) Nemmeno;c) Se;d) Perciò;3
Indicare quale, tra le seguenti, non è una congiunzione correlativa:;a) Vuoi...vuoi;b) Sia...sia;c) Mai...mai;d) Non solo...ma;3
Individuare, tra quelle proposte, la congiunzione temporale:;a) Quanto;b) Malgrado;c) Allorché;d) Neppure;3
Indicare quale, tra le seguenti, non è una congiunzione copulativa:;a) Anche;b) Neppure;c) Perciò;d) E;3
Individuare, tra quelle proposte, la congiunzione relativa:;a) Onde;b) Ebbene;c) Infatti;d) Sia...sia;1
Indicare quale, tra le seguenti, non è una congiunzione dichiarativa:;a) Ovvero;b) Cioè;c) Ossia;d) Né;4
Individuare, tra quelle proposte, la congiunzione condizionale:;a) Ove;b) Poiché;c) Anche;d) Cioè;1
Indicare quale, tra le seguenti, non è una congiunzione dichiarativa:;a) Difatti;b) Oppure;c) Infatti;d) Ovverosia;2
Indicare quale, tra le seguenti, non è una congiunzione disgiuntiva:;a) Ovvero;b) Nemmeno;c) O;d) Oppure;2
Indicare quale, tra le seguenti, non è una congiunzione copulativa:;a) Dunque;b) Altresì;c) Pure;d) Nemmeno;1
Indicare quale tra le seguenti frasi contiene un articolo partitivo:;a) Vuoi mettere le ciabatte?;b) Dovrei avere delle pantofole in più.;c) Camminando ho perso una babbuccia.;d) Non sopporto di camminare scalzo.;2
Indicare quale, tra le seguenti, non è una congiunzione causale:;a) Ovverosia;b) Siccome;c) Giacché;d) Poiché;1
Indicare quale, tra le seguenti, non è una congiunzione disgiuntiva:;a) Sicché;b) Ovvero;c) Altrimenti;d) O;1
Indicare quale, tra le seguenti, non è una congiunzione avversativa:;a) Ma;b) Bensì;c) Né;d) Tuttavia;3
Indicare quale, tra le seguenti, non è una congiunzione correlativa:;a) Eppure...neppure;b) Tanto...quanto;c) Ora...ora;d) Sia...che;1
Individuare, tra quelle proposte, la congiunzione temporale:;a) Quando;b) Sebbene;c) Né;d) Perché;1
Indicare quale, tra le seguenti, non è una congiunzione copulativa:;a) Quindi;b) E;c) Inoltre;d) Né;1
Indicare quale tra le seguenti frasi contiene un articolo partitivo:;a) Ho commesso degli errori da ragazzo.;b) La vendetta è un piatto che va servito freddo.;c) Non credo potrò perdonare il tuo sbaglio.;d) Il mio errore è stato madornale.;1
Individuare, tra quelle proposte, la congiunzione interrogativa:;a) Oppure;b) Difatti;c) Come;d) Poiché;3
Indicare quale, tra le seguenti, non è una congiunzione avversativa:;a) Bensì;b) Però;c) Pertanto;d) Eppure;3
Sono comparativi di maggioranza:;a) Pessimo, minimo.;b) Maggiore, minimo.;c) Maggiore, peggiore.;d) Peggiore, pessimo.;3
Introducono una parola o una frase che chiarisce o giustifica ciò che precede:;a) Le congiunzioni coordinanti esplicative o dichiarative come: ma, invece, mentre ecc.;b) Le congiunzioni coordinanti correlative come: ma, però, anzi ecc.;c) Le congiunzioni coordinanti esplicative o dichiarative come: cioè, infatti, ossia ecc.;d) Le congiunzioni coordinanti conclusive come: dunque, quindi, pertanto ecc.;3
In quale delle frasi proposte è presente una preposizione impropria?;a) Ti raggiungerò dopo.;b) Verranno tutti, escluso Christian.;c) Non voglio andare alla festa con Matteo.;d) Il Po è un lungo fiume.;2
Indicare in quale frase è presente un aggettivo comparativo di uguaglianza.;a) Mio fratello è testardo come un mulo.;b) Un gatto è meno impegnativo di un coniglio.;c) Un bassotto è meno aggressivo di un cane lupo.;d) Un gatto è più fedele di un cane.;1
In quale delle seguenti frasi è presente un articolo partitivo?;a) È la proprietaria dei cavalli.;b) L'affitto è così alto che non riesco a pagarlo.;c) Mi passi il guinzaglio del cane?;d) Ho gustato dei cannoli siciliani.;4
"Nella frase: ""Mi porterà mio padre, altrimenti prenderò un mezzo pubblico"" è presente:";a) Congiunzione coordinante correlativa.;b) Congiunzione coordinante disgiuntiva.;c) Congiunzione coordinante avversativa.;d) Congiunzione coordinante copulativa.;2
In quale frase l'aggettivo qualificativo ha funzione attributiva?;a) Mia zia veste giovane.;b) È una giovane cantante.;c) Il cantante è giovane.;d) I giovani d'oggi.;2
Appartengono agli aggettivi qualificativi invariabili:;a) Anteguerra, rosa, dappoco.;b) Lilla, sporco, ricco.;c) Antifurto, sporco, lilla.;d) Antifurto, ricco, egoista.;1
In quale delle seguenti frasi l'articolo indeterminativo virgolettato è usato con valore di aggettivo indefinito con senso distributivo?;"a) ""Un"" giudice deve sempre essere imparziale.";"b) ""Una"" mela è caduta adesso dall'albero.";"c) ""Un"" cane è stato investito in tangenziale.";"d) ""Un"" vicino di casa mi ha regalato dei fiori.";1
L'articolo indeterminativo:;a) Può essere anche usato con valore equivalente a un aggettivo o un pronome dimostrativo.;"b) Identifica con
precisione una persona o una cosa, distinguendola da tutte le altre.";c) Può essere anche usato davanti a un nome proprio per trasformarlo in nome comune.;d) Si usa per indicare un'intera categoria.;3
Appartiene agli aggettivi qualificativi della prima classe:;a) Omicida.;b) Pessimista.;c) Sicuro.;d) Idiota.;3
In quale delle seguenti frasi è presente un articolo partitivo?;a) La torta di Michele era deliziosa.;b) Le dita della mano sono cinque.;c) Non trovo la ciotola del cane.;d) Se hai fame, c'è ancora della carne.;4
"La congiunzione in relazione alla ""forma"" può essere:";a) Semplice, composta, locuzione congiuntiva.;"b) Coordinante,
subordinante, composta.";c) Semplice, composta, subordinante.;d) Semplice, coordinante, composta.;1
Antinebbia, anteguerra, antifurto:;a) Sono aggettivi qualificativi della prima classe.;"b) Sono aggettivi
qualificativi della seconda classe.";c) Sono aggettivi qualificativi invariabili.;d) Sono aggettivi qualificativi della terza classe.;3
In quale frase è presente una locuzione avverbiale di modo?;a) Anche se arriveremo in un batter d'occhio, sarà tardi.;b) Devi usare all'incirca 30 grammi di zucchero.;c) Che tempo fa da quelle parti?;d) Forse verrà con te.;1
Non ammettono né il grado comparativo né il grado superlativo gli aggettivi come:;a) Sublime, magnifico, infinito, meraviglioso.;b) Sublime, magnifico, simpatico, meraviglioso.;c) Sublime, infinito, simpatico, elegante.;d) Antipatica, magnifico, simpatico, meraviglioso.;1
In quale frase l'aggettivo qualificativo ha funzione avverbiale?;a) Cecilia è molto ordinata.;b) Mettiti le scarpe nuove!;c) Questa carne non è fresca.;d) Camminate piano!;4
L'articolo determinativo:;a) Si usa per indicare un elemento qualsiasi appartenente a una categoria o a una specie.;b) Si usa per indicare persone o cose non conosciute e non ancora nominate all'interno del discorso.;c) Presenta qualcuno o qualcosa in modo generico, senza identificarlo con precisione.;d) Si usa per indicare qualcuno o qualcosa già noto a chi parla e a chi ascolta oppure già citato nel discorso.;4
Le preposizioni:;a) Lungo, salvo, vicino, secondo (aggettivi) sono preposizioni proprie.;b) Servono a precisare la funzione sintattica di un nome, pronome o espressio ne nominale, cui generalmente sono premesse.;"c) Improprie si
distinguono in semplici e articolate.";d) Proprie sono aggettivi, forme verbali o avverbi che funzionano da preposizioni quando precedono un nome o un pronome per esprimere un complemento indiretto.;2
"Nella frase ""L'interrogazione di ieri è stata impegnativa"", ""impegnativa"" è:";a) Aggettivo qualificativo, femminile, plurale, derivato, di grado positivo.;b) Aggettivo qualificativo, maschile, singolare, derivato, di grado positivo.;c) Aggettivo qualificativo, femminile, singolare, primitivo, di grado comparativo.;d) Aggettivo qualificativo, femminile, singolare, derivato, di grado positivo.;4
Gli aggettivi qualificativi si possono dividere, in base al modo in cui formano il femminile e il plurale, in quattro gruppi: aggettivi della prima classe, della seconda, della terza e invariabili. Gli aggettivi della terza classe:;"a) Terminano al singolare in -a; hanno due desinenze per il singolare e una desinenza per il plurale.";b) Hanno una sola forma per entrambi i generi e i numeri.;"c) Terminano al singolare in -a; hanno una desinenza per il singolare e due desinenze per il plurale.";"d) Terminano al maschile singolare in -o; variano sia nel genere che nel numero, presentando quattro desinenze diverse.";3
In quale delle frasi proposte è presente una preposizione impropria?;a) Tornerò a casa con Loredana.;b) Alberto abita al secondo piano.;c) Secondo me, hai torto.;d) Sono stato escluso dalla gara.;3
Sono comparativi di maggioranza:;a) Migliore, ottimo.;b) Ottimo, massimo.;c) Migliore, minore.;d) Minore, massimo.;3
Sono locuzioni congiuntive:;a) E, anche, ma.;b) Perciò, oppure, pertanto.;c) Oppure, neanche, sebbene.;d) Anche se, visto che, per il fatto che.;4
"Nella frase: ""Mirko è il più giovane della sua classe"", ""il più giovane"" è:";a) Aggettivo qualificativo, maschile, singolare, di grado superlativo assoluto.;b) Aggettivo qualificativo, maschile, plurale, di grado superlativo relativo.;c) Aggettivo qualificativo, maschile, singolare, di grado superlativo relativo.;d) Aggettivo qualificativo, femminile, singolare, di grado superlativo relativo.;3
Si usa l'articolo:;a) Con i nomi propri di persona, città e piccola isola, tranne quando accompagnati da un aggettivo o da una determinazione.;b) Davanti ai nomi che formano con il verbo un'espressione unica o che si trovano in frasi negative.;c) Partitivo davanti ai nomi singolari non numerabili.;d) Determinativo con i nomi comuni di parentela singolari.;3
Gli avverbi che hanno una forma non scomponibile in unità minori sono detti:;a) Composti.;b) Semplici.;c) Derivati.;d) Alterati.;2
Con riferimento all'uso dei comparativi e dei superlativi, indicare l'opzione errata.;a) È lo sbaglio più enorme che potessi fare.;b) Alberto è migliore di te.;c) È un errore minimo.;d) Ti credi superiore?;1
Gli aggettivi qualificativi si possono dividere, in base al modo in cui formano il femminile e il plurale, in quattro gruppi: aggettivi della prima classe, della seconda, della terza e invariabili. Gli aggettivi della prima classe:;"a) Terminano al singolare in -e; hanno solo due desinenze.";b) Terminano al singolare in -a, hanno una desinenza per il singolare e due desinenze per il plurale.;"c) Terminano al maschile singolare in -o; variano solo nel genere, presentando due desinenze diverse.";"d) Terminano al maschile singolare in -o; variano sia nel genere che nel numero, presentando quattro desinenze diverse.";4
La congiunzione è:;a) Subordinante se collega parole o frasi ponendole sullo stesso piano.;b) Coordinante se collega parole o frasi ponendole sullo stesso piano.;c) Composta se è formata da due o più parole scritte separatamente.;d) Locuzione congiuntiva se è formata dall'unione di due o più parole.;2
Appartengono agli aggettivi qualificativi della seconda classe:;a) Gentile e capace.;b) Bello e gentile.;c) Altruista capace.;d) Bello e altruista.;1
Indicare in quale frase è presente una locuzione avverbiale di luogo?;a) Non partirò nemmeno io.;b) La notizia è certamente attendibile.;c) Che tempo fa da quelle parti?;d) Sei piuttosto disordinata.;3
"Nella frase: ""Andiamo fuori: dentro fa un gran caldo!"", ""fuori"" e ""dentro"" sono:";a) Locuzioni avverbiali di tempo.;b) Avverbi di modo.;c) Locuzioni avverbiali di quantità.;d) Avverbi di luogo.;4
In quale fra le frasi proposte è presente una congiunzione coordinante avversativa?;a) Il mio insegnante è severo, ma preparato.;b) Studio sempre anche la domenica.;c) Nevica, perciò non andrò in motorino.;d) Vuoi la coca cola o l'aranciata?;1
"Nella frase: ""Debora è davvero molto brava"", ""molto brava"" è:";a) Aggettivo qualificativo, femminile, plurale, primitivo, di grado superlativo assoluto.;b) Aggettivo qualificativo, femminile, singolare, primitivo, di grado superlativo assoluto.;c) Aggettivo qualificativo, femminile, singolare, derivato, di grado superlativo assoluto.;d) Aggettivo qualificativo, femminile, singolare, primitivo, di grado superlativo relativo.;2
"Quale tra le seguenti parole è il contrario della parola ""divertente""?";a) Umoristico.;b) Soporifero.;c) Ameno.;d) Sollazzevole.;2
"Quale tra i seguenti è un contrario di ""occulto""?";a) Arcano.;b) Noto.;c) Recondito.;d) Impenetrabile.;2
"Quale tre le seguenti parole NON è un sinonimo della parola ""spiccicare"" ?";a) Dividere.;b) Incollarsi.;c) Separare.;d) Disgiungersi.;2
"Quale tra i seguenti è un contrario di ""agiato""?";a) Facile.;b) Facoltoso.;c) Indigente.;d) Comodo.;3
"Quale tre le seguenti parole NON è un sinonimo della parola ""coprire"" ?";a) Avvolgere.;b) Celare.;c) Rasserenarsi.;d) Ammantare.;3
"Quale tra i seguenti è un contrario di ""cauto""?";a) Arrischiato.;b) Previdente.;c) Ponderato.;d) Guardingo.;1
"Quale tre le seguenti parole NON è un sinonimo della parola ""spiccare"" ?";a) Recidere.;b) Appendere.;c) Staccarsi.;d) Brillare.;2
"Quale tra i seguenti è un contrario di ""coraggioso""?";a) Audace.;b) Ardito.;c) Valoroso.;d) Vile.;4
"""Ci siamo divertiti molto in spiaggia, anche perché il cielo era sereno ed il mare piatto. Sostituisci le parole ""divertiti"", ""sereno"" e ""piatto"" contenute nel periodo tra virgolette, scegliendole tra gli opportuni contrari.";a) Divertiti, sereno, calmo.;b) Nuvoloso, agitato.;c) Tediati, coperto, agitato.;d) Annoiati, terso, piatto.;3
"Quale tra le seguenti parole è il contrario della parola ""giusto""?";a) Salomonico.;b) Ingiusto.;c) Sacrosanto.;d) Diverso.;2
"Nella frase ""Dopo un lungo interrogatorio la polizia ha ottenuto la ... del presunto ladro"", scegli al posto dei puntini di sospensione la parola corretta, tra i seguenti sinonimi, in base al contesto.";a) Confidenza.;b) Rivelazione.;c) Confessione.;d) Riconoscimento.;3
"Quale tra i seguenti è un contrario di ""esitare""?";a) Ardire.;b) Titubare.;c) Tentennare.;d) Tergiversare.;1
"Quale tra i seguenti è un contrario di ""ricchezza""?";a) Lusso.;b) Agio.;c) Opulenza.;d) Ristrettezza.;4
"Nella frase ""In tutta la sua vita Luca è stato sempre un uomo onesto"", con quale contrario si può sostituire la parola ""onesto""?";a) Probo.;b) Integro.;c) Leale.;d) Sleale.;4
"Quale tra i seguenti è un contrario di ""irascibile""?";a) Irritabile.;b) Placido.;c) Fegatoso.;d) Iracondo.;2
"Quale tra i seguenti è un contrario di ""dubbio""?";a) Specchiato.;b) Ambiguo.;c) Opinabile.;d) Incerto.;1
"Nella frase ""Il verdetto della corte è sembrato corretto"" con quale contrario si può sostituire la parola ""corretto""?";a) Valido.;b) Aggiustato.;c) Curato.;d) Fazioso.;4
"Quale tre le seguenti parole NON è un sinonimo della parola ""splendere"" ?";a) Sfavillare.;b) Sfolgorare.;c) Smagliare.;d) Oscurare.;4
"Quale tre le seguenti parole NON è un sinonimo della parola ""seppellire"" ?";a) Arenare.;b) Sotterrare.;c) Tumulare.;d) Alimentare.;4
"Quale tra le seguenti parole non è il contrario della parola ""urlare""?";a) Sussurrare.;b) Mormorare.;c) Bisbigliare.;d) Latrare.;4
"Quali tra i seguenti prefissi significano ""sotto"" o indicano una quantità inferiore?";a) Ipo-, Sub-, Sotto-;b) Bi-, Bis-, Ambi-;c) Ultra-, Iper-, Stra-, Super-, Extra-, Arci-;d) Dis-, In-, S-, Non-, Anti-;1
Quale, tra i seguenti prefissi, esprime una mancanza?;a) Stra-;b) Bi-;c) A-;d) Neo-;3
I suffissi -ano, -igiano, -ese, -ino indicano:;a) Un ambiente di lavoro;b) Una possibilità;c) Un contenitore;d) La provenienza da un luogo;4
"Quale, tra i seguenti prefissi, indica il significato di ""nuovo""?";a) Ipo-;b) Neo-;c) Bis-;d) Dis-;2
"Il prefisso ""bis"" significa:";a) Prima;b) Nuovo;c) Mancanza;d) Due volte;4
I suffissi -aio, -ificio, -eria, -oria, -ile, -ato indicano:;a) Un luogo o un ambiente di lavoro;b) Un'azione;c) La provenienza da un luogo;d) Una caratteristica dell'oggetto;1
Quali tra i seguenti prefissi esprimono una quantità grande o addirittura esagerata?;a) A-, An-;b) Ultra-, Iper-, Stra-, Super-, Extra-, Arci-;c) Ipo-, Sub-, Sotto-;d) Bi-, Bis-, Ambi-;2
Quali tra i seguenti prefissi esprimono il contrario della parola di partenza?;a) Inter-, Infra-;b) Dis-, In-, S-, Non-, Anti-;c) Ultra-, Iper-, Stra-, Super-, Extra-, Arci-;d) Co-, Con-, Com-;2
Nella formazione delle parole _____.;a) Sia i suffissi che i prefissi si attaccano alla destra del lessema.;b) I prefissi si attaccano alla sinistra del lessema, i suffissi a destra.;c) I suffissi si attaccano alla sinistra del lessema, i prefissi a destra.;d) Sia i suffissi che i prefissi si attaccano alla sinistra del lessema.;2
"Quale, tra i seguenti prefissi, indica il significato di ""prima""?";a) Ante-;b) Ultra-;c) Inter-;d) Sub-;1
Quali tra i seguenti prefissi indicano compagnia?;a) Dis-, In-, S-, Non-, Anti-;b) A-, An-;c) Ultra-, Iper-, Stra-, Super-, Extra-, Arci-;d) Co-, Con-, Com-;4
I suffissi -aggine, -anza, -ia, -izia, -ezza, -igia indicano:;a) Una qualità o un difetto;b) Un'azione;c) Un lavoro o un'attività;d) La provenienza da un luogo;1
I suffissi -abile, -ibile indicano:;a) Una possibilità;b) La provenienza da un luogo;c) Un contenitore;d) Un ambiente di lavoro;1
"Il prefisso ""inter"" significa:";a) Prima;b) Meno;c) Sotto;d) Fra;4
I suffissi -ata, -ura, -enza, -zione indicano:;a) La provenienza da un luogo;b) Un'azione;c) Un ambiente di lavoro;d) Un contenitore;2
In quali parole sono presenti prefissi di opposizione?;a) Controsenso, contraereo.;b) Subnormale, interregno.;c) Traforare, retromarcia.;d) Architrave, ultrapiatto.;1
"""Mangiucchiare"", ""Parlottare"", ""Tagliuzzare"". Nelle precedenti parole, quali tipi di suffissi alterativi sono presenti?";a) Accrescitivi.;b) Peggiorativi.;c) Diminutivi.;d) Vezzeggiativi.;3
"""-ino, -icino, -icello"" sono suffissi che indicano:";a) Piccolezza oltre il normale.;b) Grandezza oltre il normale.;c) Antipatia, disprezzo.;d) Cattiva qualità.;1
"""Figliolo"", ""Cavalluccio"", ""Labbruzzo"". Nelle precedenti parole, quali tipi di suffissi alterativi sono presenti?";a) Vezzeggiativi.;b) Accrescitivi.;c) Peggiorativi.;d) Diminutivi.;1
"""accione, acchione, -one"" sono suffissi che indicano:";a) Simpatia, grazia in qualcosa di piccole dimensioni.;b) Grandezza oltre il normale.;c) Cattiva qualità, disprezzo.;d) Piccolezza, oltre il mormale.;2
Quali nomi, rispetto alla struttura, fra i seguenti, sono primitivi?;a) Pasto, giovanotto, viuzza.;b) Pirati, prigionieri, pescecani.;c) Albero, bordo, bestia.;d) Pasto, ragazzina, parapetto.;3
Quali prefissi hanno significato di avvicinamento?;"a) A(d); entro-; i(n).";"b) A(d); entro-; extra-.";"c) Re-; entro-; ante-.";"d) Pos(t); entro-; i(n).";1
In quali parole sono presenti prefissi di negazione?;a) Entroterra, endoscopio.;b) Extracomunitario, fuorisede.;c) Antesignano, precanceroso.;d) Insensibile, analfabeta.;4
Quali parole, fra le seguenti, sono primitive?;a) Facile, sleale, ratto.;b) Facilmente, leale, ratto.;c) Facilmente, sleale, derattizzazione.;d) Facile, leale, ratto.;4
Indicare il nome non alterato fra i seguenti.;a) Ragazza.;b) Poesiola.;c) Sorsetto.;d) Casupola.;1
"""Lavoraccio"", ""Omuncolo"", ""Plebaglia"". Nelle precedenti parole, quali tipi di suffissi alterativi sono presenti?";a) Peggiorativi.;b) Diminutivi.;c) Vezzeggiativi.;d) Accrescitivi.;1
Quale nome, rispetto alla struttura, fra i seguenti, è derivato?;a) Passo.;b) Asse.;c) Ora.;d) Passeggiata.;4
In quali parole sono presenti prefissi di allontanamento, separazione?;a) Immorale, riamare.;b) Dirottare, sfornare.;c) Reimbarcare, anticamera.;d) Degustare, asociale.;2
"""Co-, Con-, Com-"" sono prefissi che indicano:";"a) Il significato di ""prima"".";b) Compagnia.;"c) Il significato di ""oltre, al di là"".";d) Mancanza.;2
In quali parole sono presenti prefissi di opposizione, avversione, antagonismo verso qualcosa?;a) Ipocalorico, sottoscala.;b) Surreale, oltremare.;c) Antischiavista, antidemocratico.;d) Interregno, frapporre.;3
"Nella frase ""L'estate ha prosciugato il torrente"", ""estate"" è:";a) Una espressione denotativa.;b) Una metàfora.;c) Una metonimia.;d) Una antonomàsia.;3
"Quale tra i seguenti è un contrario di ""lampante""?";a) Lapalissiano.;b) Confutabile.;c) Palese.;d) Manifesto.;2
"Quale tre le seguenti parole NON è un sinonimo della parola ""dirimere"" ?";a) Sciogliere.;b) Unire.;c) Appianare.;d) Risolvere.;2
In quale gruppo dei seguenti, tutti i nomi derivati presentano un suffisso?;a) Eroismo, disaccordo, macelleria.;b) Gelataio, macelleria, goffaggine.;c) Goffaggine, antieroe, gelataio.;d) Gelataio, preallarme, imperizia.;2
Quale tra i seguenti gruppi di nomi è invariabile?;a) Autista, sport, re, mano.;b) Crisi, poeta, gorilla, moglie.;c) Oasi, Brindisi, gru, serie.;d) Boia, eco, metropoli, becco.;3
Quale di questi nomi non è al genere comune?;a) Parente.;b) Professore.;c) Ospite.;d) Erede.;2
"Nella frase ""Quelle scarpe sono orrende oltre che costose "", sostituisci le parole tra ""orrende"" e ""costose"" scegliendole tra gli opportuni contrari.";a) Belle, care.;b) Stupende, dispendiose.;c) Splendide, convenienti.;d) Brutte, economiche.;3
Quale definizione è esatta e completa?;a) I nomi non sono le parole che servono a designare le cose, reali, immaginate e astratte: persone, cose, animali, oggetti, luoghi, fatti, azioni, idee, sentimenti.;b) I nomi sono le parole che servono a designare le cose, reali.;c) I verbi sono le parole che servono a designare le cose, reali, immaginate e astratte: persone, cose, animali, oggetti, luoghi, fatti, azioni, idee, sentimenti.;d) I nomi sono le parole che servono a designare le cose, reali, immaginate e astratte: persone, cose, animali, oggetti, luoghi, fatti, azioni, idee, sentimenti.;4
"L'espressione ""Lucia quando cammina è una lumaca"":";a) Contiene una metafora.;b) Contiene una metonimia.;c) Ha significato proprio.;d) Contiene un'antonomasia.;1
"Quale tra i seguenti è un contrario di ""mendace""?";a) Simulatore.;b) Falso.;c) Veritiero.;d) Imbroglione.;3
"Nella frase ""Nonostante la sua aria svagata, Lucia ha un buon naso per gli affari"", ""naso"" è:";a) Una metàfora.;b) Una espressione denotativa.;c) Una antonomàsia.;d) Una metonimia.;4
Quale delle seguenti coppie di parole non è formata da due sinonimi?;a) Moderazione/sobrietà.;b) Felicità/contentezza.;c) Fiore/foglia.;d) Paura/terrore.;3
"Nelle due frasi 1)""L'insegnante ha letto il tema di Ugo"" e 2) ""Se non vai a letto presto domani sarai stanca"", le due parole ""letto"" che relazione hanno?";a) Sono metonimie.;b) Sono omonime.;c) Sono metafore.;d) Non hanno alcuna relazione.;2
"Nelle frasi 1) ""Prima di andare a dormire chiudi la porta"" e 2) ""Mia madre porta sempre il ciondolo che le ho regalato"" che relazione esiste tra le due parole ""porta""?";a) Sono metonimie.;b) Sono omonime.;c) Non sono omonime.;d) Sono sinonime.;2
"Quale tra i seguenti è un contrario di ""pernicioso""?";a) Giovevole.;b) Infesto.;c) Deleterio.;d) Dannoso.;1
"Nel periodo ""Sai che la mia insegnante di matematica è la moglie di Luca, il segretario della nostra scuola? Abitano nella villetta di via Cavour vicino alla casa di tuo fratello"", moglie è un nome indipendente. Quale altro tra i seguenti lo è?";a) Insegnante.;b) Segretario.;c) Fratello.;d) Cavour.;3
"Quale tre le seguenti parole NON è un sinonimo della parola ""convenire"" ?";a) Assentire.;b) Affluire.;c) Approvare.;d) Diramarsi.;4
"Qual è il singolare dell'espressione ""degli gnocchi""?";a) Un gnocco.;b) Il gnocco.;c) Uno gnocco.;d) Lo gnocco.;3
I nomi composti da cap+nome formano in modo particolare il plurale, trova l'errore.;a) Il capofila/i capifila.;b) Il capoufficio/i capouffici.;c) Il capoverso/i capoversi.;d) Il capostipite/i capostipiti.;2
"Quale tra i seguenti è un contrario di ""astruso""?";a) Chiaro.;b) Ermetico.;c) Cervellotico.;d) Lambiccato.;1
"Quale tra i seguenti è un contrario di ""nequizia""?";a) Scelleratezza.;b) Perversità.;c) Iniquità.;d) Giustizia.;4
Quali tra i seguenti è un nome composto?;a) Latteria.;b) Pescecane.;c) Lattosio.;d) Orsacchiotto.;2
"Quale tre le seguenti parole NON è un sinonimo della parola ""panegirico"" ?";a) Sviolinata.;b) Censura.;c) Encomio.;d) Apologia.;2
Quale dei seguenti nomi cambia nella forma plurale?;a) Gorilla.;b) Biro.;c) Effigie.;d) Euro.;3
"Indicare tra le seguenti alternative un sinonimo della parola ""prodromo"":";a) Effetto.;b) Esito.;c) Conseguenza.;d) Avvisaglia.;4
"Nella frase ""Il gatto di Federico è molto ingrassato: è evidente che la dieta è stata inutile."" Sostituisci le parole ""ingrassato"" e ""inutile"", scegliendole tra gli opportuni contrari.";a) Pingue, inconcludente.;b) Dimagrito, vana.;c) Dimagrito, fruttuosa.;d) Sgrassato, inane.;3
Uno di questi gruppi di nomi è composto da nomi difettivi, privi di plurale o singolare, individualo.;a) Vacanze, viaggi, gite, passeggiate.;b) Spose, cerimonie, anelli, maglioni.;c) Nozze, pantaloni, riso, ferie.;d) Torta, biscotto, bistecca, pietanza,.;3
Quale gruppo di nomi è formato solo da nomi non numerabili?;a) Acqua, telefono, quaderno.;b) Sedia, tovaglia, piatto.;c) Varicella, acqua, pepe.;d) Varicella, matita, bicchiere.;3
In quale di queste frasi è presente un aggettivo al grado superlativo relativo?;a) Il protagonista è un attore molto famoso.;b) Omar è il più alto dei suoi compagni di squadra.;c) Una nebbia fittissima avvolgeva l'aeroporto.;d) Gli abiti di lana sono più caldi di quelli di cotone.;2
"Nella frase ""Prima del semaforo...a destra"" inserisci al posto dei puntini di sospensione il corretto verbo, sceglilo tra i seguenti sinonimi, in base al contesto.";a) Curva.;b) Gira.;c) Ruota.;d) Vai in giro.;2
"Indicare tra le seguenti alternative un sinonimo della parola ""commistione"":";a) Mescolanza.;b) Combustione.;c) Purezza.;d) Lavaggio.;1
"Quante forme possono assumere in rapporto al genere e al numero gli aggettivi ""irriducibile"" e ""occasionale""?";a) 4.;b) 3.;c) 2.;d) 1.;3
"Quali tra questi nomi che finiscono in ""o"" è femminile?";a) Mondo.;b) Ragno.;c) Dinamo.;d) Tempo,.;3
"I nomi della frase ""Mia sorella e mia madre sono donne molto diverse"":";a) Sono nomi indipendenti.;b) Presentano un falso cambiamento di genere.;c) Sono nomi che possono indicare genere sia femminile che maschile.;d) Sono nomi di genere comune.;1
Quali dei seguenti nomi non ha la forma singolare?;a) Erbacce.;b) Piatti.;c) Superfici.;d) Ori.;4
"Quale tra i seguenti è un contrario di ""rintuzzare""?";a) Appuntire.;b) Reprimere.;c) Smussare.;d) Controbattere.;1
Quale gruppo di nomi è formato solo da nomi collettivi?;a) Cantore, spettatore, navi.;b) Flotta, fogliame, coro.;c) Pubblico, gatto, cuscino.;d) Scolaresca, amore, parco.;2
"Indicare tra le seguenti alternative un sinonimo della parola ""accomiatare"":";a) Permanere.;b) Congedare.;c) Giungere.;d) Fermarsi.;2
"Qual è il contrario di ""stantia""?";a) Rancida.;b) Fragrante.;c) Obsoleta.;d) Stagionata.;2
"Nella frase ""Il maestro ""ha elogiato"" gli alunni per gli ""ottimi"" voti ottenuti all'esame."" Sostituisci le parole tra virgolette, scegliendole tra gli opportuni contrari.";a) Ha ammonito, insoddisfacenti.;b) Ha encomiato, eccellenti.;c) Ha sgridato, sufficienti.;d) Ha premiato, buoni.;1
"Nella frase ""Sei davvero una persona scontrosa: un orso!"", ""orso"" è:";a) Una metàfora.;b) Una metonimia.;c) Una espressione denotativa.;d) Una antonomàsia.;1
Quale delle seguenti frasi contiene un aggettivo derivato?;a) Hanno affisso nuovi manifesti lungo la via.;b) Sono stanca di questo lavoro: mi piacerebbe cambiarlo.;c) Ha chiamato Sara per ringraziarti del bel regalo.;d) Il cielo era così nuvoloso che abbiamo preferito rimandare la gita.;4
"Quale tre le seguenti parole NON è un sinonimo della parola ""esigere"" ?";a) Necessitare.;b) Richiedere.;c) Pretendere.;d) Rinunciare.;4
"Quale tra i seguenti è un contrario di ""avulso""?";a) Separato.;b) Distaccato.;c) Collegato.;d) Estraneo.;3
"L'espressione ""Avere un cervello"" contiene una:";a) Una metàfora.;b) Una personificazione.;c) Una antonomàsia.;d) Una metonimia.;4
Quale tra queste è l'affermazione corretta?;a) I nomi derivati sono anche detti primitivi.;b) I nomi derivati sono nomi che non derivano da nessun'altra parola della lingua italiana.;c) I nomi derivati esprimono sfumature qualitative o quantitative del significato della parola da cui derivano.;"d) I nomi derivati sono
nomi che hanno preso
origine da altre parole.";4
"Quale tra i seguenti è un contrario di ""pusillanime""?";a) Pavido.;b) Pavoroso.;c) Miserabile.;d) Audace.;4
Quale tra i seguenti è contrario di precipitoso?;a) Avvizzito;b) Gracile;c) Prudente;d) Codardo;3
Quale è la radice di fioreria?;a) Fio;b) Fiorer;c) Fior;d) Fiore;3
Quale tra i seguenti è un suffisso diminutivo?;a) -ello;b) -one;c) -ucolo;d) -astro;1
"Individuare la coppia ""parola-contrario"" che non è corretta:";a) Sovrabbondante - esiguo;b) Torbido - cristallino;c) Ermetico - impenetrabile;d) Ordinario - inaudito;3
Quale è la radice di latticini?;a) Latt;b) La;c) Lat;d) Latti;1
Completare la serie con un altro sinonimo di colto: erudito, dotto ...;a) Astuto;b) Istruito;c) Elegante;d) Analfabeta;2
Quale è la radice di vetrata?;a) Vetr;b) Vet;c) Ve;d) Vetra;1
Quale tra i seguenti non è un nome derivato bensì primitivo?;a) Canile;b) Celeste;c) Gelataio;d) Amore;4
Eliminare l'intruso: solerte, zelante, alacre, inoperoso, indefesso, sollecito.;a) Solerte;b) Zelante;c) Alacre;d) Inoperoso;4
Quale è la radice di acquazzone?;a) Acq;b) Ac;c) Acqu;d) Acqua;3
Eliminare l'intruso: manesco, mansueto, facinoroso, rissoso, veemente, aggressivo.;a) Veemente;b) Manesco;c) Mansueto;d) Facinoroso;3
Individuare quale tra i seguenti nomi composti è formato dall'unione preposizione + nome.;a) Oltretomba;b) Cassapanca;c) Cassaforte;d) Posapiano;1
Individuare quale tra i seguenti nomi composti è formato dall'unione verbo + nome.;a) fuggifuggi;b) Camposanto;c) Apripista;d) Caffelatte;3
quale tra i seguenti è un nome difettivo che viene utilizzato solamente al plurale?;a) Cerimonie;b) Nozze;c) Tradimenti;d) Anelli;2
Eliminare l'intruso: imponente, maestoso, irrilevante, grandioso, prestante.;a) Irrilevante;b) Maestoso;c) Prestante;d) Grandioso;1
Quale tra i seguenti è sinonimo di mendace?;a) Inaudito;b) Fallace;c) Austero;d) Veridico;2
quale tra i seguenti è un nome difettivo che viene utilizzato solamente al singolare?;a) Ossigeno;b) Piedistallo;c) Silenzio;d) Contestazione;1
Completare la serie con un altro sinonimo di moderato: contenuto, mitigato ...;a) Reazionario;b) Loquace;c) Morigerato;d) Introverso;3
Quale tra i seguenti è sinonimo di determinato?;a) Avventato;b) Tempestivo;c) Risoluto;d) Dubbioso;3
Quale tra i seguenti non è un nome derivato bensì primitivo?;a) Spalla;b) Solare;c) Saliera;d) Stradario;1
"Individuare la coppia ""parola-contrario"" che non è corretta:";a) Solerte - indolente;b) Caritatevole - spilorcio;c) Affettuoso - premuroso;d) Timido - ardito;3
Individuare quale tra i seguenti nomi composti è formato dall'unione nome + nome.;a) Lavastoviglie;b) Rossonero;c) Galantuomo;d) Compravendita;4
Quale tra i seguenti è un suffisso accrescitivo?;a) -ona;b) -accia;c) -ina;d) -etta;1
Individuare, tra le proposte fornite, l'accrescitivo.;a) Regaluccio;b) Saporaccio;c) Quadernone;d) Vestitino;3
Individuare, tra le proposte fornite, il diminutivo.;a) Ladruncolo;b) Pennellone;c) Pensierino;d) Tesoruccio;3
quale tra i seguenti è un nome difettivo che viene utilizzato solamente al singolare?;a) Frontiera;b) Edificio;c) Coraggio;d) Desiderio;3
Quale tra i seguenti non è un nome derivato bensì primitivo?;a) Veliero;b) Scolaro;c) Scarpa;d) Testardo;3
Individuare, tra le proposte fornite, il dispregiativo.;a) Matitina;b) Problemone;c) Ragazzaccio;d) Amorino;3
Quale tra i seguenti è un suffisso dispregiativo?;a) -etto;b) -olo;c) -astro;d) -ino;3
Individuare quale tra i seguenti nomi composti è formato dall'unione verbo+ verbo.;a) Altopiano;b) Apribottiglie;c) Saliscendi;d) Guastafeste;3
Quale tra i seguenti non è un nome derivato bensì primitivo?;a) Mercato;b) Manico;c) Grano;d) Pineta;3
Individuare, tra le proposte fornite, il vezzeggiativo.;a) Papone;b) Cuginastro;c) Sorellastra;d) Ziuccia;4
quale tra i seguenti è un nome difettivo che viene utilizzato solamente al plurale?;a) Dolori;b) Vacanze;c) Congratulazioni;d) Feste;3
Quale tra i seguenti è un suffisso vezzeggiativo?;a) -astro;b) -uccio;c) -accio;d) -one;2
Quale è la radice di portinaio?;a) Porti;b) Por;c) Port;d) Po;3
Indicare il sinonimo di vitreo.;a) Fermo.;b) Espressivo.;c) Vivace.;d) Vivo.;1
"A seconda del contesto ""ci"" può avere diversi valori. In quale frase ha valore di pronome personale riflessivo reciproco?";a) Non ci danno mai ascolto.;b) Non ci posso credere.;c) Ci stimiamo molto.;d) Non ci parla più.;3
Indicare in quale frase il verbo ha funzione intransitiva.;a) Cecilia guarda Guia.;b) Il medico assiste i suoi pazienti.;c) Rachele si è dipinta in quel quadro.;d) Questo pacco pesa troppo.;4
"In quale frase ""uno/una"" svolge la funzione di pronome indefinito?";a) Compra due chili di banane e uno di albicocche.;b) In un anno è andato a Roma trenta volte.;c) È venuta una a portare questo.;d) Vorrei uno zaino nuovo.;3
Indicare il sinonimo di glaciale.;a) Passionale.;b) Disumano.;c) Affabile.;d) Amabile.;2
Indicare in quale delle seguenti frasi l'uso del pronome personale è corretto.;a) Farò come hai fatto te.;b) Dimmelo tu.;c) Te sei proprio un'amica.;d) Parlagli te.;2
Indicare in quale frase il verbo ha funzione transitiva.;a) Questa bella tovaglia è stata ricamata da Felice.;b) Tu conti per me.;c) Il tempo è cambiato.;d) Ho assistito alla tua lezione.;1
"In quale frase il pronome relativo ""che"" svolge la funzione di soggetto?";a) La ragazza che vedi là è mia sorella.;b) La mostra che visiteremo è davvero noiosa.;c) Non conosco la donna che parlava con Paolo.;d) Il libro che leggo è divertente.;3
Qual è il contrario di tracotante?;a) Prepotente.;b) Modesto.;c) Superbo.;d) Arrogante.;2
"In quale frase la particella ""si"" ha valore riflessivo proprio?";a) Oggi si legge poco.;b) Omar si lava.;c) Omar si lava i capelli.;d) Si deve dire la verità.;2
Quale fra i seguenti è un esempio di nome composto da: avverbio + aggettivo?;a) Sottomarino.;b) Agrodolce.;c) Benedire.;d) Malessere.;1
Indicare il sinonimo di dispotico.;a) Democratico.;b) Autoritario.;c) Liberale.;d) Benevolo.;2
"Il prefissoide ""-crono"" ha il significato di:";a) Mondo.;b) Tempo.;c) Luce.;d) Popolo.;2
Indicare il sinonimo di allampanato.;a) Esile.;b) Tarchiato.;c) Corpulento.;d) Pingue.;1
I pronomi personali soggetto:;a) Di solito non vengono espressi quando la persona può essere dedotta dalla desinenza del verbo.;b) Non devono essere espressi quando si vuole mettere in contrapposizione il soggetto.;c) Non devono essere espressi quando la persona non può essere chiaramente ricavata dal verbo.;d) Non devono essere espressi quando si vuole mettere in risalto il soggetto.;1
I verbi intransitivi:;a) Hanno sia la forma attiva, che quella passiva e riflessiva.;b) Hanno solo la forma attiva e non ammettono la forma passiva.;c) Oltre alla forma attiva, possono avere la forma passiva.;d) Nei tempi composti richiedono esclusivamente l'ausiliare avere.;2
Quale fra i seguenti è un esempio di nome composto da: aggettivo + nome?;a) Capovolgere.;b) Sempreverde.;c) Dopocena.;d) Mezzaluna.;4
La composizione è il meccanismo con cui si combinano due o più parole per formare una parola nuova, chiamata composto. Esistono tre tipi di composti: stabili, colti e le locuzioni. I primi:;a) Uniscono due parole in una parola unica che è non dotata di significato proprio.;b) Uniscono due parole in una parola unica che è dotata di significato proprio come le parole lavastoviglie, sordomuto, benessere.;c) Sono formati con parole latine o greche che funzionano come prefissi o suffissi e sono perciò chiamate prefissoidi o suffissoidi.;"d) Sono formati
dall'accostamento di due o più parole che, pur rimanendo distinte, esprimono nel loro insieme un significato unico.";2
Indicare, fra le seguenti, la frase grammaticalmente corretta.;a) A me mi piace viaggiare.;b) Se vedo Monica ce lo dico io.;c) Ne vuoi ancora un po' di limonata?;d) Ho incontrato Barbara, ma non le ho parlato.;4
Qual è il contrario di irrecusabile?;a) Indiscutibile.;b) Innegabile.;c) Rifiutabile.;d) Imprescindibile.;3
"In quale frase la particella ""si"" ha valore pronominale?";a) Giada si è pentita, ma si rifiuta di ammetterlo.;b) Si amano e si telefonano sempre.;c) Si è trovato il colpevole?;d) La merce in cambio non si cambierà.;1
"Il suffissoide ""-algia"" ha il significato di:";a) Dolore.;b) Paura.;c) Pazzia.;d) Amore.;1
Quale fra i seguenti è un esempio di nome composto da: verbo + nome?;a) Pianoforte.;b) Pescespada.;c) Tosaerba.;d) Pomodoro.;3
I pronomi:;"a) ""Essa, essi, esse"" si usano esclusivamente per animali o cose.";"b) ""Egli, ella"" non si usano mai per indicare persone già citate.";"c) Di prima e seconda persona, ""io, tu, noi, voi"", non distinguono il genere.";"d) Di prima e seconda persona, ""io, tu, noi, voi"", distinguono il genere.";3
Qual è il contrario di erubescenza?;a) Pallore.;b) Rabbia.;c) Eritema.;d) Arrossamento.;1
"""Che"" può svolgere le funzioni di pronome, aggettivo e congiunzione. Ha funzione di pronome relativo nella frase:";a) Lo farà lui che è più pratico.;b) Non sapevo che fare.;c) Non so a che scuola iscrivermi.;d) Che vedo!;1
In quali casi i pronomi personali soggetto sono regolarmente sostituiti dalle forme pronomi personali complemento me, te, lui, lei, loro?;"a) Quando, preceduti dalla
""congiunzione e"", seguono
un altro pronome soggetto.";b) Dopo come o quanto, ma solo quando il verbo è sottinteso.;c) Nelle esclamazioni prive di verbo.;d) Tra l'altro, in tutti i casi presenti nelle altre alternative di risposta.;4
"""Che"" può svolgere le funzioni di pronome, aggettivo e congiunzione. Ha funzione di pronome relativo nella frase:";a) Che scuola fai?;b) Che caldo!;c) Che dire?;d) Sono loro che ti aiuteranno.;4
Indicare in quale frase il verbo ha funzione intransitiva pronominale.;a) Alberto ha rotto un bicchiere.;b) Martina ha offeso Gaia.;c) Sveglia tuo fratello!;d) Pietro si è offeso.;4
Indicare in quale frase fra quelle proposte il verbo ha forma riflessiva propria.;a) Hai finito di asciugarti?;b) Mi sono spazzolato il cappotto.;c) Alberto e Gabriella si amano.;d) Quei due vogliono sfidarsi.;1
Il pronome relativo:;"a) ""Il quale"" si usa senza preposizioni per sostituire un nome che ha la funzione di soggetto.";"b) ""Il quale"" è invariabile, non concorda in genere e numero con il nome che sostituisce.";"c) ""Che"" è variabile e concorda in genere e numero con il nome che sostituisce.";"d) ""Cui"" è variabile e concorda in genere e numero con il nome che sostituisce.";1
"""Che"" può svolgere le funzioni di pronome, aggettivo e congiunzione. Ha funzione di pronome esclamativo nella frase:";a) Non sapeva che dire.;b) Che mi tocca sentire!;c) Che ragazza profonda!;d) Che freddo!;2
"""Chi"" si trova sempre in funzione di pronome. In quale frase è pronome indefinito?";a) Mi chiedo chi abbia fatto questo quadro.;b) Chi voleva una cosa, chi ne voleva un'altra.;c) C'è sempre chi non sa tacere.;d) Dillo a chi sai tu.;2
"In quale frase ""ne"" ha valore di avverbio di luogo?";a) Ne sono assolutamente certa.;b) Entrò nel garage e non riuscì più a uscirne.;c) Ne parlano come di gente onesta.;d) Mi presti dei soldi? Io non ne ho.;2
I modi verbali indicano la maniera in cui viene presentata l'azione. I modi finiti:;a) Indicano l'azione in modo generico.;b) Non hanno desinenze per definire la persona.;c) Esprimono la modalità dell'azione secondo il punto di vista di chi parla.;d) Sono infinito, gerundio, participio.;3
