Quali, tra le seguenti, non rientra tra le competenze dello S.C.I.C.O.?;a) raccordo informativo e analisi.;b) supporto tecnico.;c) il monitoraggio di indagini poste in essere dai reparti nell'ambito della criminalità organizzata.;d) supporto logistico e operativo.;3
Quale tipologia di variazioni patrimoniali, tra le seguenti, sono soggette all'obbligo di comunicazione per effetto dell'art. 30 della legge n. 646/1982?;a) solo le variazioni nella composizione del patrimonio.;b) le variazioni, nell'entità e/o nella composizione del patrimonio, concernenti elementi di valore non inferiore ad euro 10.329,14.;"c) solo eventuali
decrementi patrimoniali.";d) nessuna delle precedenti.;2
Qual è la naturale destinazione delle disponibilità finanziarie conseguenti agli istituti del sequestro o della confisca?;a) Fondo Efficienza.;b) Fondo Unificato Giustizia.;c) Ufficio corpi di reato del Tribunale.;d) Fondo Unico Giustizia.;4
Quale strumento, tra i seguenti, può essere alternativo qualora non sia possibile procedere al sequestro finalizzato alla confisca ordinaria prevista dal codice penale?;a) dalla multa;"b) dalla confisca ""per equivalente"" di denaro, beni e altre utilità";"c) dalla sanzione
pecuniaria amministrativa";d) dall'ammenda;2
La confisca obbligatoria ex art. 240 c.p. quando, tra le seguenti alternative, può essere disposta?;a) Anche qualora non sia stata pronunciata condanna, con riferimento alle cose che costituiscono prezzo del reato.;b) Dal giudice in caso di condanna, con riferimento alle cose che servirono o furono destinate a commettere il reato ed alle cose che ne costituiscono il prodotto o il profitto.;c) nessuna delle altre alternative è corretta.;"d) Quando vi è
sproporzione tra capacità economica e patrimonio.";1
Fino a quale momento la Commissione parlamentare antimafia garantisce il regime di segretezza di documenti e atti ad essa trasmessi come stabilito dal comma 1 dell'art. 5 della Legge 87/2013?;a) per tre anni.;b) fino a quando sono coperti da segreto.;c) per cinque anni.;d) per due anni.;2
La confisca per equivalente prevista dall'art. 322- ter c.p. per quali reati ne è prevista l'applicazione?;a) Per i reati di riciclaggio.;b) Per il reato di usura.;c) Per i reati di truffa, nelle varie forme.;d) Per i reati contro la Pubblica Amministrazione.;4
In merito all'istituto della confisca per sproporzione prevista dall'art. 12 sexies del D.L. n. 306/1992 quali, tra i seguenti, sono requisiti per la sua applicabilità?;a) La sola irrilevanza del nesso di pertinenzialità.;b) Il solo valore sproporzionato del complesso patrimoniale rispetto al reddito dichiarato o all'attività economica svolta.;c) La sola esistenza di un complesso di elementi patrimoniali attivi di denaro, beni o altre utilità di cui il soggetto sia titolare o abbia, anche per interposta persona fisica o giuridica.;d) Intervento di una condanna o nell'applicazione della pena su richiesta delle parti per alcune specifiche ipotesi di reato.;4
In quale caso il Procuratore Nazionale Antimafia e Antiterrorismo può disporre l'avocazione delle indagini?;a) In caso di mancato coordinamento investigativo tra i Procuratori Distrettuali, imputabile a una perdurante ed ingiustificata inerzia nell'attività di indagine;b) Nessuna delle alternative fornite è corretta;c) In nessun caso;d) Sempre;1
Qual è, tra i seguenti, il principale compito dell'Agenzia Informazioni e Sicurezza Esterna (A.I.S.E.)?;a) Ricercare tutte le informazioni utili alla difesa dei confini politici della Repubblica.;b) Svolgere ogni indagine utile per reprimere attacchi provenienti da soggetti esterni.;c) Ricercare informazioni utili per la difesa della sicurezza interna.;d) Ricerca di informazioni utili e indispensabili alla difesa dell'indipendenza e integrità della Repubblica da eventuali minacce esterne.;4
Come si possono applicare le misure di prevenzione personali e patrimoniali ?;a) non possono essere richieste e applicate disgiuntamente;b) sono alternative fra loro;c) possono essere richieste e applicate disgiuntamente;d) devono essere richieste e applicate disgiuntamente;3
Cosa sono i Gruppi Investigazioni Criminalità Organizzata (G.I.C.O.)?;a) sono articolazioni dei Nuclei di polizia Economico-finanziaria aventi sede nei capoluoghi di distretto di Corte d'Appello, ove sono istituite le Direzioni Distrettuali Antimafia;b) sezioni incardinate presso le Procure della Repubblica aventi sede nei capoluoghi di regione;c) articolazioni presenti presso i Nuclei di polizia economico-finanziaria aventi sede nei capoluoghi di provincia;d) articolazioni presenti presso tutti i Nuclei di polizia economico-finanziaria;1
Per quanti anni vige l'obbligo di comunicazione previsto dall'art. 30 della legge n. 646/1982?;a) Vige per venti anni a decorrere dalla data del decreto ovvero dalla data della sentenza definitiva di condanna.;b) Vige per dieci anni a decorrere dalla data del decreto ovvero dalla data della sentenza definitiva di condanna;c) Vige per cinque anni a decorrere dalla data del decreto ovvero dalla data della sentenza definitiva di condanna.;d) Vige per quindici anni a decorrere dalla data del decreto ovvero dalla data della sentenza definitiva di condanna.;2
"Dove hanno sede le Procure Distrettuali Antimafia
e Antiterrorismo?";a) presso la Corte di Cassazione;b) in ciascun Tribunale circondariale;c) presso ogni Procura della Repubblica;d) presso il Tribunale del capoluogo del distretto di Corte d'Appello;4
A chi sono comunicate, senza ritardo, la composizione e le variazioni della Direzione Distrettuale Antimafia come disposto dall'art. 102 del Codice Antimafia?;a) Al Procuratore Nazionale Antimafia e Antiterrorismo.;b) Al Ministro della Giustizia.;c) Al Consiglio Superiore della Magistratura.;d) Al Procuratore Distrettuale Antimafia.;3
Di quanti e quali organi si compone la struttura dei Servizi d'Informazione per la Sicurezza della Repubblica?;a) 1. Dal Consiglio Supremo di Difesa.;b) 2. Consiglio dei Ministri e Raggruppamento Unità Difesa.;c) 2. D.I.S. e Agenzia Informazioni e Sicurezza Esterna.;d) 3. D.I.S., Agenzia Informazioni e Sicurezza Esterna, Agenzia Informazioni e Sicurezza Interna.;4
Nell'ambito del procedimento penale, in base alla circolare n. 335160/2013 (manuale operativo di criminalità organizzata), quali tipologie di confisca possono essere richieste?;a) Solo una tipologia: confisca per equivalente.;b) Solo due tipologie: confisca ordinaria e confisca per equivalente.;c) Solo una tipologia: confisca ordinaria.;d) Tre tipologie: confisca ordinaria, confisca per equivalente e confisca per sproporzione.;4
Quali requisiti sono richiesti per l'applicazione della confisca per equivalente?;"a) Sussistenza di uno dei reati per cui ne è esplicitamente prevista l'applicazione; la non appartenenza dei beni ad un terzo estraneo; l'impossibilità di rinvenire al prezzo, profitto del reato originario.";"b) La sola non
appartenenza dei beni ad un terzo estraneo.";c) La sola sussistenza di uno dei reati per cui ne è esplicitamente prevista l'applicazione.;d) La sola sproporzione tra il patrimonio illecitamente accumulato e la capacità economica.;1
Ai sensi dell'art. 18 del Codice Antimafia come possono essere disposte le misure di prevenzione patrimoniali?;a) Non possono essere richieste e applicate indipendentemente dalla pericolosità sociale del soggetto proposto.;b) Indipendentemente dalla pericolosità sociale del soggetto proposto per la loro applicazione al momento della richiesta della misura di prevenzione.;c) Possono essere soltanto richieste ma non applicate indipendentemente dalla pericolosità sociale del soggetto proposto per la loro applicazione al momento della richiesta della misura di prevenzione.;d) Non possono essere richieste o applicate indipendentemente dalla pericolosità sociale del soggetto proposto per la loro applicazione al momento della richiesta della misura di prevenzione.;2
Quale tra i seguenti Organismi attualmente ha le competenze che prima erano svolte dal Comitato di Coordinamento per l'Alta Sorveglianza delle Grandi Opere (CCASGO)?;a) Nessuna delle alternative è corretta.;"b) Il Consorzio di
Coordinamento per l'Alta Sorveglianza delle Infrastrutture e degli Insediamenti Prioritari (CCASIIP).";"c) Il Comitato di
Coordinamento per l'Alta Sorveglianza delle Infrastrutture e degli Insediamenti Prioritari (CCASIIP).";d) Il Comitato di Coordinamento per la Sorveglianza delle Infrastrutture e degli Insediamenti (CCSII).;3
Cos'è e di cosa si occupa il Comitato di Coordinamento per l'Alta Sorveglianza delle Infrastrutture e degli Insediamenti Prioritari (CCASIIP)?;a) E' un Organismo incardinato nel Ministero dell'Economia e delle Finanze.;b) E' un Organismo incardinato nel Ministero della Salute.;c) E' un Organismo che costituisce uno degli assi portanti dell'azione di prevenzione e contrasto ai tentativi di infiltrazione della criminalità organizzata nell'economia legale.;d) E' un Organismo che costituisce uno degli assi portanti dell'azione di prevenzione e contrasto ai tentativi di infiltrazione delle compagini dedite al finanziamento del terrorismo nell'economia legale.;3
"Che cosa s'intende per ""indizio"" come sancito anche dalla circolare 335160/2013 del Corpo?";a) Intuizione.;b) Congettura.;c) Fatto ontologicamente certo che, collegato con altri elementi, consente di ricostruire una condotta.;d) Ipotesi.;3
Ai sensi dell'art. 16 del Codice Antimafia a quali soggetti, tra i seguenti, si applicano le misure di prevenzione patrimoniali?;a) Nessuna delle alternative è corretta.;b) Quando viene emessa sentenza definitiva di condanna.;c) Quando viene emessa sentenza di primo grado.;d) Possono essere applicate nei confronti dei medesimi soggetti destinatari delle misure di natura personale.;4
Le indagini patrimoniali, a mente dell'art. 19 del Codice Antimafia, in quali settori si concentrano?;a) Tenore di vita, disponibilità finanziarie, patrimonio e attività economica.;b) Solo sul tenore di vita.;c) Solo sulle disponibilità finanziarie.;d) Solo sul patrimonio.;1
"In cosa consistono le indagini patrimoniali afferenti alle ""disponibilità finanziarie"" di una persona?";a) Riguardano il tenore di vita del soggetto.;b) Si concentrano sul potere economico complessivo dell'indiziato come il risparmio del reddito, l'impiego dei beni.;c) Riguardano eventuali attività produttive di reddito.;d) Riguardano il complesso indistinto di beni mobili e immobili conservato in forma monetaria o finanziaria.;4
In caso di morte del soggetto proposto è possibile proporre l'applicazione delle misure di prevenzione patrimoniali?;a) No;b) Dipende dall'entità della misura patrimoniale;c) Sì;d) Soltanto se congiuntamente all'applicazione di una misura personale;3
Qual è la durata dell'incarico di Procuratore Nazionale Antimafia e Antiterrorismo?;a) Quattro anni.;b) Tre anni.;c) Nove anni.;d) Cinque anni.;1
E' possibile iniziare o proseguire il procedimento di prevenzione patrimoniale nei confronti di persona sottoposta ad una misura di sicurezza detentiva o alla libertà vigilata?;a) Dipende dalla durata della misura detentiva;b) Sì;c) Dipende dall'entità della misura patrimoniale;d) No;2
"Qual è la durata dell'incarico di Procuratore Nazionale Antimafia ""aggiunto""?";a) Nove anni.;b) Quattro anni.;c) Due anni.;d) Cinque anni.;3
La Procura Nazionale Antimafia e Antiterrorismo in quale anno è stata istituita e a quale impianto normativo fa riferimento?;a) Nel 1929 con la legge 7 gennaio n. 4.;b) Nel 2000 con la legge 27 luglio n. 212.;c) Nel 1990 con la legge 7 agosto n. 241.;d) Nel 1992 con la legge 20 gennaio n. 8.;4
Come viene effettuato il raffronto tra il reddito dichiarato e il patrimonio disponibile?;a) In modo globale.;b) In modo sintetico.;c) In modo presunto, essendo sufficienti meri calcoli statistici.;d) In modo analitico, essendo necessario accertare l'illecita provenienza di ogni singolo bene.;4
Per quali tipologie di reati è competente il Servizio Centrale Investigazione Criminalità Organizzata della Guardia di Finanza?;a) Per i reati previsti dall'art. 50 c.p.p. e dall'art. 240. c.p.;b) Per il reato di furto aggravato.;c) A contrasto dei reati previsti dall'art. 51 comma 3-bis c.p.p. e dall'art. 270 e ss. c.p. relativamente alle associazioni con finalità sovversive, di terrorismo e di eversione.;d) Per qualsiasi reato da chiunque commesso.;3
A cosa attengono le indagini finalizzate all'applicazione di una misura di prevenzione patrimoniale?;a) il tenore di vita, il patrimonio, l'attività economica, le disponibilità finanziarie;b) il tenore di vita, l'attività economica, le disponibilità finanziarie, ma mai il patrimonio, in quanto sottratto ad ogni accertamento;c) i soli redditi non dichiarati;d) soltanto il tenore di vita;1
Per quanto concerne il procedimento di prevenzione, ai sensi dell'art. 18 comma 5 del D.Lgs. 159/2011, cosa è possibile fare?;a) è possibile iniziare, ma non proseguire, il procedimento di prevenzione patrimoniale nei confronti di persona sottoposta ad una misura di sicurezza detentiva o alla libertà vigilata;b) non è possibile iniziare o proseguire il procedimento di prevenzione patrimoniale nei confronti di persona sottoposta ad una misura di sicurezza detentiva o alla libertà vigilata;c) è possibile proseguire, ma non iniziare, il procedimento di prevenzione patrimoniale nei confronti di persona sottoposta ad una misura di sicurezza detentiva o alla libertà vigilata;d) è possibile iniziare o proseguire il procedimento di prevenzione patrimoniale nei confronti di persona sottoposta ad una misura di sicurezza detentiva o alla libertà vigilata;4
I beni patrimoniali, tra le seguenti opzioni, come vengono valutati ai fini del giudizio di sproporzione per una proposta ablativa?;a) andranno valutati globalmente, dimostrando la sussistenza dei requisiti necessari a confermare il quadro indiziario, ossia: disponibilità in capo al soggetto sottoposto ad indagini, sproporzione rispetto ai redditi lecitamente prodotti;b) andranno valutati uno per uno, dimostrando, per ciascuno, la sussistenza dei requisiti necessari a confermare il quadro indiziario, ossia: disponibilità in capo al soggetto sottoposto ad indagini, sproporzione rispetto ai redditi lecitamente prodotti;c) nessuna delle alternative proposte è corretta;d) andranno valutati uno per uno, non dando alcuna giustificazione sui redditi illecitamente prodotti;2
"Cosa vuole indicare il termine ""concorso"" dello S.C.I.C.O. alle attività investigative dei G.I.C.O.?";a) Un affiancamento a distanza gestito tramite una mera circolarità informativa.;"b) Una ""qualificata"" attività di collaborazione e di cooperazione fornita a supporto.";c) Una sostanziale avocazione dell'indagine da parte dello S.C.I.C.O.;d) Un'attività di consulenza tecnica.;2
Quali funzioni, tra le seguenti, sono esercitate dal Procuratore Nazionale Antimafia e Antiterrorismo?;a) Esclusivamente funzioni di coordinamento investigativo antimafia e antiterrorismo;b) Esclusivamente funzioni di prevenzione antimafia e antiterrorismo;c) Nessuna delle alternative fornite è corretta;d) Funzioni di coordinamento investigativo e di prevenzione antimafia e antiterrorismo;4
Qual è l'esatta collocazione ordinativa per definizione dei G.I.C.O.?;a) dove ci sono le Procure della Repubblica presso i Tribunali dei minori;b) dove hanno sede le direzioni distrettuali antimafia presso i Tribunali del capoluogo del distretto di Corte d'Appello;c) dove ci sono le Procure della Repubblica presso i Tribunali ordinari collegiali;d) dove ci sono le Procure della Repubblica presso i Tribunali ordinari;2
Nell'ambito della procedura per l'applicazione di misure di prevenzione patrimoniali ai sensi del Codice Antimafia, come si svolge e prosegue il procedimento in caso di morte del soggetto proposto?;a) è sospeso sino a data da destinarsi;b) si estingue;c) si interrompe;d) può proseguire nei confronti degli eredi o comunque degli aventi causa;4
Con l'acronimo G.O.A. a quali articolazioni ci si riferisce?;a) Gruppo Operativo Antifrode;b) Gruppo Operativo Anticontraffazione;c) Gruppo Operativo Antidroga;d) Gruppo Antincendio;3
I Nuclei PEF hanno competenza in materia di criminalità organizzata nell'ambito della missione istituzionale?;a) Si, hanno competenza solo per la verifica della posizione fiscale di soggetti con reddito non inferiore al milione di euro;b) Non hanno alcuna competenza per la verifica della posizione fiscale o di criminalità organizzata;c) Si, hanno il compito di svolgere attività di verifica della posizione fiscale dei soggetti e tramite il G.I.C.O., ove esistente, svolgere attività d'indagine per reati di criminalità organizzata;d) Si, hanno il compito di svolgere attività di verifica della posizione fiscale di soggetti con reddito non inferiore al miliardo di euro.;3
Quali, tra le seguenti, costituiscono articolazioni di contrasto alla Criminalità Organizzata come indicato anche dalla circolare della Guardia di Finanza n. 335160/2013?;a) Solo lo S.C.I.C.O.;b) S.C.I.C.O., G.I.C.O.;c) Solo i G.I.C.O.;d) Esclusivamente la componente aeronavale.;2
"In caso di ritardo nella trasmissione di copia di atti
e documenti richiesti da parte della Commissione parlamentare antimafia (ex Legge 87/2013), con quale atto o provvedimento l'Autorità Giudiziaria provvede come disciplinato dal comma 4 dell'art. 5 della legge de qua?";a) convoca un componente della Commissione in giudizio;b) con comunicazione informale;c) convoca il Presidente della Commissione antimafia;d) con decreto motivato;4
Per quali reati è investita la competenza dello S.C.I.C.O.?;"a) non è competente per i reati previsti dall'art. 51, comma 3-bis e comma 3- quater c.p.p. e dall'art. 270
e ss. c.p.";b) per i soli reati previsti dall'art. 51, comma 3-bis c.p.p.;c) non è competente per i soli reati previsti dall'art. 51, comma 3-bis c.p.p.;d) per i reati previsti dall'art. 51, comma 3-bis e comma 3-quater c.p.p. e dall'art. 270 e ss. c.p.;4
Che tipologia di articolazioni sono i G.I.C.O.?;a) articolazioni presenti in tutti i Nuclei PEF;b) sezioni speciali incardinate presso le Procure della Repubblica aventi sede nei capoluoghi di regione;c) sono delle articolazioni dei Nuclei PEF presenti nelle sedi dei capoluoghi di distretto di Corte d'Appello, ove sono istituite le Direzioni Distrettuali Antimafia;d) sezioni speciali incardinate presso ogni Procura della Repubblica;3
Che competenza hanno i GG.I.C.O.?;a) hanno competenza a livello regionale, in quanto coincidente con il distretto di Corte d'Appello;b) hanno competenza nazionale;c) hanno competenza a livello provinciale, o interprovinciale, in quanto coincidenti con il distretto di Corte d'Appello;d) non hanno alcuna competenza operativa, trattandosi di articolazioni di analisi del fenomeno mafioso;3
Sotto quale Articolazione di Reparto è inquadrato ordinativamente il G.O.A.?;a) Gruppo Tutela Entrate;b) G.I.C.O.;"c) dipende
gerarchicamente dal C.te del Reparto";d) Gruppo Tutela Mercato Capitali;2
Il Procuratore Nazionale Antimafia presso quale dei seguenti Organi svolge le proprie competenze?;a) S.C.I.C.O.;b) Ministero della Giustizia;c) Direzione distrettuale antimafia;d) Procura Nazionale Antimafia sita nella Procura Generale presso la Corte di Cassazione;4
Quali requisiti devono avere i magistrati della Direzione Nazionale Antimafia e Antiterrorismo?;a) devono aver svolto, anche non continuativamente, funzioni di Pubblico Ministero per almeno dieci anni;b) devono aver svolto, anche non continuativamente, funzioni di Pubblico Ministero per almeno tre anni;c) devono aver svolto, anche non continuativamente, funzioni di Pubblico Ministero per almeno due anni;"d) non devono aver svolto, anche non
continuativamente,
funzioni di Pubblico Ministero per più di cinque anni";1
Dove si trova la Direzione Nazionale Antimafia e Antiterrorismo?;a) presso il Tribunale del capoluogo del distretto;"b) nell'ambito della
Procura Generale presso la Corte dei Conti";c) nell'ambito della Procura Generale presso il T.A.R. Lazio;"d) nell'ambito della
Procura Generale presso la Corte di Cassazione";4
"Quale tra le seguenti è una caratteristica fondamentale della ""confisca per sproporzione"" come sancito dall'articolo 240-bis del codice penale?";"a) Si applica a prescindere dal ""nesso di pertinenzialità"" tra il bene oggetto di confisca ed il reato originario commesso";"b) Non può essere disposta ""per equivalente""";c) Prescinde dal fatto che sia stata emessa una condanna penale;"d) Presuppone un ""nesso
di pertinenzialità"" tra il
bene e il reato originario";1
Quali tra i seguenti sono compiti svolti dalla Commissione parlamentare antimafia, conformemente a quanto disposto dall'articolo 5 comma 1 della Legge 87/2013?;a) non può mai ottenere copie di atti e documenti relativi a procedimenti penali.;b) anche in deroga al divieto stabilito dall'art. 329 del codice di procedura penale, può ottenere copie di atti e documenti relativi a procedimenti presso l'autorità giudiziaria o altri organi inquirenti, purché già definiti, nonché copie di atti e documenti.;c) anche in deroga al divieto stabilito dall'art. 329 del codice di procedura penale, può ottenere copie di atti e documenti relativi a procedimenti in corso presso l'autorità giudiziaria, purché vi sia il nulla osta del PM titolare del procedimento.;d) può ottenere copie di atti e documenti relativi a procedimenti in corso presso l'autorità giudiziaria o altri organi inquirenti, nonché copie di atti e documenti anche in deroga al divieto stabilito dall'art. 329 del codice di procedura penale.;4
Nel caso di morte del soggetto proposto al procedimento di applicazione delle misure di prevenzione patrimoniali cosa succede?;a) si estingue;b) prosegue nei confronti del coniuge e dei figli;c) prosegue nei confronti degli eredi o comunque degli aventi causa;d) è da considerarsi nullo ex tunc;3
Quali tra i seguenti sono compiti dello S.C.I.C.O.?;a) monitora le indagini poste in essere dai reparti territoriali nell'ambito della criminalità organizzata, avocando a sé quelle più complesse;b) può intervenire operativamente solo su richiesta della D.I.A;c) rappresenta la proiezione operativa più importante contro la criminalità organizzata;d) svolge compiti di raccordo informativo, analisi, supporto tecnico, logistico ed operativo;4
Com'è denominato il Reparto della Polizia di Stato, tra i seguenti, con competenze nell'ambito della lotta alla criminalità organizzata in attuazione del D.L. n. 152/1991?;a) Servizio Centrale Operativo (S.C.O.).;b) Divisione del Servizio Centralizzato posto nell'ambito della Direzione Centrale Anticrimine;c) la D.I.G.O.S., in coordinamento con l'Ufficio Centrale Ispettivo;d) la D.I.G.O.S;1
Per quanto tempo è efficace il decreto motivato in materia di richiesta atti e documenti nel settore delle mafie e associazioni criminali anche straniere come disciplinato dal comma 4 dell'art. 5 della Legge n. 87/2013?;a) per un anno;b) per nove mesi;c) per due anni;d) per sei mesi;4
Qual è la pena a cui soggiace chi omette la comunicazione di cui all'art. 30, comma 1, della Legge 646/1982?;a) Reclusione da uno a cinque anni;b) Reclusione da due a sei anni;c) Arresto da due a sei anni;d) Arresto da uno a cinque anni;2
Quale tempistica devono osservare le persone obbligate alla comunicazione di cui all'art. 30 comma 1 della Legge 646/1982?;a) dieci giorni prima del fatto;b) entro dieci giorni dal fatto;c) entro quindici giorni dal fatto;d) quindici giorni prima del fatto;2
Quando si può parlare di disponibilità indiretta di beni?;a) quando un soggetto risulta proprietario degli stessi in buona fede;"b) quando si ha la
possibilità di determinarne sia l'impiego che la destinazione";"c) quando si ha la
possibilità di determinarne uso e funzione";d) quando un soggetto risulta possessore degli stessi in buona fede;2
Quale tra le seguenti alternative è un obiettivo delle indagini economico-finanziarie?;a) di procedere ad accertare quale parte del patrimonio di un soggetto è stato sottratto alla tassazione;b) di prevedere possibili impieghi illeciti del patrimonio di un soggetto;"c) l'accertamento
dell'origine del patrimonio di un soggetto";d) di prevedere la destinazione del patrimonio di un soggetto;3
A chi compete, tra i seguenti, il coordinamento nazionale delle indagini penali e di prevenzione relative a criminalità organizzata, di terrorismo e di fenomeni analoghi?;a) al Ministro dell'Interno;b) alla Procura della Repubblica competente per territorio;"c) alla Procura Nazionale Antimafia e
Antiterrorismo";d) alla Procura Distrettuale Antimafia;3
In relazione al giudizio di sproporzione per una proposta ablativa, l'indagato/proposto come può ottenere la restituzione di un bene?;"a) essenzialmente
fornendo congiuntamente le due seguenti prove contrarie: dimostrando la ""non riconducibilità"" del bene alla sua persona, evidenziando la carenza dei requisiti di sproporzione";"b) essenzialmente fornendo una delle due seguenti prove contrarie: dimostrando la ""non riconducibilità"" del bene alla sua persona o evidenziando la carenza dei requisiti di sproporzione";"c) essenzialmente
fornendo congiuntamente le tre seguenti prove contrarie: dimostrando la ""non riconducibilità"" del bene alla sua persona, evidenziando la carenza dei requisiti di sproporzione o dimostrando la legittima provenienza delle risorse impiegate";"d) essenzialmente fornendo una delle tre seguenti prove contrarie: dimostrando la ""non riconducibilità"" del bene alla sua persona, evidenziando la carenza dei requisiti di sproporzione o dimostrando la legittima provenienza delle risorse impiegate";4
Nei casi in cui non sia possibile procedere alla confisca dei beni acquisiti ovvero del corrispettivo dei beni alienati come si procede ai sensi dell'art. 31, comma 3, della Legge 646/1982?;a) il Giudice ordina il sequestro, per un valore equivalente, di somme di denaro, beni o altre utilità dei quali i soggetti di cui all'articolo 30, comma 1, hanno la disponibilità;b) il Pubblico Ministero ordina la confisca, per un valore equivalente, di somme di denaro, beni o altre utilità dei quali i soggetti di cui all'articolo 30, comma 1, hanno la disponibilità;c) il Giudice ordina la confisca, per un valore equivalente, di somme di denaro, beni o altre utilità dei quali i soggetti di cui all'articolo 30, comma 1, hanno la disponibilità;d) il Pubblico Ministero ordina il sequestro, per un valore equivalente, di somme di denaro, beni o altre utilità dei quali i soggetti di cui all'articolo 30, comma 1, hanno la disponibilità;3
Quali tra le seguenti misure, ai sensi dell'art. 2 del D.Lgs. 159/2011, possono essere applicate qualora le persone indicate nell'art. 1 dello stesso decreto siano pericolose per la sicurezza pubblica e si trovino fuori dei luoghi di residenza?;a) il Prefetto può provvedere con provvedimento motivato e con foglio di via obbligatorio, inibendo loro di ritornare, senza preventiva autorizzazione ovvero per un periodo non superiore a sei anni, nel comune dal quale sono allontanate;b) il Questore può provvedere con provvedimento motivato e con foglio di via obbligatorio, inibendo loro di ritornare, senza preventiva autorizzazione ovvero per un periodo non superiore a tre anni, nel comune dal quale sono allontanate;c) il Questore può provvedere con provvedimento motivato e con foglio di via obbligatorio, inibendo loro di ritornare, senza preventiva autorizzazione ovvero per un periodo non superiore a cinque anni, nel comune dal quale sono allontanate;d) il Prefetto può provvedere con provvedimento motivato e con foglio di via obbligatorio, inibendo loro di ritornare, senza preventiva autorizzazione ovvero per un periodo non superiore a quattro anni, nel comune dal quale sono allontanate;2
Ai sensi dell'art. 18, comma 1, del D.Lgs. 159/2011, le misure di prevenzione patrimoniali possono essere richieste indipendentemente dalla pericolosità sociale del soggetto proposto?;a) Soltanto se del soggetto proposto è stata accertata la pericolosità sociale nei sei mesi precedenti;b) No;c) Sì;d) Nessuna delle alternative fornite è corretta;3
Qual è la durata dell'incarico dei magistrati chiamati a far parte della Direzione Distrettuale Antimafia (DDA) ai sensi del D.Lgs. 159/2011?;a) Non più di due anni;b) Almeno un anno;c) Almeno tre anni;d) Nessuna delle alternative fornite è corretta;4
Quali tra le seguenti sono competenze del Procuratore Distrettuale Antimafia ai sensi del D.Lgs. 159/2011?;a) designa per l'esercizio delle funzioni di pubblico ministero, nei procedimenti riguardanti i reati indicati nell'articolo 53, comma 1 bis, del codice di procedura penale, i magistrati addetti alla direzione;b) designa per l'esercizio delle funzioni di pubblico ministero, nei procedimenti riguardanti i reati indicati nell'articolo 51, comma 3 bis, del codice di procedura penale, i magistrati addetti alla direzione;c) cura che i magistrati addetti alla stessa Procura Distrettuale ottemperino all'obbligo di assicurare completezza e tempestività della reciproca informazione sull'andamento delle indagini;d) cura l'attività della Direzione Nazionale;3
Quale conseguenza, tra le seguenti, comporta la morte della persona proposta per l'applicazione di misure di prevenzione patrimoniali?;a) Il procedimento decade ex tunc;b) Il procedimento decade ex nunc;"c) il procedimento
prosegue nei confronti del coniuge";d) Nessuna delle alternative fornite è corretta;4
Quali tra le seguenti sono competenze del Procuratore Distrettuale Antimafia ai sensi del D.Lgs. 159/2011?;a) avvisa preventivamente il Procuratore Nazionale Antimafia e Antiterrorismo delle operazioni di maggiore rilevanza in via di esecuzione;b) informa preventivamente il Procuratore Distrettuale della Procura Distrettuale confinante delle eventuali variazioni della Direzione Distrettuale Antimafia;c) avvisa preventivamente il Procuratore Distrettuale della Procura Distrettuale confinante delle operazioni di maggiore rilevanza in via di esecuzione;d) informa preventivamente il Procuratore Nazionale Antimafia e Antiterrorismo delle eventuali variazioni della Direzione Distrettuale Antimafia;4
Quale ambito temporale, come viene affermato anche dagli orientamenti giurisprudenziali prevalenti, opera in relazione all'istituto della confisca per equivalente?;a) Nessuna delle alternative è corretta.;b) Retroattività in qualsiasi caso.;c) In base alla pericolosità del soggetto e dei beni oggetto di confisca.;d) Irretroattività.;4
A quali soggetti vanno estesi prioritariamente e con obbligo di legge gli accertamenti patrimoniali?;a) al coniuge, ai figli, ai familiari conviventi nell'ultimo quinquennio e a eventuali conviventi nel medesimo periodo;b) al coniuge, ai figli, ai familiari conviventi nell'ultimo biennio e a eventuali conviventi nel medesimo periodo;c) solamente al coniuge e ai figli;d) al coniuge, ai figli, ai familiari conviventi nell'ultimo decennio e a eventuali conviventi nel medesimo periodo;1
Cos'è Molecola?;a) E' una banca dati di interesse operativo Esterna.;b) E' un applicativo di interesse operativo Esterna al Corpo.;c) Costituisce uno strumento operativo Interno al Corpo che si pone quale obiettivo principale quello di costituire un valido supporto al lavoro dell'analista/investigatore nell'individuazione di soggetti proficuamente aggredibili sotto il profilo delle misure patrimoniali.;d) Nessuna delle alternative è corretta.;3
Quali tra le seguenti alternative è corretta relativamente al rinnovo dell'incarico di Procuratore Nazionale Antimafia e Antiterrorismo?;a) tre volte.;b) una sola volta.;c) non è rinnovabile.;d) due volte.;2
In quale ambito rientrano le misure di prevenzione patrimoniali previste dal D.Lgs. n. 159/2011?;a) In ambito extrapenale.;b) Misure di sicurezza applicate in ambito penale.;c) Misure cautelari.;d) Misure cautelari reali.;1
In quante e quali forme è prevista la confisca ordinaria penale ai sensi dell'art. 240 c.p.?;a) 1 forma: solo facoltativa.;b) 2 forme: facoltativa e obbligatoria.;c) 1 forma: solo obbligatoria.;d) 3 forme: facoltativa, obbligatoria e per equivalente.;2
Quali, tra le seguenti, sono misure di prevenzione patrimoniali ai sensi del D.Lgs. n. 159/2011?;a) Sequestro e confisca di prevenzione.;b) Sequestro conservativo.;c) Sequestro preventivo.;"d) Confisca per
sproporzione in ambito penale.";1
Da chi e quali requisiti sono richiesti per la nomina dei magistrati della Direzione Distrettuale Antimafia?;a) Dal Procuratore Distrettuale senza tener conto delle specifiche attitudini e delle esperienze professionali.;b) Dal Procuratore Nazionale Antimafia e Antiterrorismo senza tener conto delle specifiche attitudini e delle esperienze professionali.;c) Dal Procuratore Distrettuale tenendo conto delle specifiche attitudini e comprovate esperienze professionali.;d) Dal Procuratore Nazionale Antimafia e Antiterrorismo tenendo conto delle specifiche attitudini e delle esperienze professionali.;3
Le misure personali e patrimoniali possono essere applicate congiuntamente?;a) Possono essere applicate anche disgiuntamente.;b) Solo disgiuntamente.;c) Solo congiuntamente.;d) Solo come condizione necessaria e diretta conseguenza di quelle personali.;1
Ai fini della richiesta di applicazione per competenza come si suddividono le misure di prevenzione personali?;a) Di competenza solo dell'Autorità Giudiziaria.;b) Di competenza solo del Questore.;c) Di competenza del Questore e dell'Autorità Giudiziaria.;d) Solo del Direttore della Direzione Investigativa Antimafia.;3
Quali, tra i seguenti, rientrano tra il novero dei reati presupposto ai fini dell'applicazione della confisca per sproporzione ex art. 12-sexies del D.L. n. 306/1992?;a) Reati contro la P.A.;b) Reato di furto.;c) Solo reati contro la P.A.;d) Reati previsti dal D.Lgs. n. 274/2000.;1
Le misure di prevenzione patrimoniali come possono essere applicate rispetto a quelle personali?;a) Solo simultaneamente.;b) Solo disgiuntamente.;c) Possono essere applicate anche disgiuntamente.;d) Solo come condizione necessaria e diretta conseguenza di quelle personali.;3
"Cosa s'intende per indagini patrimoniali dal punto di vista del ""tenore di vita"" di una persona?";a) Riguardano il complesso indistinto di beni mobili e immobili conservato in forma monetaria o finanziaria.;b) Si concentrano sul potere economico complessivo dell'indiziato come il risparmio del reddito, l'impiego dei beni.;c) Nessuna delle alternative è corretta.;d) Riguardano eventuali attività produttive di reddito.;2
Cosa costituiscono i Servizi Interprovinciali?;a) i Servizi periferici distrettuali.;b) nessuna delle alternative fornite è corretta.;c) le Squadre Mobili delle Questure in sede di Corte d'Appello.;d) le Questure aventi sede nei capoluoghi di distretto di Corte d'Appello.;2
Cosa devono fare i GG.I.C.O. relativamente ai processi di alimentazione e ai casi investigativi?;a) informare il Comando regionale, per il tramite dei rispettivi Comandanti di Nucleo Polizia economico- finanziaria.;b) informare lo S.C.I.C.O. per il tramite dei rispettivi Comandanti di Nucleo Polizia economico- finanziaria.;c) informare lo S.C.I.C.O. per il tramite dei rispettivi Comandanti provinciali.;d) informare il Comando regionale, per il tramite dei rispettivi Comandanti provinciali.;2
Qual è la differenza tra l'istituto del sequestro probatorio e quello della conseguente confisca penale?;a) il sequestro probatorio è un mezzo, provvisorio, di ricerca della prova con cui viene assicurata una fonte di prova. La confisca penale invece è una misura di sicurezza ablativa e definitiva.;b) nessuna.;c) il sequestro è adottato solo dalla P.G., la confisca solo dall'Autorità Giudiziaria.;d) il sequestro è una misura parziale, mentre la confisca è sempre totale.;1
"Da cosa emergono, tra i seguenti, gli ""indizi"" di appartenere ad una associazione di tipo mafioso?";a) da elementi di fatto che consentono induttivamente di ricostruire l'appartenenza.;b) da elementi probatori che consentono di ricostruire l'appartenenza.;c) nessuna delle alternative è corretta.;d) dalla sentenza penale di condanna.;1
E' rinnovabile l'incarico di Procuratore aggiunto al Procuratore Nazionale Antimafia e Antiterrorismo?;a) si, per due volte.;b) si, una sola volta.;c) non esiste.;d) si, per tre volte.;2
"Nell'impresa a partecipazione mafiosa, che cosa distingue la posizione di ""soggiacenza"" da quella di ""compiacenza"" dell'imprenditore titolare formale dell'azienda?";a) L'imprenditore vittima intrattiene rapporti di affari con le cosche;b) L'imprenditore colluso è posto in una condizione di totale assoggettamento;c) L'ingiustizia del vantaggio conseguibile dall'imprenditore colluso;d) Il soggetto compiacente appartiene in tutto all'organizzazione criminale;4
Quando deve essere stato effettuato l'acquisto di beni ai fini dell'applicazione della confisca di prevenzione?;a) In qualsiasi momento;b) In data anteriore alla manifestazione della pericolosità sociale del soggetto;c) Prima dell'entrata in vigore del codice antimafia;d) In data non anteriore alla manifestazione della pericolosità sociale del soggetto;4
Quale registro è necessario consultare per conoscere la proprietà di un natante?;"a) Del Registro
dell'Anagrafe tributaria";b) Di un registro dei natanti istituito presso le Capitanerie di Porto;c) Di un registro generale delle immatricolazioni presso il Ministero dei Trasporti;d) Di un registro generale delle immatricolazioni presso l'Autorità Portuale;3
"In relazione al ruolo svolto dal ""terzo prestanome"" che può emergere nell'ambito delle indagini patrimoniali, quali sono, solitamente, le fattispecie di reato configurabili in capo al medesimo?";a) Concorso esterno in associazione mafiosa e corruzione;b) Trasferimento fraudolento di valori e riciclaggio;c) Intestazione fittizia di beni e truffa;d) Ricettazione e riciclaggio;2
Vi è un limite all'efficacia del decreto di cui al comma 4 dell'art. 5 della Legge 87/2013?;a) Nessuna delle alternative fornite è corretta;b) Sì, in quanto non può avere efficacia oltre la chiusura delle indagini preliminari;"c) No, in quanto può avere
efficacia oltre la chiusura
delle indagini preliminari";d) No, mai;2
Da quale data decorre l'obbligo di comunicazione di cui all'art. 30, comma 1, della Legge 646/1982 :;a) dall'iscrizione sul registro degli indagati;b) dalla data del decreto ovvero dalla data della sentenza definitiva di condanna;"c) dalla data di
presentazione del ricorso in cassazione";"d) dalla data di
presentazione del ricorso in appello";2
Ai sensi del D.Lgs. n. 159/2011 quali funzioni o attività sono demandate, in via prioritaria, al Procuratore Distrettuale Antimafia e Antiterrorismo?;a) Nessuna delle alternative è corretta.;b) Attività di Direzione Nazionale.;c) Designa, per l'esercizio delle funzioni di Pubblico Ministero nei procedimenti riguardanti i reati indicati nell'articolo 51 comma 3 bis c.p.p., i magistrati addetti alla Direzione.;d) Attività di Direzione Distrettuale.;4
"In cosa consistono le indagini patrimoniali relative all' ""attività economica"" di una persona?";a) Si concentrano sul potere economico complessivo dell'indiziato come il risparmio del reddito, l'impiego dei beni.;b) Riguardano il complesso indistinto di beni mobili e immobili conservato in forma monetaria o finanziaria.;c) Riguardano eventuali attività produttive di reddito come l'attività di imprese di produzione o commercio di beni avendo particolare riguardo al profilo statico e dinamico della condizione economica del soggetto.;d) Riguardano il tenore di vita del soggetto.;3
A mente dell'art. 102 del Codice Antimafia, i magistrati in tirocinio, possono essere membri della Direzione Distrettuale Antimafia?;a) Sì, qualora non siano disponibili altri magistrati.;b) Sì, in ogni caso.;c) Nessuna delle alternative è corretta.;d) No, in nessun caso.;4
Chi, tra i seguenti, sono i soggetti ai quali, ai sensi dell'art. 1 del D.Lgs. n. 159/2011, si applicano le misure di prevenzione personali di competenza del Questore?;a) Alle persone fisiche e giuridiche segnalate dal Comitato per le sanzioni delle Nazioni Unite.;b) Agli indiziati di appartenere alle associazioni di cui all'articolo 416-bis c.p.;c) Nessuna delle alternative è corretta.;d) Coloro che per la condotta ed il tenore di vita debba ritenersi, sulla base di elementi di fatto, che vivano abitualmente con proventi di attività delittuose.;4
A mente dell'art. 4 del Codice Antimafia a quali soggetti, tra i seguenti, si applicano le misure di prevenzione personali?;a) Alle medesime persone destinatarie dei provvedimenti del Questore a mente dell'art. 1 del predetto Codice.;b) Alle persone fisiche e giuridiche segnalate dal Comitato per le sanzioni delle Nazioni Unite.;c) Ai soli indiziati di appartenere alle associazioni di cui all'articolo 416 bis c.p.;d) Ai soli indiziati per uno dei reati di cui all'art. 51 comma 3-bis c.p.p.;1
Le misure di prevenzione patrimoniali, ai sensi della circolare n. 335160/2013 (Manuale operativo in materia di criminalità organizzata), trovano fondamento su quale giudizio?;a) Non viene considerata la pericolosità sociale del soggetto.;b) Gravi indizi di reato.;c) Un giudizio scaturente da una valutazione complessiva in ordine alla pericolosità sociale del soggetto.;d) Nessuna delle alternative è corretta.;3
In quali articoli di legge, tra i seguenti, sono disciplinati i delitti in materia di eversione dell'ordine costituzionale e di terrorismo?;a) 270 e ss. c.p.;b) 648-bis c.p.;c) 640-bis c.p.;d) 322-ter c.p.;1
Il Procuratore della Repubblica di quale Organo/Reparto/Ente si può avvalere, in tema di indagini patrimoniali ex art. 19 del Codice Antimafia?;a) Del supporto della sola polizia giudiziaria delle varie sezioni di P.G. ubicate presso l'ufficio del Procuratore della Repubblica presso il tribunale del capoluogo di distretto.;b) Del supporto della sola Guardia di Finanza.;c) Del I, II e III Reparto della Guardia di Finanza, del Reparto Indagini Tecniche del R.O.S e della Polizia Giudiziaria.;d) Del supporto della sola polizia giudiziaria delle varie sezioni di P.G. ubicate presso l'ufficio del Procuratore della Repubblica presso il tribunale nel cui circondario dimora la persona.;3
La natura del sequestro è statica o dinamica?;a) statica.;b) dipende dalla natura dei beni oggetto di sequestro.;"c) dinamica, in quanto risulta funzionale al materiale ""spossessamento"" dei beni o corpo del reato oggetto di sequestro.";d) nessuna delle altre alternative è corretta.;3
Quante volte è possibile rinnovare, secondo la legge n. 8/1992, l'incarico di Procuratore Nazionale Antimafia e Antiterrorismo?;a) Una sola volta.;b) Tre volte.;c) Non è rinnovabile.;d) Due volte.;1
Per quali tipologie di beni si rende applicabile l'art. 18, comma 4, del D.Lgs. 159/2011?;a) Relativamente ai beni dell'erede della persona verso cui si inizia il procedimento che si ha motivo di ritenere che siano il frutto di attività illecite o ne costituiscano il reimpiego;b) Relativamente ai beni che si ha motivo di ritenere che siano il frutto di attività illecite o ne costituiscano il reimpiego;c) Relativamente ai beni dell'erede della persona verso cui si inizia o prosegue il procedimento che si ha motivo di ritenere che siano il frutto di attività illecite o ne costituiscano il reimpiego;d) Relativamente a qualsiasi bene della persona verso cui si inizia o prosegue il procedimento;2
Ai sensi dell'art. 18, comma 4, del D.Lgs. 159/2011 quali sono i soggetti legittimati a dar vita al procedimento di prevenzione patrimoniale?;a) Nessuna delle alternative fornite è corretta;b) I soggetti di cui all'articolo 18 del D.Lgs. 159/2011 competenti per il luogo di ultima residenza dell'interessato;c) I soggetti di cui all'articolo 18 del D.Lgs. 159/2011 competenti per il luogo di ultima dimora dell'interessato;d) I soggetti di cui all'articolo 17 del D.Lgs. 159/2011 competenti per il luogo di ultima residenza dell'interessato;1
In caso di morte del soggetto proposto, cosa disciplina l'art. 18 al comma 2 del D.Lgs. 159/2011?;a) è possibile disporre misure di sicurezza patrimoniali;b) è possibile disporre misure di prevenzione patrimoniali;c) non è possibile disporre misure di prevenzione cautelari;d) nessuna delle alternative proposte è corretta;2
Le misure di prevenzione personali e patrimoniali ai sensi del D.Lgs. 159/2011 possono essere applicate disgiuntamente?;a) Possono essere richieste ma non applicate disgiuntamente;b) Sì;c) Possono essere applicate ma non richieste disgiuntamente;d) No;2
Cos'è necessario fare ai fini del giudizio di sproporzione per una proposta ablativa a mezzo dello strumento della confisca?;a) sottrarre il reddito consumato da quello prodotto, e procedere per valori negativi superiori a 10 mila euro;b) sottrarre i redditi lecitamente prodotti dal patrimonio acquisito, e procedere per valori negativi superiori a 10 mila euro;"c) confrontare
aritmeticamente i redditi lecitamente prodotti e il patrimonio acquisito";d) confrontare il reddito consumato, ricomprendendovi anche gli incrementi patrimoniali, con quello prodotto;4
"Dal punto di vista concettuale, cosa s'intende per espressione ""infiltrazione mafiosa""?";a) la presenza, all'interno di un soggetto giuridico privato, di un soggetto a capo di organizzazione a delinquere;b) la presenza, all'interno di un soggetto giuridico pubblico, di un soggetto a capo di organizzazione a delinquere;c) la presenza, all'interno di un soggetto giuridico pubblico, di un soggetto concorrente in delitti di criminalità organizzata;d) la presenza, all'interno di un soggetto giuridico, di un'entità concorrente in delitti di criminalità organizzata;4
Di cosa si occupa, tra le altre, la Direzione Centrale della Polizia Criminale (DCPC)?;a) Acquisizione e analisi delle informazioni sui fenomeni sociali;b) Coordinamento delle investigazioni di polizia giudiziaria a livello nazionale;c) Coordinamento e pianificazione delle Forze di Polizia;d) Gestire problematiche concernenti la presenza degli stranieri sul territorio nazionale;2
Nell'ambito della D.I.A. da chi viene svolta l'attività di prevenzione e contrasto all'utilizzo del sistema finanziario a scopo di riciclaggio dei proventi della criminalità organizzata di tipo mafioso?;a) dalla Divisione Gabinetto;"b) dal II Reparto
Investigazioni Giudiziarie";"c) dal III Reparto
Relazioni Internazionali a fini investigativi";"d) dal I Reparto
Investigazioni Preventive";2
L'aspetto dinamico, nelle indagini economico- patrimoniali, a cosa è diretto?;a) alla ricostruzione dell'evoluzione del patrimonio partendo, per quanto possibile, dalla sua origine e formazione;b) alla ricostruzione dell'evoluzione del patrimonio, avuto riguardo alle variazioni dallo stesso subite fino a 20 anni prima;c) alla ricostruzione dell'evoluzione del patrimonio, prescindendo, per quanto possibile, dalla sua origine e formazione;d) alla ricostruzione dell'evoluzione del patrimonio, avuto riguardo alle variazioni dallo stesso subite fino a 10 anni prima;1
Cosa emana il Consiglio Generale per la Lotta alla Criminalità Organizzata ai sensi della Legge 159/2011?;a) apposite direttive da attuarsi a cura degli uffici e servizi appartenenti alle singole forze di polizia, nonché della Direzione Investigativa Antimafia;b) apposite linee guida, per l'orientamento degli uffici e dei servizi appartenenti alle singole forze di polizia, nonché della Direzione Nazionale Antimafia e Antiterrorismo;c) apposite linee guida, per l'orientamento degli uffici e dei servizi appartenenti alle singole forze di polizia, nonché della Direzione Investigativa Antimafia;d) apposite direttive da attuarsi a cura degli uffici e servizi appartenenti alle singole forze di polizia, nonché della Direzione Nazionale Antimafia e Antiterrorismo;1
Quanto durano in carica i magistrati chiamati a far parte della Direzione Distrettuale Antimafia in virtù del D.Lgs. n. 159/2011?;a) Per la durata non inferiore a tre anni.;b) Per la durata non superiore a tre anni.;c) Per la durata non superiore a due anni.;d) Per una durata non inferiore a due anni.;4
Quale tra i seguenti, nel settore della criminalità organizzata, non è uno dei compiti del Consiglio Generale per la Lotta alla Criminalità Organizzata?;"a) verificare
periodicamente i risultati conseguiti in relazione agli obiettivi strategici delineati
e alle direttive impartite, proponendo, ove occorra, l'adozione dei provvedimenti atti a rimuovere carenze e disfunzioni.";b) definire e adeguare gli indirizzi per le linee di prevenzione anticrimine e per le attività investigative, determinando la ripartizione dei compiti tra le forze di polizia per aree, settori di attività e tipologia dei fenomeni criminali.;c) Nessuna delle alternative fornite è corretta;"d) concorrere a
determinare le direttive per lo svolgimento delle attività di coordinamento e di controllo da parte dei prefetti dei capoluoghi di regione, nell'ambito dei poteri delegati agli stessi";3
Ai sensi del codice antimafia, è possibile iniziare il procedimento di prevenzione patrimoniale in caso di morte del soggetto nei confronti del quale potrebbe essere disposta la confisca?;a) Sì, e in tal caso la richiesta della misura di prevenzione può essere proposta nei riguardi dei successori a titolo universale o particolare entro il termine di due anni dal decesso;b) Sì, e in tal caso la richiesta della misura di prevenzione può essere proposta nei riguardi dei successori a titolo universale o particolare entro il termine di tre anni dal decesso;c) Sì, e in tal caso la richiesta della misura di prevenzione può essere proposta nei riguardi dei successori a titolo universale o particolare entro il termine di cinque anni dal decesso;d) No, mai;3
Quali tra i seguenti sono requisiti delle misure di prevenzione previste ai sensi del D.Lgs. n. 159/2011?;a) assenza dell'accertamento di una violazione alla normativa penale. Indizi di appartenenza ad una associazione di stampo mafioso;b) Gravi indizi di colpevolezza.;c) Pericolo di fuga.;d) Reiterazione del reato.;1
A mente dell'art. 3 del D.Lgs. N. 159/2011 quali, tra i seguenti, sono provvedimenti di competenza del Questore nella cui provincia dimori la persona pericolosa per la sicurezza pubblica?;a) Avviso orale nei confronti dei soggetti, di cui all'art. 1 del predetto decreto, sui quali esistano indizi di pericolosità a proprio carico indicandone i motivi che li giustificano.;"b) Foglio di via
obbligatorio nei confronti dei soggetti pericolosi, di cui all'art. 1 del predetto decreto, che si trovino fuori dei luoghi di residenza.";"c) Foglio di via
obbligatorio nei confronti dei soggetti pericolosi, di cui all'art. 1 del predetto decreto, cui s'invita la persona a tenere una condotta conforme alla legge.";"d) Foglio di via
obbligatorio nei confronti di tutti i soggetti pericolosi.";1
A mente dell'art. 2 del D.Lgs. 159/2011 quali tra i seguenti, sono provvedimenti di competenza del Questore nella cui provincia dimori la persona pericolosa per la sicurezza pubblica?;a) Avviso orale e obbligo di dimora.;b) Obbligo di dimora con comunicazione scritta nei confronti di quei soggetti pericolosi socialmente;c) Avviso orale nei confronti dei soggetti, di cui all'art. 1 del predetto decreto, sui quali esistano indizi di pericolosità a proprio carico indicandone i motivi che li giustificano.;"d) Foglio di via
obbligatorio nei confronti dei soggetti, di cui all'art. 1 del predetto decreto, che si trovino fuori dei luoghi di residenza e siano pericolosi per la sicurezza pubblica.";4
