"Nel Mercato Unico le merci possono circolare liberamente; a quali merci vanno riferiti i concetti di importazione ed esportazione?";a) I concetti di esportazione e importazione continuano ad essere riferiti a tutte le merci da e per l'estero, salvo siano immessi in libera pratica;b) I termini importazione ed esportazione caratterizzano tutti gli scambi di merci con e tra i paesi esteri;c) Continua a sussistere il solo concetto di esportazione riferito a tutte le merci dirette al di fuori della linea doganale comunitaria;d) I termini importazione ed esportazione caratterizzano in senso stretto esclusivamente gli scambi di merci con i paesi extra-UE, mentre le operazioni commerciali tra soggetti d'imposta comunitari si definiscono, più propriamente, come cessioni e acquisti intracomunitari;4
Ai sensi degli articoli 33 e seguenti del TFUE, l'unione doganale viene definita come uno spazio nel quale...;a) ...non possono circolare liberamente le merci originarie degli stati membri, ma solo quelle messe in libera pratica;b) ...possono circolare liberamente le merci originarie degli stati membri e non quelle messe in libera pratica;c) ...non possono circolare liberamente le merci originarie degli stati membri e quelle messe in libera pratica;d) ...possono circolare liberamente le merci originarie degli stati membri e quelle messe in libera pratica;4
In caso di ipotesi di contrabbando, è sempre ordinato/a...;a) ...la confisca delle cose possedute negli ultimi 5 anni;b) ...il sequestro cautelativo delle cose oggetto del reato;c) ...la confisca delle cose che servirono o furono destinate a commettere il reato nonché delle cose che sono l'oggetto ovvero il prodotto o il profitto;d) ...la confisca di tutti i beni di proprietà di chi ha commesso la violazione;3
L'illecito di Contrabbando viene perpetrato da colui che sottrae le merci al pagamento dei diritti di confine?;a) Si, ma solo in tempo di notte;b) Si, sempre;c) Si, ma solo fuori dalla zona di vigilanza doganale;d) No, mai;2
All'interno degli spazi doganali la Guardia di Finanza garantisce l'osservanza del movimento, custodia e controllo di...;a) ...operazioni doganali;b) ...operazioni di trasporto;c) ...merci e persone;d) ...operazioni in transito;3
Quale ente prende in custodia le cose sequestrate per reati che hanno ad oggetto t.l.e.?;a) Il Dipartimento delle Dogane e Imposte Dirette;b) L'Autorità Giudiziaria;c) La Guardia di Finanza;"d) L'Agenzia delle Dogane
e dei Monopoli";4
I dazi doganali si applicano sul territorio italiano nei confronti dei...;a) ...Paesi ex comunisti;b) ...Paesi esterni all'Unione Europea;c) ...Paesi non aderenti all'ONU;d) ...Paesi africani;2
I pubblici ufficiali che accertano violazioni doganali fuori degli spazi doganali, procedono, ai sensi dell'art. 326 TULD a...;a) ...redigere processo verbale e trasmetterlo alla Agenzia delle Entrate competente per territorio;b) ...redigere processo verbale e trasmetterlo alla dogana competente per territorio;c) ...redigere processo verbale e trasmetterlo alla Agenzia del Territorio competente per territorio;d) ...redigere processo verbale e trasmetterlo alla Guardia di Finanza competente per territorio;2
L'Italia applica i dazi doganali nei confronti...;a) Di tutti i Paesi esterni all'Unione Europea;b) Di tutti i Paesi;c) Dei Paesi dell'area EFTA;d) Di tutti i Paesi non aderenti all'ONU;1
La Guardia di Finanza, all'esterno degli spazi doganali, esegue i controlli delle merci...;a) ...anche di iniziativa, ma con ratifica della Dogana;b) ...solo a seguito di autorizzazione della Dogana;c) ...sempre unitamente a funzionari della Dogana;d) ...sempre autonomamente;4
Come viene definita, dagli articoli 33 e seguenti del TFUE, l'unione doganale?;a) Come uno spazio di territorio nel quale possono circolare liberamente le merci originarie degli stati membri e non quelle messe in libera pratica;b) Come uno spazio di territorio nel quale possono circolare liberamente le merci originarie degli stati membri e quelle messe in libera pratica;c) Come uno spazio di territorio nel quale non possono circolare liberamente le merci originarie degli stati membri e quelle messe in libera pratica;d) Come uno spazio di territorio nel quale non possono circolare liberamente le merci originarie degli stati membri, ma solo quelle messe in libera pratica;2
Per mezzo di quale atto si manifesta l'intenzione di vincolare le merci ad un regime doganale?;a) Tramite visita;b) Tramite pagamento del tributo;c) Tramite riscontro;d) Tramite dichiarazione doganale;4
L'art. 4 di quale Decreto riconosce alla Guardia di Finanza il ruolo di polizia economico e finanziaria a tutela del bilancio nazionale e dell'U.E.?;a) D.P.R. n. 43/73;b) D.P.R. n. 633/72;c) D.lgs n. 68/2001;d) D.P.R. n. 600/73;3
Come vengono vincolate le merci ai regimi doganali?;a) Attraverso il pagamento dei soli diritti di confine;b) Attraverso il pagamento dei soli diritti di dogana;c) Attraverso il pagamento dei diritti doganali;d) Attraverso la presentazione della dichiarazione doganale;4
È fondamentale determinare il luogo ove sorge l'obbligazione doganale...;a) ...per definire gli importi dei dazi e delle sanzioni da pagare;b) ...per individuare la competenza territoriale dell'Autorità Doganale che deve procedere alla contabilizzazione degli importi dei dazi;c) ...per determinare la competenza territoriale dello spedizioniere che deve formalizzare gli adempimenti;d) ...per definire gli importi dei dazi da pagare;2
"Cosa si intende per ""immissione in libera pratica""?";a) Il regime doganale che riguarda i beni destinati alla salute ovvero all'alimentazione, umana o animale;b) Il regime doganale previsto dal Testo Unico del 1973 e non più in vigore dopo l'emanazione del CDU;c) Il regime doganale con il quale si attribuisce alle merci provenienti dai paesi terzi la posizione comunitaria di libera pratica, che conferisce alle stesse la possibilità di libera circolazione all' interno del territorio dell'UE;"d) Lo status che assumono i prodotti semilavorati quando entrano nel territorio dell'UE per operazioni di assemblaggio
oper le ulteriori fasi della
produzione, prima di assumere la destinazione definitiva (esportazione o importazione)";3
All'interno degli spazi doganali, i funzionari dell'Agenzia delle Dogane in che modo eseguono i controlli?;a) ...solo autonomamente;b) ...solo delegando la Guardia di Finanza;c) ...autonomamente e avvalendosi della Guardia di Finanza;d) ...con l'ausilio della Polizia di Frontiera;3
Quando il reato di Contrabbando prevede la pena detentiva?;a) Sempre;b) Nelle ipotesi aggravate;c) Nel contrabbando di tabacchi lavorati esteri;d) In nessun caso;2
"Qual è la definizione dei i ""diritti di confine"" ai sensi dell'articolo 34 del TULD?";a) Sono i dazi in uscita;b) Sono i dazi in entrata;c) Sono i dazi di frontiera;d) Sono i dazi di importazione e quelli di esportazione;4
Per la permanenza delle merci in regime di deposito doganale ai sensi dell'art. 238 del Codice Doganale dell'Unione...;a) ...si guarda al tipo e alla natura delle merci, comunque non deve superiore due anni;b) ...le autorità doganali hanno stabilito il limite di tre anni di permanenza;c) ...non esiste alcuna limitazione;"d) ...è previsto stazionamento non superiore a cinque anni in quanto può costituire una minaccia per la salute umana, animale o vegetale
oper l'ambiente";3
Che tipo di illecito rappresenta il contrabbando?;a) Solo un illecito penale con possibilità di definizione amministrativa;b) Solo un illecito penale;c) Solo un illecito amministrativo;d) Penale, amministrativo, penale con possibilità di definizione amministrativa;4
Quali tra i seguenti non sono inclusi tra i diritti doganali?;a) I diritti di confine;b) I diritti di frontiera;c) I dazi di importazione e quelli di esportazione;d) I diritti di monopolio;2
In base all'art 1 del Codice Dognale dell'UE la normativa doganale si applica...;a) ...in modo uniforme negli Stati aderenti alla UE esclusa la Turchia;b) ...in modo uniforme ma solo negli Stati che ratificano l'accordo;c) ...in modo uniforme in tutti gli Stati aderenti alla UE ed in quelli con i quali gli Stati membri hanno rapporti di reciprocità;d) ...alle merci che entrano nel territorio doganale dell'Unione o ne escono;4
Determinare la corretta nomenclatura di una merce significa...;a) ... determinare l'esatta qualità della merce;b) ... determinare l'esatta quantità della merce;c) ... determinare il luogo di provenienza della merce;d) ...determinare il luogo di destinazione della merce;1
L'Italia impone dazi doganali a...;a) ...paesi esterni all'Unione Europea;b) ...tutti i Paesi;c) ...paesi non aderenti all'ONU;d) ...paesi dell'area EFTA;1
L' Operazione Primavera:;a) fu un'operazione di ordine pubblico condotta in Campania tra il 28 febbraio 2000 e il 30 giugno 2000 per il contrasto al contrabbando di sigarette e generi di monopolio.;b) fu un'operazione di ordine pubblico, cui prese parte anche la Guardia di Finanza, condotta in Puglia tra il 28 febbraio 2000 e il 30 giugno 2000 per il contrasto al contrabbando di sigarette e generi di monopolio.;c) fu un'operazione di ordine pubblico condotta a contrasto del contrabbando di sigarette provenienti dal Marocco.;d) fu un'operazione di ordine pubblico svolta dalla Guardia di Finanza in Calabria, tra il 28 febbraio 2000 e il 30 giugno 2000 per il contrasto al contrabbando di sigarette e generi di monopolio.;2
"La G.diF. ha poteri e facoltà ai fini dell'accertamento e della repressione delle violazioni in danno al bilancio dell'Unione Europea; ciò in base a quale previsione normativa?";a) D.P.R. n. 633/72;b) D.P.R. n. 600/73 e n. 633/72;c) D.P.R. n. 600/73;d) D.P.R. n. 917/86;2
"In base all'attuale legislazione doganale vengono considerate ""diritti doganali""...";a) Solo i dazi di importazione;b) Solo i dazi di esportazione;"c) I soli ""diritti di confine""";d) Dazi;4
La subordinazione dei militari del Corpo rispetto ai funzionari doganali all'interno degli spazi doganali...;"a) ...è estesa all'intero quadro normativo cui la legge assegna la repressione delle violazioni, secondo una ""ratio loci""";b) ...è limitata al solo esercizio dei poteri da essi delegati;c) ...si limita al servizio di riscontro;d) ... si estende alle attività di tutela della sicurezza e dell'ordine pubblico;2
La dichiarazione doganale deve essere supportata per attestare quanto dichiarato in termine di origine, qualità, quantità e...;a) ...solo delegando la Guardia di Finanza;b) ...solo autonomamente;c) ...con l'ausilio della Polizia di Frontiera;d) ...autonomamente e avvalendosi della Guardia di Finanza;4
Il servizio di riscontro non può essere effettuato, in virtù dei casi di esonero previsti dal D.M. 256/1994, in caso di:;"a) merce pericolosa;";"b) merce proveniente dai Paesi del sud-est asiatico;";"c) tabacchi lavorati esteri;";d) prodotti destinati a provviste di bordo estratti dai depositi di cui all'articolo 264 del T.U.L.D..;4
"Per quanto attiene alle merci in importazione, il ""valore in dogana"" è individuato in base al criterio:";"a) Del ""valore della transazione"" cioè il prezzo effettivamente pagato o da pagare che risulta dalla documentazione prodotta all'Agenzia delle Entrate";"b) Della ""determinazione automatica""";"c) Del ""prezzo della transazione"" cioè il prezzo effettivamente pagato o da pagare che risulta dalla documentazione prodotta all'Autorità doganale";"d) Del ""valore della transazione"" cioè il prezzo effettivamente pagato o da pagare che risulta dalla documentazione prodotta all'Autorità doganale";4
L'estinzione del reato di contrabbando di tabacchi lavorati esteri, previo versamento della somma dovuta, impedisce l'applicazione della confisca?;"a) No, nei casi di
contrabbando di tabacchi lavorati è disposta sempre la confisca amministrativa dei prodotti";b) Sì, sempre;c) Sì, previo il pagamento aggiuntivo dei diritti doganali;d) Sì, purché l'estinzione del reato avvenga entro 7 giorni dalla notifica;1
Nei confronti di quali Paesi l'Italia applica i dazi doganali ?;a) Di tutti i Paesi non aderenti all'ONU;b) Di tutti i Paesi esterni all'Unione Europea;c) Dei Paesi dell'area EFTA;d) Di tutti i Paesi;2
Negli spazi doganali, i militari della Guardia di Finanza svolgono attività di contrasto al traffico di sostanze stupefacenti:;"a) Solo durante la vigilanza
e assistenza alle operazioni doganali";b) Sempre;c) Solo durante la vigilanza e controllo alle operazioni doganali;d) Solo durante le fasi di supporto e assistenza alle operazioni doganali;2
Negli spazi doganali, la Guardia di Finanza ha una dipendenza dalla Dogana di tipo:;a) Gerarchica;b) Gerarchica e funzionale;c) Amministrativa;d) Funzionale;4
Su richiesta del proprietario e prima della presentazione della dichiarazione la dogana può consentire che le merci siano:;a) Asportate;b) Scaricate;c) Vendute;d) Imballate;2
La dogana, a seguito della richiesta del propretario e prima della presentazione della dichiarazione, dispone che le merci vengano...;a) ...imballate;b) ...scaricate;c) ...asportate;d) ...vendute;2
La competenza alla verbalizzazione di violazioni riscontrate in ambito doganale:;a) è effettuata dal funzionario doganale, qualora non sia presente alcun militare della Guardia di Finanza;b) è effettuata da qualsiasi ufficiale o agente di P.G.;c) è effettuata dal funzionario doganale;d) è effettuata dai militari della Guardia di Finanza;3
"il legislatore nazionale, con il d.lgs. 75/2020, oltre aprevedere la ri-criminalizzazione delle fattispecieche integrano il reato di contrabbando ""semplice"", ha disposto:";"a) l'inclusione degli illecitidi contrabbando tra ilnovero dei ""reati presupposto"" ai fini dell'accertamento della responsabilità amministrativa dipendente da reato (art. 25 sexiesdecies d.lgs.231/2001).";"b) l'esclusione degli illecitidi contrabbando tra ilnovero dei ""reati presupposto"" ai fini dell'accertamento della responsabilità amministrativa dipendente da reato.";"c) la depenalizzazione deireati di contrabbando""aggravato"".";d) la differenziazione trailleciti amministrativi ereati in materia doganale.;1
Che cos'è la IVO?;a) È una dichiarazione diconformità della mercepresentata in Doganadall'operatore ed ha valoredi autocertificazione sultrattamento tariffario(preferenziale o nonpreferenziale) da accordare all'operazione;b) È il provvedimentoemesso dalla CTP altermine del contenziososulla decisionedell'Autorità competentesul trattamento tariffarioda accordare alle mercipresentate in Dogana in base alla loro origine;c) L'Informazionevincolante in materia diorigine delle merci (IVO) èun documento rilasciatodall'Autorità doganalecompetente, a richiestadell'operatore, volto astabilire l'esatta origine delle merci presentate in Dogana e, conseguentemente, il relativo trattamento tariffario;d) È una proposta didefinizione bonaria, dapartedell'Amministrazionedoganale, circa iltrattamento tariffario daassegnare alle mercipresentate in Dogana, quando vi sia contenzioso sull'effettiva origine della merce oggetto di una operazione doganale;3
L'art. 17 comma 1 del TULD definisce gli spazidoganali come:;a) Esclusivamente neiporti e negli aeroporti nazionali, a mezzo dei suoiorgani diretti o a mezzodella Guardia di Finanza.;b) i locali in cui funzionaun servizio di dogana, nonché le aree sulle qualila dogana esercita lavigilanza ed il controllo. Analoga attività di vigilanza è controllo è esercitata in totale autonomia dalla Guardia di Finanza.;c) i locali in cui funzionaun servizio di dogana, nonché le aree sulle qualila dogana esercita lavigilanza ed il controllo, a mezzo dei suoi organi diretti o a mezzo della Guardia di Finanza.;d) i locali in cui funzionaun servizio di dogana, nonché le aree sulle qualila dogana esercita lavigilanza ed il controllo, esclusivamente a mezzo dei suoi organi diretti.;3
"Cosa si intende per ""spazio doganale""?";a) ...un insieme di più aree doganali;b) ... un'area ove è attivo un servizio di dogana ovvero dove la dogana esercita la vigilanza e il controllo;c) ...un compartimento doganale;"d) ...un territorio
periferico rimarcato da un confine";2
Il contrabbando intraispettivo si configura:;a) Nel caso in cui, sebbenela merce sia sottoposta allenormali proceduredoganali, si riscontri unadiscordanza tra i valori enunciati e quelli accertati frutto di un comportamento fraudolento posto in essere dall'operatore;b) Nel caso in cui i beninon siano sottoposti alcontrollo che precedel'introduzione della merceoltre un confine doganale.;c) Nel caso in cui i beni nonsiano sottoposti al controlloche succede l'introduzionedella merce oltre unconfine doganale.;d) Nel caso in cui, sebbenela merce sia sottoposta allenormali proceduredoganali, si riscontri unadiscordanza tra i valori enunciati e quelli accertati frutto di un comportamento fraudolento posto in essere dall'operatore con l'obiettivo di sottrarre le merci al pagamento dei diritti di confine.;4
Per i fatti accertati fuori spazi doganali, i relativiatti sono redatti, in base alla natura penale/amministrativa dell'illecito, secondo ledisposizioni:;"a) del c.p.p. (verbale disequestro ex art. 354 c.p.p., atti trasmessi AG +Dogana); della legge n.689/1981 (p.v. dicontestazione e sequestroai sensi art. 13 L. n.689/1981 da trasmettereall'Agenzia delle Dogane edei Monopoli). Resta, inogni caso, facoltà
dell'operatore se procedere con il sequestro o meno.";"b) del c.p.p. (verbale disequestro ex art. 354 c.p.p., atti trasmessi AG +Dogana); della legge n.689/1981 (p.v. dicontestazione e sequestroai sensi art. 13 L. n.689/1981 da trasmettereall'Agenzia delle Dogane edei Monopoli). Resta, inogni caso, il divieto di procedere a sequestro.";"c) del c.p.p. (verbale disequestro ex art. 354 c.p.p., atti trasmessi AG +Dogana); della legge n.689/1981 (p.v. dicontestazione e sequestroai sensi art. 13 L. n.689/1981 da trasmettereall'Agenzia delle Dogane edei Monopoli). Resta, inogni caso, fermo l' obbligo del sequestro.";"d) del codice penale(verbale di sequestro, atti trasmessi AG + Dogana);della legge n. 689/1981 (p.v.di contestazione esequestro ai sensi art. 13 L.n. 689/1981 da trasmettereall'Agenzia delle Dogane edei Monopoli). Resta, inogni caso, fermo l' obbligodel sequestro.";3
L'art. 296 del TULD, con riferimento alla recidiva nel contrabbando, prevede che dopo essere stato condannato per delitto di contrabbando previsto dal presente testo unico o da altra legge fiscale, commette un altro delitto di contrabbando per il quale la legge stabilisce la sola multa:;a) è punito con la sola reclusione fino ad tre anni;b) è punito, oltre che con la pena pecuniaria, con la detenzione fino ad due anni;"c) è punito, oltre che con
la pena della multa, con la
reclusione fino ad tre anni";"d) è punito, oltre che con
la pena della multa, con la
reclusione fino ad un anno";4
"Secondo la vigente normativa a chi va presentata la ""dichiarazione di intento""?";"a) esclusivamente in via telematica all'Agenzia delle Entrate, che rilascia al richiedente un numero di protocollo i cui estremi vanno riportati nel DAU, ai fini dell'invio - tramite sistema telematico doganale - della ""dichiarazione d'importazione""";b) in via telematica o in formato cartaceo alla Dogana territorialmente competente che rilascia, entro 60 giorni, ricevuta con gli estremi di presa in carico al richiedente che ne allega copia al modello DAU;c) in carta libera alla Dogana o all'Ufficio dell'Agenzia delle Entrate competente per domicilio fiscale del richiedente, ovvero al Comando Provinciale della Guardia di Finanza territorialmente competente, che ne rilasciano ricevuta. I relativi estremi vanno riportati sul DAU;d) in via telematica o in formato cartaceo alla Dogana territorialmente competente e, per conoscenza, alla Camera di Commercio. Vige la regola del silenzio - assenso;1
"La ""Zona di vigilanza doganale marittima"", costituita dalla fascia di mare che si estende dalla linea doganale fino al limite esterno del mare territoriale, è definita ai sensi di quale articolo:";a) 7 del TULD;b) 23 del TULD;c) 29 del TULD;d) 19 del TULD;3
"Quale articolo del TULD definisce i ""diritti doganali"" come tutti quei diritti che la dogana è tenuta a riscuotere in forza di una legge, in relazione alle operazioni doganali?";a) l'articolo 38;b) l'articolo 34;c) l'articolo 28;d) l'articolo 24;2
Quale Regolamento ha istituito il Codice doganale dell'Unione Europea:;a) N. 952/2013;b) N. 952/2008;c) N. 454/2008;d) N. 454/2013;1
A quali limitazioni di circolazione sono sottoposte le merci estere in regime di temporanea sospensione della riscossione?;a) Possono circolare a livello intracomunitario senza limitazioni;b) Non possono circolare a livello intracomunitario;c) Possono circolare a livello intracomunitario dopo aver fornito adeguata garanzia;d) Possono circolare a livello intracomunitario quando sono di limitato valore;2
Ai sensi dell'art. 3 del TFUE l'Unione ha competenza esclusiva, tra gli altri, nel settore della politica monetaria per gli Stati membri la cui moneta è l'euro?;a) no;b) solo con delega degli Stati membri;c) no, hanno competenza solo i singoli Stati membri;d) si;4
Le merci sono scaricate o trasbordate dal mezzo di trasporto sul quale si trovano, ai sensi dell'art. 140 del Codice Doganale dell'Unione, solo con l'autorizzazione:;a) della Guardia di Finanza;b) dell'Agenzia delle Entrate unicamente nei depositi doganali;c) delle autorità doganali e unicamente nei luoghi designati o autorizzati dalle medesime;d) delle autorità portuali nei luoghi designati o autorizzati dalle medesime;3
Ai sensi dell'art. 3 del TFUE l'Unione ha competenza esclusiva, tra gli altri, nel settore della definizione delle regole di concorrenza necessarie al funzionamento del mercato interno?;a) no, hanno competenza solo i singoli Stati membri;b) si;c) no;d) solo con delega espressa degli Stati membri;2
Ai sensi dell'art. 3 del TFUE l'Unione ha competenza esclusiva, tra gli altri, nel settore della conservazione delle risorse biologiche del mare nel quadro della politica comune della pesca?;a) solo con delega espressa degli Stati membri;b) no;c) si;d) no, hanno competenza solo i singoli Stati membri;3
Il Testo Unico sulle Leggi Doganali con l'entrata in vigore del codice doganale dell'Unione Europea (Regolamento UE 952/2013):;a) È stato tacitamente abrogato;b) È ancora vigente;c) È vigente solo per le materie per le quali tali provvedimenti fanno rinvio alle norme nazionali;d) È stato esplicitamente abrogato;2
Con il Codice Doganale dell'Unione (CDU), REGOLAMENTO (UE) N. 952/2013, dal 1° maggio 2016:;a) Alla figura dello spedizioniere doganale si aggiunge, per la rappresentanza di fronte alle Autorità doganali, quella del militare del Corpo cui siano state assegnate funzioni di reggenza doganale;b) Chiunque ha il diritto di nominare un rappresentante (diretto o indiretto) per le sue relazioni con le autorità doganali;c) La dichiarazione doganale può essere presentata unicamente da colui che scorta le merci in dogana (rappresentanza personale) il quale deve fornire, inoltre, adeguate garanzie di solvibilità finanziaria;d) Resta fermo l'obbligo di farsi assistere in dogana, per la presentazione della relativa dichiarazione, dagli spedizionieri doganali iscritti nel relativo albo professionale, con la modalità della rappresentanza diretta, secondo il disposto dell'art. 40, comma 2 del D.P.R. n. 43/1973 (TULD);2
Nella materia doganale, l'esigibilità dell'imposta da parte dello Stato sta a significare che si è realizzato il:;a) il pagamento del tributo doganale;b) la liquidazione del tributo doganale;"c) presupposto
dell'obbligazione tributaria doganale";d) il calcolo del tributo doganale;3
Chi svolge, attualmente, le funzioni già assegnateai Nuclei Operativi CITES presso gli spazi doganali, ai sensi dell'art. 10 del D. Lgs. 177/2016?;a) al Servizio SVADdell'Agenzia delle Dogane, che opera in ossequio alReg. (CE) n. 1808/2001confunzione di verificamerceologica delle specieanimali protette;b) alla Polizia di Stato, acompletamento delle funzioni proprie in materiadi ordine e sicurezzapubblica e di prevenzione econtrasto della criminalitàorganizzata in ambito interforze;"c) al Corpo della Guardiadi finanza, a
completamento dellefunzioni già assolte inmateria di soccorso inmontagna, di sorveglianzadelle acque marine confinanti con le aree naturali protette e controllo doganale in materia di commercio illegale della flora e della fauna in via di estinzione, ai sensi delle convenzioni internazionali vigenti e della relativa normativa nazionale e comunitaria";d) alle unità specializzatedell'Arma dei Carabinieri, che operano in virtù deldecreto del Ministrodell'ambiente e della tuteladel territorio n. 176 dell'838534;3
"Il ""rappresentante doganale"", ai sensi del nuovoCDU deve inderogabilmente possedere i seguentirequisiti:";a) deve garantire ilpossesso di un'adeguatacompliance doganale e fiscale, la tenuta di un adeguato sistema di scritture commerciali, di una sicura solvibilità finanziaria, nonché di standard pratici di competenza o qualifiche professionali connesse all'attività che intende svolgere, mentre non è necessario che si stabilisca nello Stato Membro nel quale è abilitato a prestare i propri servizi;b) deve essereprontamente reperibile;c) deve impegnarsi aprestare i propri servizi dirappresentanza unicamente nello Stato membro presso il quale è stabilito ed abilitato;d) risiedere nello Stato incui la dichiarazione èpresentata;1
Per le merci estere, il presupposto dell'obbligazionetributaria doganale consiste:;a) Nella destinazione alconsumo delle merci nelterritorio doganale;b) Nella destinazione alcommercio delle merci nelterritorio doganale;c) Nell'ingresso, anchetemporaneo, delle mercinel territorio doganale;d) Nella destinazione alconsumo nel territorioeuropeo;1
"Il CDU definisce i requisiti che un operatore economico autorizzato (Authorized Economic Operator) deve possedere per ottenere la ""certificazione di affidabilità doganale"". In particolare prevede?";a) operatività con l'estero da almeno 5 anni, iscrizione alla Camera di Commercio, deposito cauzionale pari alla metà dei diritti doganali annuali stimati;"b) possesso di partita IVA
e iscrizione presso una Camera di Commercio";"c) comprovata osservanza degli obblighi doganali, soddisfacente sistema di gestione delle scritture commerciali e contabili adeguato alle dimensioni aziendali e che consenta adeguati controlli doganali, comprovata solvibilità finanziaria, adozione di appropriati standard di sicurezza, canale informativo continuo con l'autorità doganale, adozione di sistemi di controllo interno che consentano
l'individuazione di anomalie o irregolarità";d) assenza di precedenti in linea penale e finanziaria;3
L'elenco riepilogativo degli acquisti e delle cessioni nel sistema Intrastat è:;a) Opzionale;b) Soppresso;c) Discrezionale;d) Obbligatorio;4
Colui che sottrae le merci al pagamento dei diritti di confine commette Contrabbando:;a) Si, ma solo fuori dalla zona di vigilanza doganale;b) Si, sempre;c) No, mai;d) Si, ma solo in tempo di notte;2
La pena detentiva per il reato di contrabbando è prevista:;a) Sempre;b) In nessun caso;c) Nelle ipotesi aggravate;d) Nel contrabbando di tabacchi lavorati esteri;3
Affinchè il presupposto dell'obbligazione tributaria possa essere considerato non avverato, il soggetto passivo deve dimostrare che l'inosservanza dei vincoli doganali ovvero la mancanza in tutto o in parte delle merci all'atto della presentazione, della verifica o dei controlli doganali, anche successivi all'accettazione della dichiarazione di destinazione al consumo, dipende:;"a) dal cambio di
destinazione della merce al consumo a seguito di dichiarazione dello stesso soggetto passivo";"b) dalla perdita o
distruzione della merce per caso fortuito o forza maggiore o per fatti imputabili a titolo di colpa non grave a terzi o allo stesso soggetto passivo";c) dal mancato pagamento dei diritti di confine;d) dal mancato pagamento dei diritti doganali;2
Come vengono determinati i tributi doganali?;a) con un apposito indice;b) con un particolare scaglione di imponibile;c) con un' apposita tariffa;d) con un' apposita aliquota di imposta;3
Il Codice doganale dell'Unione Europea è stato introdotto con:;a) Il Regolamento UE N. 952/2013;b) Il Regolamento UE N. 954/2013;c) Il Regolamento UE N. 953/2013;d) Il Regolamento UE N. 951/2013;1
Quali sono gli adempimenti in carico ai pubblici ufficiali operanti in caso di accertamento di violazioni fuori degli spazi doganali, ai sensi dell'art. 326 TULD?:;a) Redazione processo verbale e trasmissione all'Agenzia delle Entrate competente per territorio;b) Redazione processo verbale e trasmissione all'Agenzia del Territorio competente per territorio;c) Redazione processo verbale e trasmissione alla dogana competente per territorio;d) Redazione processo verbale e trasmissione alla Guardia di Finanza competente per territorio;3
La raccomandazione sulla reciproca assistenza amministrativa in materia doganale, firmata a Bruxelles in data 5 dicembre 1953 ed emanata dall'Organizzazione Mondiale delle Dogane, ha quali finalità:;a) incremento della collaborazione internazionale e contrasto alle trasgressioni alle leggi doganali, lesive degli interessi economico-finanziari degli Stati associati.;b) Tutela degli interessi e degli scambi commerciali tra gli Stati dell'Unione Europea.;c) disciplinare in maniera unica i controlli negli spazi doganali degli Stati associati.;d) incremento della collaborazione dei paesi dell'Unione Europea allo scopo di tutelare il mercato interno.;1
In caso di introduzione illegale nel territorio doganale dell'UNIONE di Moneta Falsa e di Sostanze Stupefacenti e sostanze psicotrope, se non strettamente controllati dalle autorità competenti per essere destinati ad uso medico e scientifico:;a) sorge l'obbligazione doganale una volta individuata l'introduzione;b) l'obbligazione doganale non sorge;c) sorge l'obbligazione doganale solo per la Moneta falsa;d) sorge sempre l'obbligazione doganale;2
Ai sensi di quanto stabilito dal TFUE l'Unione ha competenza esclusiva, tra gli altri, nel settore della coesione economica, sociale e territoriale?;a) si solo per il settore della coesione sociale;b) si per il settore della coesione territoriale;c) no, ha una competenza concorrente con quella degli Stati membri;d) si, ha una competenza esclusiva;3
Ai sensi di quanto stabilito dal TFUE l'Unione ha competenza esclusiva, tra gli altri, nel settore dell'ambiente?;a) si solo per l'ambiente marino;b) si solo per l'ambiente montano;c) no, ha una competenza concorrente con quella degli Stati membri;d) si, ha una competenza esclusiva;3
La circolazione intracomunitaria in temporanea sospensione di imposta di merci estere è prevista specificamente nel regime:;a) del transito trans comunitario;b) del transito comunitario;c) in nessun regime;d) del passaggio intracomunitario;2
Ai sensi di quanto stabilito dal TFUE l'Unione ha competenza esclusiva, tra gli altri, nel settore dell'energia?;a) si solo per il settore dell'energia atomica;b) si solo per il settore dell'energia rinnovabile;c) no, ha una competenza concorrente con quella degli Stati membri;d) si, ha una competenza esclusiva;3
Ai sensi di quanto stabilito dal TFUE l'Unione ha competenza esclusiva, tra gli altri, nel settore della sicurezza e giustizia?;a) si solo per il settore della giustizia;b) si solo per il settore della sicurezza;c) si, ha una competenza esclusiva;d) no, ha una competenza concorrente con quella degli Stati membri;4
Ai sensi dell'art. 35 del TFUE fra gli Stati membri le restrizioni quantitative all'esportazione e qualsiasi misura di effetto equivalente?;a) sono vietate;b) non sono vietate per i prodotti agricoli;c) non sono vietate per i beni di consumo;d) non sono vietate;1
Ai sensi dell'art. 34 del TFUE fra gli Stati membri le restrizioni quantitative all'importazione e qualsiasi misura di effetto equivalente?;a) non sono vietate per i prodotti agricoli;b) non sono vietate per i beni di consumo;c) non sono vietate;d) sono vietate;4
Ai sensi dell'art. 30 del TFUE fra gli Stati membri i dazi doganali all'importazione e all'esportazione o le tasse di effetto equivalente?;a) sono vietate;b) non sono vietate;c) non sono vietate per i prodotti agricoli;d) non sono vietate per i beni di largo consumo;1
A chi spetta la compilazione del processo verbale per le violazioni del TULD accertate entro gli spazi doganali?;a) Possono procedere anche gli altri organi della polizia giudiziaria;b) Possono procedere anche gli altri organi della polizia giudiziaria che accertano le violazioni;c) Esclusivamente al funzionario dell'amministrazione doganale all'uopo delegato, anche su rapporto verbale o scritto degli altri organi della polizia giudiziaria;d) Alla Guardia di Finanza;3
Nel reato di contrabbando, quali differenze di pena sono previste dalla normativa nei casi di reato tentato e consumato:;a) Si applica una pena ridotta della metà nel caso di reato tentato;b) Nessuna;c) Si applica una pena ridotta di 1/5 nel caso di reato tentato;d) Si applica una pena ridotta di 1/6 nel caso di reato tentato;2
E' possibile, fra gli Stati membri, applicare delle restrizioni quantitative all'importazione e all'esportazione e qualsiasi misura di effetto equivalente?;a) é possibile solo per le importazioni ai sensi degli artt. 34 e 35 del TFUE;b) è sempre possibile ai sensi degli artt. 34 e 35 del TFUE;c) è possibile solo per le esportazioni ai sensi degli artt. 34 e 35 del TFUE;d) è vietato ai sensi degli artt. 34 e 35 del TFUE;4
Quando sorge il rapporto giuridico doganale tra un soggetto passivo proprietario o detentore delle merci e lo Stato (o Unione Europea)?;"a) quando viene assolto il tributo doganale dovuto dalla normativa nazionale
e Unionale";"b) quando viene calcolato
il tributo doganale dovuto
dalla normativa nazionale
e Unionale";c) allorquando sul primo incombono una serie di divieti imposti dalla normativa nazionale e Unionale;d) nel momento in cui sul primo incombono una serie di obblighi che si estrinsecano nel tenere i comportamenti dovuti dalla normativa nazionale e Unionale;4
Con la dichiarazione doganale?;a) le persone sono sottoposte a controllo;b) le merci sono svincolate dai regimi doganali;c) le merci sono vincolate ad un regime doganale;d) le persone sono libere di circolare;3
Quale delle seguenti non rientra tra le attività del comparto doganale della Guardia di Finanza:;a) Il controllo della circolazione delle merci;b) Il transito e il deposito dei tabacchi;"c) I controlli effettuati in materia di ""lavoro sommerso"" nei confronti dei dipendenti aeroportuali";d) La vigilanza sull'importazione delle merci;3
L'individuazione del luogo dove sorge l'obbligazione tributaria doganale riveste particolare importanza ai fini della determinazione:;a) degli importi dei dazi e delle sanzioni da pagare;b) della competenza territoriale dello spedizioniere che deve formalizzare gli adempimenti;c) degli importi dei dazi da pagare;d) della competenza territoriale dell'Autorità Doganale che deve procedere alla contabilizzazione degli importi dei dazi;4
Ai sensi di quanto stabilito dal TFUE l'Unione ha competenza esclusiva, tra gli altri, nel settore dei trasporti?;a) si solo per i tresporti commerciali;b) si per i trsporti ferroviari, aerei e marittimi;c) no, ha una competenza concorrente con quella degli Stati membri;d) si, ha una competenza esclusiva;3
Quale articoli definiscono l'unione doganale:;a) gli articoli 33 e seguenti del TFUE;b) gli articoli 33 e seguenti del Regolamento CEE;c) gli articoli 33 e seguenti del TULD;d) gli articoli 33 e seguenti del dell'Organizzazione Mondiale delle Dogane;1
Ai sensi dell'art. 3 del TFUE l'Unione ha competenza esclusiva, tra gli altri, nel settore della politica commerciale comune?;a) no;b) solo con delega espressa degli Stati membri;c) no, hanno competenza solo i singoli Stati membri;d) si;4
Il deposito doganale, considerato dal Codice Doganale dell'Unione come un regime speciale, consente, a fronte di apposita autorizzazione da parte dell'autorità doganale:;a) la custodia delle merci dopo che le stesse siano sottoposte alla relativa imposizione tributaria;b) l'esenzione del pagamento dei diritti gravanti sulle merci anche dopo la dichiarazione della destinazione finale;c) la sospensione del pagamento dei diritti gravanti sulle merci;d) il pagamento dei diritti incombenti sulle merci;3
Che cos'è la libera circolazione delle merci?;a) significa che le merci originarie o prodotte nell'Unione Europea possono viaggiare tra gli stati membri dell'Unione senza vincoli doganali;b) è concessa anche alle merci extra comunitarie anche se non viene pagato il dazio;c) significa che le merci originarie o prodotte fuori dall'Unione Europea possono viaggiare tra gli stati membri dell'Unione senza vincoli doganali;d) significa che le merci originarie o prodotte nell'Unione Europea possono viaggiare fuori dagli stati membri dell'Unione pagando i dazi doganali;1
Quando viene utilizzato il documento informatico emesso dalla dogana chiamato T1?;a) Il T1 viene utilizzato quando si deve spostare una spedizione non comunitaria da un punto all'altro dell'Unione Europea, senza riscossione dei diritti doganali;b) Il T1 viene utilizzato quando si deve spostare una spedizione da una dogana all'altra dell'Unione Europea, effettuando la riscossione dei diritti doganali;c) Il T1 viene utilizzato quando la merce comunitaria viaggia fuori dall'Unione Europea, senza riscossione dei diritti doganali;d) Il T1 viene utilizzato quando si deve spostare una spedizione da un paese non comunitario ad uno dell'Unione Europea, con sospensione del pagamento dei diritti doganali;1
La legislazione doganale dell'Unione Europea si applica, ai sensi dell'art. 1 del Codice doganale dell'Unione Europea:;a) In modo uniforme negli Stati aderenti alla UE esclusa la Turchia;b) In modo uniforme in tutti gli Stati aderenti alla UE ed in quelli con i quali gli Stati membri hanno rapporti di reciprocità;c) In modo uniforme ma solo negli Stati che ratificano l'accordo;d) Alle merci che entrano nel territorio doganale dell'Unione o ne escono;4
Le circostanze aggravanti del contrabbando, al verificarsi delle quali, oltre all'aumento della misura della multa, è anche prevista la pena detentiva della reclusione, sono previste:;a) dall'art. 291 del T.U.L.D.;b) dall'art. 293 del T.U.L.D.;c) dall'art. 297 del T.U.L.D.;d) dall'art. 295 del T.U.L.D.;4
"Secondo una differenziazione elaborata dalla dottrina, il contrabbando extraispettivo deve essere distinto da quello intraispettivo; in particolare, il primo si commette:";a) tentando di introdurre merce estera alla visita doganale con documentazione falsa;b) tentando di introdurre merce estera sottraendola ai previsti controlli doganali;c) presentando la merce alla visita doganale ma ponendo in essere, nel contempo, artifici idonei ad ostacolare gli ordinari accertamenti svolti dagli organi preposti al controllo;d) tentando di introdurre merce estera alla visita doganale attraverso dei prestanome;2
Ai sensi dell'art. 334 del TULD per i delitti di contrabbando punibili con la sola pena della multa, l'amministrazione doganale può consentire che il colpevole effettui il pagamento, oltre che del tributo dovuto, di una somma:;a) da 5 a 10 volte il tributo stesso, da determinarsi dall'amministrazione medesima;b) da 2 a 10 volte il tributo stesso, da determinarsi dall'amministrazione medesima;c) da 2 a 6 volte il tributo stesso, da determinarsi dall'amministrazione medesima;d) da 3 a 6 volte il tributo stesso, da determinarsi dall'amministrazione medesima;2
Per i delitti di contrabbando punibili con la sola pena della multa, l'amministrazione doganale può consentire che il colpevole effettui il pagamento, oltre che del tributo dovuto, di una somma non inferiore al doppio e non superiore al decuplo del tributo stesso, da determinarsi dall'amministrazione medesima. Il pagamento della somma anzidetta e del tributo estingue il reato. L'estinzione del reato non impedisce l'applicazione della confisca, la quale è disposta con provvedimento dell'amministrazione doganale:;a) ai sensi dell'art. 324 del T.U.L.D.;b) ai sensi dell'art. 334 del T.U.L.D.;c) ai sensi dell'art. 234 del T.U.L.D.;d) ai sensi dell'art. 224 del T.U.L.D.;2
Su quali merci e in che modo vengono applicati i diritti di confine?;a) Sulle merci provenienti dagli Stati extra - Ue, con accertamento e liquidazione a cura dell'Ufficio finanziario unico europeo, che può delegare le proprie attribuzioni alle Amministrazioni doganali nazionali;b) Sulle merci provenienti dagli Stati extra - Ue, dai territori d'Oltremare e da quelli ad essi equiparati, con accertamento e liquidazione a cura di rappresentanti autorizzati ed abilitati dalla Commissione europea;c) Sulle merci provenienti dagli Stati extra - Ue, con accertamento e liquidazione a cura degli Uffici finanziari dei singoli Stati membri, sulla base di una tariffa doganale unificata a livello europeo;d) Indifferentemente su tutte le merci estere, con accertamento e liquidazione a cura degli uffici finanziari dei singoli Stati membri, sulla base delle rispettive tariffe doganali, comprese tra un minimo ed un massimo annualmente deliberato dalla Commissione europea;3
Il contrabbando è:;a) Il reato commesso da chi, con dolo, sottrae (o tenta di sottrarre) merci estere al sistema di controllo istituito per l'accertamento e la riscossione dei diritti doganali e, segnatamente, dei diritti di confine.;b) Il reato commesso da chi, con dolo, sottrae (o tenta di sottrarre) merci estere al sistema di controllo istituito per la riscossione dei diritti doganali e, segnatamente, dei diritti di confine.;c) Il reato commesso da chi, con dolo o colpa, sottrae (o tenta di sottrarre) merci estere al sistema di controllo istituito per la riscossione dei diritti doganali e, segnatamente, dei diritti di confine.;"d) Il reato commesso da chi, con dolo o colpa, sottrae (o tenta di sottrarre) merci estere al sistema di controllo istituito per l'accertamento
e la riscossione dei diritti doganali e, segnatamente, dei diritti di confine.";1
"Il d.lgs. 75/2020, al fine di dare attuazione alla direttiva ""PIF"", individua il bene giuridico protetto:";a) Negli interessi economico-finanziari nazionali.;b) Nelle risorse finanziarie dell'UE.;c) Nel patrimonio dello Stato.;"d) Nell'interesse della collettività ad una gestione della ""cosa pubblica"" sana, trasparente ed improntata ai principi di legalità, imparzialità e buon andamento.";2
L'introduzione clandestina di merce, non soggetta a dazio doganale, dalla Svizzera nel territorio dello Stato senza il pagamento dell'IVA configura il reato di:;"a) Contrabbando
aggravato nel movimento delle merci attraverso i confini di terra e gli spazi doganali.";b) Contrabbando nel movimento delle merci attraverso i confini di terra e gli spazi doganali.;c) Contrabbando nella movimentazione di beni ammessi a regimi speciali.;d) Evasione dell'IVA all'importazione.;4
Per violazioni amministrative al T.U.L.D. si redige:;a) verbale di contestazione;b) verbale di operazioni compiute;c) verbale di S.I;d) verbale di constatazione;1
Le cheap white sono:;a) Sigarette contraffatte, recanti marchi registrati nei rispettivi Paesi di produzione, che non potrebbero essere vendute in Italia, in quanto non conformi ai parametri minimi previsti dalla normativa nazionale.;b) Sigarette contraffatte, recanti marchi registrati nei rispettivi Paesi di produzione, che non potrebbero essere vendute in Italia o all'interno dell'Unione europea, in quanto non conformi ai parametri minimi previsti dalla normativa comunitaria.;c) Sigarette originali, recanti marchi registrati nei rispettivi Paesi di produzione, che non potrebbero essere vendute in Italia o all'interno dell'Unione europea, in quanto non conformi ai parametri minimi previsti dalla normativa comunitaria.;d) Sigarette originali, recanti marchi registrati nei rispettivi Paesi di produzione, che non potrebbero essere vendute in Italia, in quanto non conformi ai parametri minimi previsti dalla normativa nazionale.;3
A sensi dell'art. 301 del TULD:;a) È sempre ordinata la confisca delle cose che servirono o furono destinate a commettere il reato e delle cose che ne sono l'oggetto ovvero il prodotto o il profitto.;b) La confisca si applica anche in caso di patteggiamento, di assoluzione e nelle ipotesi depenalizzate.;c) È sempre ordinata la confisca dei mezzi di trasporto adattati/modificati al fine di stivare fraudolentemente merci di contrabbando a chiunque appartenenti.;d) Tutte le alternative proposte sono corrette.;4
Indicare quale di queste NON identifica una fattispecie di contrabbando disciplinata dal TULD:;a) Art. 288 - Contrabbando nei depositi doganali.;b) Art. 283 - Contrabbando del movimento delle merci nei laghi di confine.;c) Art. 297 - Contrabbando di merce extra UE.;"d) Art. 282 - Contrabbando nel movimento delle merci attraverso i confini di terra
e gli spazi doganali.";3
Tra le varie banche dati in uso al Corpo, in ambito doganale, spicca l'applicativo COGNOS. Questa, ancora in fase di miglioramento, permette ai militari che la utilizzano di:;"a) poter effettuare ricerche solo dopo aver richiesto il nulla osta all'Agenzia delle Dogane;";"b) effettuare ricerche inserendo tutta una serie di parametri, riuscendo ad ottenere dati in tempo reale;";"c) effettuare ricerche inserendo tutta una serie di parametri, riuscendo ad ottenere dati risalenti al giorno prima, se tale ricerca viene effettuata nella sezione ""analisi dei rischi GdF"";";d) nessuna delle alternative proposte è corretta.;3
L'articolo 20bis del T.U.L.D. disciplina il servizio di retrovalico. In quale dei seguenti esempi il militare della Guardia di Finanza potrà utilizzare, nell'ambito del controllo, il servizio di riscontro?;a) tutte le alternative proposte sono corrette.;"b) in caso di controllo all'interno degli spazi doganali;";"c) su tutto il territorio dello Stato, anche dove non è presente la zona di vigilanza doganale;";"d) in caso di controllo effettuato in zona di vigilanza doganale;";4
La richiesta di visita doganale, a mente dell'articolo 63 del T.U.L.D., deve essere:;a) nessuna delle altre risposte è corretta.;"b) redatta nel modo più completo ed esaustivo possibile, essendo da indirizzare all'Agenzia delle Dogane ai soli fini conoscitivi;";"c) redatta nel modo più completo ed esaustivo possibile, sebbene la discrezionalità nell'eseguirla spetta ai funzionari dell'Agenzia delle Dogane;";"d) redatta nel modo più completo ed esaustivo possibile, in quanto i funzionari dell'Agenzia delle Dogane non possono rifiutarsi di eseguirla;";4
A seguito delle novità introdotte dal D.Lgs. 15 gennaio 2016 n. 8, se, per violazioni in materia di contrabbando, è prevista una pena pecuniaria proporzionale, anche senza la determinazione dei limiti minimi o massimi, la somma dovuta:;a) è pari all'ammontare della multa o dell'ammenda, ma non può, in ogni caso, essere inferiore a euro 5.000 né superiore a euro 100.000;b) è pari all'ammontare della multa o dell'ammenda, ma non può, in ogni caso, essere inferiore a euro 5.000 né superiore a euro 30.000;c) è pari all'ammontare della multa o dell'ammenda, ma non può, in ogni caso, essere inferiore a euro 5.000 né superiore a euro 10.000;d) è pari all'ammontare della multa o dell'ammenda, ma non può, in ogni caso, essere inferiore a euro 5.000 né superiore a euro 50.000;4
La durata di permanenza delle merci in un regime di deposito:;a) È massimo di 24 mesi;b) Non è soggetta ad alcuna limitazione;c) È minimo di 12 mesi;d) È massimo di 36 mesi;2
Le zone franche e i depositi franchi sono:;a) Aree situate in paesi extra UE con i quali è stata stipulata apposita convenzione;b) Aree individuate liberamente dai singoli Stati membri;c) Aree situate nei paesi indicate dalla black list;d) Aree situate nel territorio doganale dell'Unione Europea;4
La zona di vigilanza doganale terrestre italiana può essere modificata con:;a) Decreto Legge;b) Decreto del Presidente della Repubblica;c) Regolamento Comunitario;d) Decreto Legislativo;2
Nell'esercizio delle loro funzioni, i funzionari doganali rivestono la qualità di:;a) Ufficiali di polizia tributaria;b) Ufficiali di pubblica sicurezza;c) Dirigenti capi;d) Incaricati di pubblico servizio;1
Nelle zone di vigilanza doganale marittima, i militari della Guardia di Finanza possono recarsi a bordo delle navi?;a) Sì, anche in quelle di stazza superiore a duecento tonnellate;b) Solo se di stazza non superiore a duecento tonnellate e non inferiore a cinquecento;c) Solo se di stazza non superiore a duecento tonnellate;d) Solo se di stazza non superiore a trecento tonnellate;1
Quale Organismo internazionale ha emanato la raccomandazione sulla reciproca assistenza amministrativa in materia doganale, firmata a Bruxelles in data 5 dicembre 1953?;a) La Commissione Europea;b) Il Parlamento Europeo;c) L'Organizzazione Mondiale delle Dogane;d) La NATO;3
"Non costituiscono ""diritti di confine"":";a) Le sovrimposte di consumo a favore dello Stato;b) Le sovrimposte all'esportazione;c) I dazi all'esportazione;d) I dazi all'importazione;2
Per le merci estere soggette a diritti di confine, il presupposto dell'obbligazione tributaria è costituito dalla loro destinazione:;a) Fuori la linea doganale;b) Entro il territorio doganale;c) Finale sia che essa si trovi entro o fuori la linea doganale;d) Fuori il territorio doganale;2
Un'associazione per delinquere finalizzata al contrabbando di tabacchi lavorati esteri consta:;a) Di tre o più persone;b) Di un'organizzazione malavitosa;c) Di due o più persone;d) Almeno di cinque o più persone;3
Ai fini dell'obbligazione tributaria doganale, il presupposto d'imposta si realizza nel momento in cui:;a) Viene rifiutata la dichiarazione doganale;"b) Viene pagata
l'obbligazione doganale";c) Viene accettata la dichiarazione doganale;d) Si presenta la dichiarazione doganale;3
Ai fini dell'accertamento e della repressione delle violazioni in danno al bilancio UE, la Guardia di Finanza si avvale dei poteri e delle facoltà attribuite da quale Decreto?;a) D.P.R. n. 600/73 e n. 633/72;b) D.P.R. n. 633/72;c) D.P.R. n. 600/73;d) D.P.R. n. 917/86;1
Ai sensi dell'art. 325 TULD, per le violazioni doganali accertate entro gli spazi doganali, la compilazione del processo verbale spetta esclusivamente:;a) Al funzionario accertatore;b) Al funzionario doganale delegato;c) Al direttore della Dogana;d) Alla Guardia di Finanza;2
Gli articoli 19 e 20 di quale Decreto disciplinano le attività di controllo doganale?;a) D.P.R. n. 917/86;b) D.P.R. n. 43/73;c) D.P.R. n. 600/73;d) D.P.R. n. 633/72;2
L'art. 295 del TULD prevede che il reato di contrabbando sia punito a titolo di:;a) colpa lieve;b) colpa;c) preterintenzione;d) dolo;4
I depositi I.V.A. previsti dall'art. 50 bis del D.L. 30/08/1993 n. 331:;a) Consentono di operare in sospensione d'imposta e di assolvere il tributo all'atto dell'estrazione delle merci agli operatori nazionali, comunitari ed extracomunitari.;b) Non consentono agli operatori nazionali, comunitari ed extracomunitari, di operare in sospensione d'imposta e di assolvere il tributo all'atto dell'estrazione delle merci;c) Sono depositi di merci già assoggettate all'I.V.A;d) Consentono ai soli operatori nazionali, di operare in sospensione d'imposta e di assolvere il tributo all'atto dell'estrazione delle merci;1
Nella normativa doganale, quale delle seguenti ipotesi deve verificarsi affinché si abbia la destinazione al consumo:;a) Il consumo reale dei beni nel territorio doganale;b) La dichiarazione di importazione definitiva;c) Il transito materiale dei beni attraverso la linea di confine;d) La certificazione di consumo definitiva;2
Le merci immesse nei depositi franchi possono essere usate:;a) solo alle condizioni stabilite dall'Unione europea;b) solo alle condizioni stabilite per l'importazione definitiva;c) solo alle condizioni stabilite per l'esportazione definitiva;d) solo alle condizioni stabilite dal manifesto;2
L'Autorità portuale, nell'ambito delle proprie competenze, gestisce:;a) I depositi doganali;b) Gli spazi doganali;c) Le aree e i beni del demanio marittimo;d) La zona di vigilanza doganale marittima;3
Alle merci presentate in dogana, può essere assegnata la destinazione doganale richiesta?;a) Sì, previa richiesta al Ministero dell'Economia e delle Finanze;b) Sì, sulla base del Documento Amministrativo Unico (D.A.U.);c) In nessun caso, in quanto è necessario l'accertamento dello stato delle merci;d) Sì, in ragione di quanto indicato sulla fattura commerciale;4
I controlli di sicurezza, previsti dal Programma Nazionale di Sicurezza, che vengono eseguiti nei porti ed aeroporti:;a) Sono assimilate alle visite;b) Sono assimilati a perquisizioni;c) Sono ispezioni;d) Nessuna delle altre risposte è corretta;4
Quando i militari della Guardia di Finanza, in zona di vigilanza doganale, effettuano un servizio di retrovalico e si trovano dinanzi ad una fattispecie di illecito amministrativo/reato, la verbalizzazione spetta:;"a) ai militari della Guardia di Finanza che hanno operato il controllo, congiuntamente ai funzionari dell'Agenzia delle Dogane;";"b) ai funzionari
dell'Agenzia delle Dogane, in via esclusiva;";"c) ai militari della Guardia di Finanza, che hanno effettuato il controllo in retrovalico;";d) Nessuna delle altre alternative è corretta;3
Tutte le operazione doganali, previste dall'art. 56 del TULD, devono:;a) Essere anticipate dalla presentazione di una dichiarazione in dogana;b) Essere autorizzate con provvedimento dell'Autorità Portuale previa dichiarazione di intenti dell'importatore;c) essere seguite da un dichiarazione in dogana entro e non oltre 15 giorni;d) Essere seguite da una dichiarazione da effettuarsi entro le 48 ore;1
Quale delle seguenti non è una circostanza aggravante del contrabbando prevista dall'art. 295 del T.U.L.D.?;a) quando nel commettere il reato, o immediatamente dopo nella zona di vigilanza, il colpevole sia sorpreso a mano armata;b) quando il fatto sia connesso con altro delitto contro la fede pubblica o contro la pubblica amministrazione;c) quando il colpevole sia un associato per commettere delitti di contrabbando e il delitto commesso sia tra quelli per cui l'associazione è stata costituita;d) quando il reato è perpetrato utilizzando i mezzi di trasporto di un appartenente all'associazione criminale;4
Quale tra le seguenti affermazioni sulla Legge 7 febbraio 1992, n. 150 in materia di applicazione della C.I.T.E.S. è falsa?;a) Prevede sanzioni aggravate in caso di recidiva;b) Le violazioni ivi previste non possono concorrere con il reato di contrabbando.;c) I reati previsti sono graduati a seconda dell'appartenenza alla specie oggetto di violazione ai diversi allegati al Regolamento (CE) n. 338/97;d) L'introduzione nel territorio nazionale, l'esportazione o la riesportazione di oggetti personali o domestici in violazione delle disposizioni del Regolamento sono sanzionate solo penalmente;4
A chi deve essere trasmesso il processo verbale redatto per violazioni penali contestate in materia doganale?;a) al Procuratore della Repubblica;b) al Ricevitore doganale;c) al Direttore della dogana;d) alla Guardia di Finanza;1
"L'art. 25 T.U.L.D. prevede l'inversione del regime ""normale"" di prova all'interno della zona di vigilanza terrestre. Qui, è il detentore delle merci a
doverne dimostrare ";a) La loro rinvenienza da altro reato (quale, per esempio, la Ricettazione) che non ne abbia comportato la sottrazione al pagamento dei diritti di confine.;"b) Alternativamente, la loro legittima provenienza o la loro rinvenienza da altro reato (quale, per esempio, laRicettazione) che non ne abbia comportato la sottrazione al
pagamento dei diritti di confine.";c) La loro legittima provenienza.;d) Allo stesso tempo, la loro legittima provenienza e la loro rinvenienza da altro reato (quale, per esempio, la Ricettazione) che non ne abbia comportato la sottrazione al pagamento dei diritti di confine.;2
Nel contrabbando intraispettivo:;a) la merce viene introdotta attraverso i canali doganali, mentre nel contrabbando extraispettivo transita al di fuori degli stessi;b) la merce viene introdotta al di fuori dei canali doganali, mentre nel contrabbando extraispettivo transita attraverso gli stessi;c) la merce viene introdotta attraverso i canali doganali, analogamente a quanto avviene nel contrabbando extraispettivo;d) le merci vengono presentate in dogana senza essere occultate sotto un carico di copertura, mentre nell'extraispettivo vengono presentate in dogana opportunamente occultate con un carico a ciò destinato;1
"Tra le varie tipologie di frodi doganali, di notevole rilevanza è l'abuso del ""regime 42"". In particolare, tale frode:";a) riguarda la merce che deve essere utilizzata temporaneamente e poi riesportata.;"b) si chiama così perché il numero 42 è da riferirsi al codice TARIC nel quale deve rientrare la merce oggetto di importazione;";"c) è relativa alla sola merce proveniente dai paesi del sud-est asiatico, nei confronti dei quali vi sono degli appositi accordi bilaterali;";"d) viene richiesta dall'importatore per non pagare l'IVA nel primo Paese europeo dove arriva la spedizione, prima di raggiungere il Paese di destinazione;";4
Ad oggi vengono sequestrate tre tipologie di sigarette:;"a) - originali (dirottate di contrabbando da altri mercati);- sigarette contraffatte;
- sigarette cosiddette «pure white».";"b) - originali (dirottate di contrabbando da altri mercati);- sigarette contraffatte;
- sigarette cosiddette «cheap white».";"c) - non originali (dirottate di contrabbando da altri mercati);- sigarette contraffatte;
- sigarette cosiddette «cheap white».";"d) - originali (dirottate di contrabbando da altri mercati);- sigarette contraffatte;
- sigarette cosiddette «cheap grey».";2
L'articolo 20 del T.U.L.D. prevede la possibilità di effettuare, all'interno degli spazi doganali, il controllo sulle persone e sui valori che questi portano con sé. A livello puramente normativo, è previsto che tale controllo sia effettuato:;a) solo dai militari della Guardia di Finanza.;b) solo dai funzionari dell'Agenzia delle Dogane.;c) congiuntamente.;d) solo dalla Polizia di Frontiera.;2
In materia di verbalizzazione, all'interno degli spazi doganali, la potestà relativa alla redazione dei verbali spetta:;"a) in via esclusiva all'Agenzia delle Dogane;";b) in via esclusiva alla Guardia di Finanza.;c) Ai funzionari doganali ai quali verrà inviato rapporto verbale o scritto ai sensi dell'art. 325 del TULD.;"d) ai funzionari
dell'Agenzia delle Dogane quando si tratta di fattispecie legate al T.U.L.D. ed a tutto ciò che è inerente dazi doganali; ai militari della Guardia di Finanza in tutti gli altri casi, come ad esempio nel caso delle sostanze stupefacenti.";4
Ai fini della sicurezza negli aeroporti, la partecipazione del Corpo nei Comitati di Sicurezza Aeroportuale è assicurata da:;a) Il Comandante del Reparto competente;b) Il Comandante Generale;c) Il Comandante Regionale;d) Il Comandante Provinciale;1
Il TULD (Testo Unico sulle Leggi Doganali) è ad oggi ancora vigente nonostante la presenza concomitante del Regolamento UE 952/2013 (Codice Doganale dell'Unione Europea)?;a) Si, ma solo per le materie per le quali tali provvedimenti fanno rinvio alle norme nazionali;b) NO, è esplicitamente abrogato;c) Si, è tuttora in vigore;d) Non trova più alcuna applicazione essendo stato tacitamente abrogato;3
Cosa introduce il Regolamento UE n. 952/2013?;a) Il Codice fiscale comunitario;b) Il Codice identificativo comunitario;c) Il Codice di consumo comunitario;d) Il Codice doganale dell'Unione Europea;4
La richiesta di visita doganale, a mente dell'articolo 63 del T.U.L.D., viene predisposta:;a) dai militari della Guardia di Finanza, dopo aver effettuato il servizio di riscontro.;"b) dalla polizia di frontiera;";"c) dai funzionari
dell'Agenzia delle Dogane, dopo che i militari della Guardia di Finanza hanno effettuato il servizio di riscontro;";"d) dai funzionari
dell'Agenzia delle Dogane, a seguito del servizio di riscontro;";1
Chi è l'Autorità di controllo competente in materia CITES in Italia?;a) Nessuna delle altre alternative è corretta;"b) l'Arma dei Carabinieri, in via esclusiva;";c) l'Arma dei Carabinieri in ambito territoriale e la Guardia di Finanza all'interno degli spazi doganali;d) La Guardia di Finanza, in via esclusiva.;3
In caso di introduzione illecita di sostanze stupefacenti o psicotrope negli spazi doganali:;a) è configurabile il reato di contrabbando, in quanto non si ha l'insorgenza dell'obbligazione doganale;b) è configurabile il reato di contrabbando, quando la sostanza illecitamente introdotta sia di quantitativo superiore a 10 grammi;c) non è configurabile il reato di contrabbando, in quanto non si ha l'insorgenza dell'obbligazione doganale;"d) è configurabile il reato di contrabbando, quando la sostanza illecitamente introdotta sia di quantitativo non rientrante nella definizione di ""dose personale""";3
La banca dati SCNTT è una banca dati:;"a) ancora in fase di elaborazione, che permette di effettuare ricerche storiche fino a 20 giorni prima;";"b) alimentata da una fitta rete di telecamere dislocata su tutto il territorio dello Stato;";"c) accessibile attraverso la Dorsale informatica;";d) nessuna delle alternative proposte è corretta.;1
Il mod. N77, relativo al riscontro effettuato sulle provviste di bordo sulle navi da crociera e commerciali, viene ritirato quando il suddetto natante:;"a) lascerà il territorio dello Stato per dirigersi verso un porto estero;";b) attraccherà presso un altro porto italiano;c) tutte le alternative proposte sono corrette;d) permarrà presso il porto di attracco, con la conseguente emissione di un ulteriore modello N77.;1
Il servizio di riscontro, in virtù dell'articolo 21 del T.U.L.D., è un servizio svolto dai militari dellaGuardia di Finanza, attraverso il quale questipossono effettuare un controllo di corrispondenza fra la merce trasportata e la documentazione a corredo della spedizione. Nello svolgere tale attività di controllo, i militari possono:;"a) effettuare il controllo solo dopo aver notiziatol'Agenzia delle Dogane;";"b) effettuare il controllo, avendone piene facoltà, inmodo completamenteautonomo;";"c) effettuare il controllo solo dopo aver notiziato lapropria SuperioreGerarchia;";"d) effettuare il controllo ma contattareimmediatamente lospedizioniere per
comunicargli dell'avvenuto riscontro.";2
La fabbricazione, l'uso industriale, l'introduzione nel territorio dello Stato, la detenzione per la vendita, la vendita con offerta diretta e la messa in circolazione di beni usurpando un titolo di proprietà industriale, da parte di chi poteva conoscere l'esistenza di detto titolo, sono condotte punite:;a) dall'art. 517 ter c.p.;b) dall'art. 517 quater;c) dall'art. 517 c.p;d) dall'art. 517 bis c.p.;1
