La confisca (ex art. 12-bis D.Lgs. 74/2000):;a) non opera per la parte che il contribuente si impegna a versare all'erario anche in presenza di sequestro.;b) non è applicata nei confronti degli autori delle condotte previste e punite dal D.Lgs. 74/2000.;c) opera per la parte che il contribuente si impegna a versare all'erario anche in presenza di sequestro.;d) opera per la parte che il contribuente si impegna a versare all'erario indipendentemente dall'adozione di un provvedimento di sequestro.;1
"I reati di ""omesso versamento di ritenute dovute o certificate"" e di ""omesso versamento di IVA"" (artt. 10-bis e 10-ter) non sono punibili se, prima della dichiarazione di apertura del dibattimento di primo grado (art. 13 D.Lgs. 74/2000):";a) i debiti tributari, eccetto le sanzioni amministrative e gli interessi, sono stati parzialmente estinti mediante il pagamento di almeno una rata degli importi dovuti.;b) i debiti tributari, eccetto le sanzioni amministrative e gli interessi, sono stati estinti mediante integrale pagamento degli importi dovuti.;c) nessuna delle altre risposte è corretta.;d) i debiti tributari, comprese sanzioni amministrative e interessi, sono stati estinti mediante integrale pagamento degli importi dovuti.;4
Chiunque non presenta, essendovi obbligato, la dichiarazione di sostituto d'imposta (art. 5 D.Lgs. 74/2000):;"a) è punito con la
reclusione da uno a cinque anni, quando l'ammontare delle ritenute non versate è superiore ad € 30.000.";b) non compie una condotta penalmente sanzionata.;c) viene punito solo con sanzione amministrativa (D.Lgs. 471/97).;"d) è punito con la
reclusione da due a cinque anni, quando l'ammontare delle ritenute non versate è superiore ad € 50.000.";4
"La ""confisca"" prevista dalla normativa penal- tributaria (art. 12-bis D.Lgs. 74/2000):";a) è sempre disposta per la parte che il contribuente si impegna a versare all'erario anche in presenza di sequestro.;b) opera per la parte che il contribuente si impegna a versare all'erario anche in presenza di sequestro.;c) è rimessa al libero apprezzamento dell'A.G. inquirente per la parte che il contribuente si impegna a versare all'erario anche in presenza di sequestro.;d) non opera per la parte che il contribuente si impegna a versare all'erario anche in presenza di sequestro.;4
"I beni sequestrati nell'ambito dei procedimenti penali relativi ai delitti previsti dal D.Lgs. 74/2000 e a ogni altro delitto tributario, diversi dal denaro e dalle disponibilità finanziarie (art. 18-bis ""custodia giudiziale dei beni sequestrati""):";a) possono essere affidati dall'A.G. in custodia giudiziale agli organi dell'amministrazione finanziaria che ne facciano richiesta per curarne la rivendita sul mercato.;b) devono essere affidati dall'A.G. in custodia giudiziale agli organi dell'amministrazione finanziaria che ne facciano richiesta.;c) possono essere affidati dall'A.G. in custodia giudiziale agli organi dell'amministrazione finanziaria che ne facciano richiesta per le proprie esigenze operative.;d) non possono essere affidati dall'A.G. in custodia giudiziale agli organi dell'amministrazione finanziaria che ne facciano richiesta, salvo qualora siano divenuti inutilizzabili.;3
I redditi delle società semplici residenti nel territorio dello Stato (art. 5 TUIR) sono:;a) tassati in capo alla società con l'aliquota del 24%.;b) imputati a ciascun socio, indipendentemente dalla percezione, proporzionalmente alla sua quota di partecipazione agli utili.;c) tassati in capo alla società con l'aliquota del 24%, se percepiti da ciascun socio.;d) imputati a ciascun socio, se percepiti, mentre vengono tassati in capo alla società in caso contrario (scontando l'attuale aliquota del 24%).;2
Ai fini delle imposte sui redditi, si considerano residenti le società e gli enti che per la maggior parte del periodo di imposta hanno (art. 73, 3° comma TUIR):;a) nessuna delle altre risposte è corretta.;b) la sede legale e la sede dell'amministrazione nel territorio dello Stato.;"c) la sede
dell'amministrazione e l'oggetto principale nel territorio dello Stato.";d) la sede legale o la sede dell'amministrazione o l'oggetto principale nel territorio dello Stato.;4
Ai fini delle imposte sui redditi, le associazioni senza personalità giuridica costituite fra persone fisiche per l'esercizio in forma associata di arti e professioni sono equiparate (art. 5 TUIR):;a) alle società a responsabilità limitata.;b) alle società semplici.;c) alle società in accomandita semplice.;d) alle società di capitali o alle società di persone.;2
Ai sensi dell'art. 24 della L. 4/29, le violazioni delle norme contenute nelle leggi finanziarie sono constatate mediante:;a) verbale di contestazione.;b) verbale.;c) comunicazione orale.;d) processo verbale.;4
I corrispettivi percepiti a seguito di cessione della clientela o di elementi immateriali comunque riferibili all'attività artistica o professionale (art. 54, comma 1-quater TUIR):;a) Concorrono a formare il reddito.;b) non concorrono a formare il reddito.;"c) concorrono alla
formazione del reddito per il 50%.";d) concorrono a formare il reddito solo per la parte riconducibile alla cessione della clientela, ma non per quella relativa alla cessione di elementi immateriali.;1
L'imposta si applica separatamente sui seguenti redditi (art. 17 TUIR):;a) indennità per la cessazione di rapporti di agenzia delle persone fisiche e delle società di persone.;b) trattamento di fine rapporto (art. 2120 c.c.) e indennità equipollenti.;c) emolumenti arretrati per prestazioni di lavoro dipendente riferibili ad anni precedenti, percepiti per cause non dipendenti dalla volontà delle parti.;d) tutte le altre risposte sono corrette.;4
Le violazioni delle norme contenute nelle leggi finanziarie (art. 24 L. 4/29) sono constatate mediante processo verbale?;a) No, attraverso verbale.;b) Sì.;c) No, tramite verbale di contestazione.;d) No, per mezzo di verbale di operazioni compiute.;2
I redditi delle società semplici, in nome collettivo e in accomandita semplice residenti nel territorio dello Stato sono imputati a ciascun socio indipendentemente dalla percezione, proporzionalmente alla sua quota di partecipazione agli utili (art. 5 TUIR)?;a) No, esclusivamente quelli delle società in nome collettivo.;b) Sì.;c) No.;d) No, solo quelli delle società in nome collettivo e in accomandita semplice.;2
L'imposta (art. 11 TUIR) non è dovuta se il reddito complessivo è costituito:;a) solo da redditi di terreni per un importo non superiore a 185,92 euro.;b) soltanto dal reddito dell'unità immobiliare adibita ad abitazione principale e delle relative pertinenze.;c) tutte le altre risposte sono corrette.;d) soltanto da redditi di pensione non superiori a 7.500 euro, goduti per l'intero anno.;3
Se l'ammontare dei crediti d'imposta è superiore a quello dell'imposta netta il contribuente ha diritto, a sua scelta (art. 11 TUIR):;a) di computare l'eccedenza in diminuzione dell'imposta relativa al periodo d'imposta successivo;"b) di computare
l'eccedenza in diminuzione dell'imposta relativa al periodo d'imposta successivo, di chiederne il rimborso in sede di dichiarazione dei redditi o negli anni successivi.";c) di chiederne il rimborso in sede di dichiarazione dei redditi.;"d) di computare
l'eccedenza in diminuzione dell'imposta relativa al periodo d'imposta successivo o di chiederne il rimborso in sede di dichiarazione dei redditi.";4
"Per ""fatture o altri documenti per operazioni inesistenti"" (art. 1 D.Lgs. 74/2000) si intendono:";a) solo le fatture o gli altri documenti aventi rilievo probatorio analogo in base alle norme tributarie, emessi a fronte di operazioni non realmente effettuate in tutto o in parte.;b) le fatture o gli altri documenti aventi rilievo probatorio analogo in base alle norme tributarie, emessi a fronte di operazioni non realmente effettuate in tutto o in parte o che indicano i corrispettivi o l'IVA in misura superiore a quella reale, ovvero che riferiscono l'operazione a soggetti diversi da quelli effettivi.;c) le fatture o gli altri mezzi fraudolenti aventi rilievo probatorio in base alle norme tributarie, emessi a fronte di operazioni non realmente effettuate in tutto o in parte o che indicano i corrispettivi o l'IVA in misura superiore a quella reale, ovvero che riferiscono l'operazione a soggetti coincidenti con quelli effettivi.;d) esclusivamente le fatture che riferiscono l'operazione a soggetti diversi da quelli effettivi.;2
Per procedere durante l'accesso all'esame di documenti ed alla richiesta di notizie relativamente ai quali è eccepito il segreto professionale, ferma restando la norma di cui all'art. 103 c.p.p., l'autorizzazione del Procuratore della Repubblica o dell'autorità giudiziaria più vicina (art. 33 DPR 600/73 e 52 DPR 633/1972):;a) non è necessaria.;b) non è necessaria per la richiesta di notizie, ma solo per l'esame di documenti.;c) è necessaria solo quando il segreto professionale è opposto da un sanitario.;d) è in ogni caso necessaria.;4
L'accesso in locali diversi da quelli destinati all'esercizio d'attività commerciali, agricole, artistiche o professionali può essere eseguito, previa autorizzazione del procuratore della Repubblica (art. 52 DPR 633/72):;a) solo in caso di gravi indizi di colpevolezza di violazioni penali, allo scopo di reperire libri, registri, documenti, scritture, interrogatori ed altre prove delle violazioni.;b) solo in caso di indizi di violazioni delle norme del presente decreto, allo scopo di reperire libri, registri, documenti, scritture, effettuare ricognizioni, ispezioni personali ed altre prove delle violazioni.;c) soltanto in caso di gravi indizi di violazioni delle norme del presente decreto, allo scopo di reperire libri, registri, documenti, scritture ed altre prove delle violazioni.;d) rilasciata a discrezione insindacabile dell'A.G..;3
Sono redditi d'impresa (art. 55 DPR 917/86):;a) i redditi derivanti dall'attività di sfruttamento di miniere, cave, torbiere, saline, laghi, stagni e altre acque interne.;b) quelli che derivano dall'esercizio di imprese commerciali.;c) tutte le altre risposte sono corrette.;d) i redditi derivanti dall'esercizio di attività organizzate in forma d'impresa dirette alla prestazione di servizi che non rientrano nell'art. 2195 c.c. .;3
I singoli redditi sono classificati nelle seguenti categorie (art. 6 TUIR):;a) redditi fondiari, redditi agrari, redditi di capitale, redditi di lavoro dipendente, redditi di lavoro autonomo, redditi di società e altri redditi.;b) redditi di fabbricati, redditi di capitale, redditi di lavoro dipendente, redditi di lavoro indipendente, redditi di società e redditi diversi.;"c) redditi agrari, redditi di capitale, redditi di lavoro dipendente, redditi di lavoro
indipendente, redditi di impresa e redditi diversi.";"d) redditi fondiari, redditi di capitale, redditi di lavoro dipendente, redditi di lavoro
autonomo, redditi di impresa e redditi diversi.";4
I redditi delle società in nome collettivo e in accomandita semplice (art. 6 TUIR):;a) non sono considerati redditi di impresa.;b) sono considerati redditi di impresa se provengono da imprese commerciali ed esercitano attività economica indipendentemente dall'oggetto sociale e sono determinati secondo norme specifiche.;c) da qualsiasi fonte provengano e quale che sia l'oggetto sociale, sono considerati redditi di impresa e sono determinati unitariamente secondo le norme relative a tali redditi.;d) sono considerati redditi di impresa, a condizione che derivino da attività d'impresa e che l'oggetto sociale contempli l'esercizio di attività commerciale.;3
Il valore normale è determinato in base alla media aritmetica dei prezzi rilevati nell'ultimo mese (art. 9 DPR 917/86):;a) per le quote di società non azionarie.;"b) per le azioni,
obbligazioni e altri titoli negoziati in mercati regolamentati italiani o esteri.";c) per i titoli o quote di partecipazione al capitale di enti diversi dalle società.;d) per le società o enti di nuova costituzione.;2
"Nel reato di ""dichiarazione fraudolenta mediante uso di fatture o altri documenti per operazioni inesistenti"" (art. 2 D.Lgs. 74/2000), l'elemento soggettivo è rappresentato:";a) dal dolo specifico.;b) dal dolo generico.;c) dalla colpa cosciente.;d) nessuna delle altre soluzioni è corretta.;1
Per procedere durante l'accesso all'apertura coattiva di pieghi sigillati e borse, l'autorizzazione del Procuratore della Repubblica o dell'autorità giudiziaria più vicina (art. 33 DPR 600/73 e 52 DPR 633/1972):;a) non è necessaria.;b) è in ogni caso necessaria.;c) non è necessaria, eccetto per la casistica stabilita dalla stessa norma.;d) è necessaria solo per l'apertura coattiva delle borse, ma non dei pieghi sigillati.;2
La permanenza degli operatori civili o militari dell'amministrazione finanziaria, dovuta a verifiche presso la sede del contribuente, non può superare i 30 giorni lavorativi (art. 12 L. 212/2000). Può essere prorogata?;a) No.;b) Sì, per ulteriori 30 giorni nei casi di particolare complessità dell'indagine.;c) Sì, per ulteriori 30 giorni senza bisogno di alcuna motivazione.;d) Sì, per ulteriori 15 giorni su disposizione del dirigente dell'ufficio.;2
Ai sensi dell'art. 9 del D.Lgs. 74/2000, l'emittente fatture o altri documenti per operazioni inesistenti e chi concorre con il medesimo:;a) nessuna delle altre risposte è corretta.;"b) è punibile a titolo di concorso nel reato di ""dichiarazione fraudolenta mediante uso di fatture o altri documenti per operazioni inesistenti"" (ex art. 110 c.p.).";"c) non è punibile a titolo di concorso nel reato di ""dichiarazione fraudolenta mediante uso di fatture o altri documenti per operazioni inesistenti"".";"d) è punibile a titolo di concorso nella contravvenzione di ""dichiarazione fraudolenta mediante uso di fatture o altri documenti per operazioni inesistenti"" (ex art. 110 c.p.).";3
"Non danno luogo a fatti punibili quali
""dichiarazione fraudolenta mediante altri artifici"" e ""dichiarazione infedele"", le valutazioni estimative (art. 7 D.Lgs. 74/2000) che:";a) complessivamente considerate, differiscono in misura inferiore al 20% da quelle corrette.;b) complessivamente considerate, differiscono in misura inferiore al 10% da quelle corrette.;"c) singolarmente
considerate, differiscono in misura inferiore al 10% da quelle corrette.";"d) singolarmente
considerate, differiscono in misura inferiore al 20% da quelle corrette.";3
"Integra il reato di ""omesso versamento di IVA"" (art. 10-ter D.Lgs. 74/2000), chiunque non versa, entro il termine per il versamento dell'acconto relativo al periodo d'imposta successivo, l'IVA dovuta in base alla dichiarazione annuale, per un ammontare superiore per ciascun periodo d'imposta ad:";a) € 50.000.;b) € 250.000.;c) € 150.000.;d) € 500.000.;2
È punito con la reclusione da 1 anno e 6 mesi a 6 anni chiunque non versa le somme dovute, utilizzando in compensazione (art. 17 D.Lgs. 241/97) crediti inesistenti per un importo annuo superiore ad (art. 10-quater, 2° comma D.Lgs. 74/2000):;a) € 100.000.;b) € 150.000.;c) € 250.000.;d) € 50.000.;4
Il procedimento amministrativo di accertamento ed il processo tributario (art. 20 D.Lgs. 74/2000):;a) possono essere sospesi per la pendenza del procedimento penale avente ad oggetto i medesimi fatti o fatti dal cui accertamento comunque dipende la relativa definizione.;b) non possono essere sospesi per la pendenza del procedimento penale avente ad oggetto i medesimi fatti o fatti dal cui accertamento comunque dipende la relativa definizione.;"c) seguono la cd.
""pregiudiziale tributaria"".";d) devono essere sospesi per la pendenza del procedimento penale avente ad oggetto i medesimi fatti o fatti dal cui accertamento comunque dipende la relativa definizione.;2
"La confisca cd. ""per sproporzione"" è un istituto giuridico applicabile in caso di condanna (art. 12- ter D.Lgs. 74/2000):";a) per gli artt. 2, 3, 4, 5 e 8 D.Lgs. 74/2000.;b) per tutti i reati del D.Lgs. 74/2000.;c) per gli artt. 4 e 5 D.Lgs. 74/2000.;d) per alcuni reati del D.Lgs. 74/2000.;4
Quando uno stesso fatto integra una fattispecie prevista e punita dagli artt. da 2 ad 11 del D.Lgs. 74/2000 e da una disposizione che prevede una sanzione amministrativa (art. 19 D.Lgs. 74/2000):;a) si applica la sanzione amministrativa per il principio del favor rei.;b) si applicano sempre entrambe le sanzioni.;c) si applica la disposizione speciale.;d) si applica sempre e solo la sanzione penale.;3
"La confisca cd. ""per sproporzione"" è prevista:";a) dall'art. 240-bis c.p..;b) dall'art. 10-bis della L. 212/2000.;c) dall'art. 12 del D.Lgs. 74/2000.;d) dall'art. 240 c.p.p..;1
Per i reati previsti in materia di società e consorzi (artt. 2621 ss. c.c.), al soggetto formalmente investito della qualifica o titolare della funzione prevista dalla legge civile è equiparato (art. 2639 c.c.):;a) esclusivamente chi esercita in modo continuativo e significativo i poteri tipici inerenti alla qualifica o alla funzione.;b) solo chi è tenuto a svolgere la stessa funzione, diversamente qualificata.;c) sia chi è tenuto a svolgere la stessa funzione, diversamente qualificata, sia chi esercita in modo continuativo e significativo i poteri tipici inerenti alla qualifica o alla funzione.;d) sia chi è tenuto a svolgere la stessa funzione, diversamente qualificata, sia chi esercita in modo continuativo e significativo i poteri tipici inerenti alla qualifica o alla funzione, sia chi riveste la qualifica di dirigente.;3
"Si considera ""reato transnazionale"", il reato punito con la pena della reclusione non inferiore nel massimo a 4 anni, qualora sia coinvolto un gruppo criminale organizzato, nonché sia commesso (art. 3 della L. 146/2006):";a) nessuna delle altre risposte è corretta.;b) in un solo Stato.;c) in uno Stato, ma una parte anche non sostanziale della sua preparazione, pianificazione, direzione o controllo avvenga in un altro Stato.;d) in uno Stato ma abbia effetti sostanziali in un altro Stato.;4
In sede di rettifica o di accertamento d'ufficio sono imputati al contribuente i redditi di cui appaiono titolari altri soggetti quando sia dimostrato (art. 37, 3° comma DPR 600/73):;a) sulla base di presunzioni legali assolute o relative o di presunzioni semplici o semplicissime, che egli ne è l'effettivo possessore per interposta persona.;b) sulla base di presunzioni legali assolute, semplici o semplicissime, che egli ne è l'effettivo possessore per interposta persona.;c) che egli ne è l'effettivo possessore per interposta persona, sulla base di sospetti.;d) anche sulla base di presunzioni gravi, precise e concordanti, che egli ne è l'effettivo possessore per interposta persona.;4
"Per i compensi corrisposti dall'artista o
professionista al coniuge per il lavoro prestato o per l'opera svolta (art. 54, comma 6-bis TUIR):";a) sono ammesse deduzioni al 19%.;b) sono ammesse deduzioni.;c) non sono ammesse deduzioni.;d) Non sono ammesse deduzioni, salvo nelle ipotesi elencate dalla norma.;3
Sono redditi di lavoro autonomo (art. 53 TUIR):;a) le indennità per la cessazione di rapporti di agenzia.;b) le indennità percepite dal personale dipendente.;c) le partecipazioni agli utili spettanti ai soci ed agli obbligazionisti di società per azioni.;"d) le indennità corrisposte ai magistrati di ogni ordine
e grado.";1
Le violazioni di norme tributarie dipendenti da obiettive condizioni di incertezza sulla loro portata e sul loro ambito di applicazione (art. 15 D.Lgs. 74/2000):;a) danno luogo a fatti punibili ai sensi del D.Lgs. 74/2000.;b) non danno luogo a fatti punibili ai sensi del D.Lgs. 74/2000.;c) danno luogo a fatti punibili ai sensi del D.Lgs. 74/2000 in tassative ipotesi previste dalla norma.;d) nessuna delle altre risposte è corretta.;2
Rientrano tra i redditi di lavoro autonomo (art. 53 TUIR):;a) le indennità per la cessazione di rapporti di agenzia.;b) le partecipazioni agli utili spettanti ai promotori e ai soci fondatori di società per azioni, in accomandita per azioni e a responsabilità limitata.;c) tutte le altre risposte sono corrette.;"d) le indennità corrisposte
ai giudici onorari di pace e
ai vice procuratori onorari.";3
Il corso della prescrizione per i delitti previsti dal D.Lgs. 74/2000 è interrotto (art. 17):;a) dagli atti indicati nell'art. 160 c.p., dal verbale di constatazione o dall'atto di accertamento delle relative violazioni.;b) solamente dal verbale di constatazione o dall'atto di accertamento delle relative violazioni.;c) dal verbale di verifica, dal verbale di constatazione e dall'atto di accertamento delle relative violazioni.;d) dagli atti indicati nell'art. 160 c.p., dall'invito a comparire, dal verbale di constatazione e dall'atto di accertamento delle relative violazioni.;1
"A norma dell'art. 3 della L. 146/2006, si considera ""reato transnazionale"" il reato punito con la pena della reclusione non inferiore nel massimo a 4 anni, qualora sia coinvolto un gruppo criminale organizzato, nonché sia commesso:";a) in uno Stato, ma una parte sostanziale della sua preparazione, pianificazione, direzione o controllo avvenga in un altro Stato.;b) in più di uno Stato.;c) tutte le altre risposte sono corrette.;d) in uno Stato, ma in esso sia implicato un gruppo criminale organizzato impegnato in attività criminali in più di uno Stato.;3
Sono considerati redditi d'impresa (art. 55, 2° comma TUIR):;a) i redditi dei terreni.;b) i redditi derivanti dall'attività degli enti non commerciali.;c) i redditi derivanti dall'attività di sfruttamento di miniere, cave, torbiere, saline, laghi, stagni e altre acque interne.;d) nessuna delle altre risposte è corretta.;3
Sono imputati a ciascun socio, indipendentemente dalla percezione, proporzionalmente alla sua quota di partecipazione agli utili (art. 5 TUIR):;"a) i redditi delle società in
nome collettivo residenti
nel territorio dello Stato.";b) i redditi delle società semplici residenti nel territorio dello Stato.;c) tutte le altre risposte sono corrette.;d) i redditi delle società in accomandita semplice residenti nel territorio dello Stato.;3
I redditi delle società in accomandita semplice residenti nel territorio dello Stato sono (art. 5 DPR 917/86):;a) tassati in capo alla società con l'aliquota del 24%.;b) tassati in capo alla società con l'aliquota del 24%, se percepiti da ciascun socio.;c) imputati a ciascun socio, indipendentemente dalla percezione, proporzionalmente alla sua quota di partecipazione agli utili.;d) imputati a ciascun socio se percepiti, mentre tassati in capo alla società in caso contrario (scontando attualmente l'aliquota del 24%).;3
Concorrono a formare il reddito di lavoro autonomo i corrispettivi percepiti a seguito di cessione della clientela o di elementi immateriali comunque riferibili all'attività artistica o professionale (art. 54, comma 1-quater TUIR)?;a) No, salvo elencazione tassativa prevista dalla norma.;b) No.;c) Sì.;d) No, eccetto per la cessione di elementi immateriali riferibili all'attività artistica o professionale.;3
I controlli in materia di evasione del canone televisivo RAI (circolare 1/2018, Volume I):;a) rientrano nella categoria del modulo ispettivo del controllo, salvo quando vengono effettuati nei confronti di imprese ed in esercizi pubblici.;b) rientrano nella categoria del modulo ispettivo del controllo.;c) rientrano nella categoria del modulo ispettivo della verifica.;"d) non rientrano nella
categoria del modulo
ispettivo del controllo.";4
I controlli strumentali (circolare 1/2018, Volume I):;"a) non rientrano nella
categoria del modulo
ispettivo del controllo.";b) rientrano nella categoria del modulo ispettivo della verifica.;c) rientrano nella categoria del modulo ispettivo del controllo, ad eccezione di quelli effettuati attraverso il registratore telematico (RT).;d) rientrano nella categoria del modulo ispettivo del controllo.;1
Ai sensi dell'art. 10-bis della legge 212/2000, quali istituti hanno la medesima disciplina sostanziale e sanzionatoria?;a) evasione fiscale e frode fiscale.;b) evasione fiscale ed elusione fiscale.;c) abuso del diritto ed evasione fiscale.;d) elusione fiscale e abuso del diritto.;4
L'abuso del diritto è disciplinato:;a) dall'art. 12-bis del DPR 600/73.;b) dall'art. 12-bis del D.Lgs. 74/2000.;c) dall'art. 10-bis della L. 212/2000.;d) dall'art. 10-bis del DPR 600/73.;3
Il tribunale (art. 24 D.Lgs. 159/2011) dispone la confisca dei beni sequestrati di cui la persona nei cui confronti è instaurato il procedimento:;a) non possa giustificare la legittima provenienza e di cui, anche per interposta persona fisica o giuridica, risulti essere titolare o avere la disponibilità a qualsiasi titolo in valore sproporzionato al proprio reddito non dichiarato.;b) non possa giustificare la legittima provenienza e di cui, anche per interposta persona fisica o giuridica, risulti essere titolare o avere la disponibilità a qualsiasi titolo in valore sproporzionato.;c) non possa giustificare la legittima provenienza e di cui, anche per interposta persona fisica o giuridica, risulti essere titolare o avere la disponibilità a qualsiasi titolo in valore sproporzionato al proprio reddito, dichiarato ai fini delle imposte sul reddito.;d) non possa giustificare la legittima provenienza e di cui, anche per interposta persona giuridica, risulti essere titolare o avere la disponibilità a qualsiasi titolo in valore proporzionato al proprio reddito, dichiarato ai fini delle imposte sul reddito.;3
La normativa che disciplina l'accertamento delle imposte sui redditi è contenuta:;a) nel DPR 633/72.;b) nel DPR 600/73.;c) nel DPR 131/86.;d) nel D.Lgs. 74/2000.;2
Il principio di competenza, relativamente al reddito d'impresa, è declinato:;a) dall'art. 109 DPR 917/86.;b) dall'art. 53 TUIR.;c) dall'art. 86 TUIR.;d) dall'art. 103 TUIR.;1
Le plusvalenze dei beni relativi all'impresa, diversi da quelli indicati nel comma 1 dell'art. 85, concorrono a formare il reddito (art. 86 TUIR):;a) tutte le altre risposte sono corrette.;b) se sono realizzate mediante il risarcimento, anche in forma assicurativa, per la perdita o il danneggiamento dei beni.;c) se sono realizzate mediante cessione a titolo oneroso.;d) se i beni vengono assegnati ai soci o destinati a finalità estranee all'esercizio dell'impresa.;1
Se sono realizzate mediante cessione a titolo oneroso (art. 86 DPR 917/86):;a) le plusvalenze dei beni relativi all'impresa, concorrono sempre a formare il reddito.;b) le plusvalenze dei beni relativi all'impresa, diversi da quelli indicati nel comma 1 dell'art. 85, concorrono a formare il reddito.;c) nessuna delle altre risposte è corretta.;d) le plusvalenze dei beni relativi all'impresa, diversi da quelli indicati nel comma 1 dell'art. 85, non concorrono a formare il reddito.;2
Sono imputati a ciascun socio, indipendentemente dalla percezione, proporzionalmente alla sua quota di partecipazione agli utili (art. 5 TUIR), i redditi delle:;a) nessuna delle altre risposte è corretta.;b) società a responsabilità limitata.;c) società in accomandita per azioni.;d) società in nome collettivo.;4
I controlli in fase di riscossione tributaria rientrano nella categoria del modulo ispettivo del controllo (circolare 1/2018, Volume I, pag. 29)?:;a) No.;b) Sì.;c) Sì, salvo eccezioni previste dalla norma.;d) No, ad eccezione delle deroghe stabilite dalla legge.;1
La cessione dei beni ai creditori in sede di concordato preventivo (art. 86 TUIR):;a) costituisce realizzo delle plusvalenze e minusvalenze dei beni, quando riguardano beni strumentali.;b) nessuna delle altre risposte è corretta.;c) non costituisce realizzo delle plusvalenze e minusvalenze dei beni.;d) costituisce realizzo delle plusvalenze e minusvalenze dei beni.;3
Quali controlli (circolare 1/2018, Volume I) non rientrano né nella categoria del modulo ispettivo della verifica, né in quella del modulo ispettivo del controllo?;a) i controlli orientati al contrasto degli illeciti in materia di lavoro e previdenza sociale.;"b) i controlli in materia di ""nuove partite IVA"".";c) i riscontri delle richieste di mutua assistenza in materia fiscale.;d) i controlli in fase di riscossione tributaria.;4
Se i beni vengono assegnati ai soci o destinati a finalità estranee all'esercizio dell'impresa, la plusvalenza è costituita (art. 86 DPR 917/86):;a) dalla somma tra il costo attualizzato e il costo ammortizzato dei beni.;b) dalla differenza tra il costo storico e il costo ammortizzato dei beni.;c) dalla differenza tra il valore normale e il costo non ammortizzato dei beni.;d) dalla differenza tra il costo storico e il costo non ammortizzato dei beni.;3
Gli interessi derivanti da titoli acquisiti in base a contratti «pronti contro termine» che prevedono l'obbligo di rivendita a termine dei titoli (art. 89 TUIR):;a) concorrono a formare il reddito del cessionario per un importo pari a quello di rivendita dei titoli.;b) concorrono a formare il reddito del cessionario per l'ammontare maturato oltre il periodo di durata del contratto.;c) non concorrono a formare il reddito del cessionario.;d) concorrono a formare il reddito del cessionario per l'ammontare maturato nel periodo di durata del contratto.;4
Non rientrano né nella categoria del modulo ispettivo della verifica, né in quella del modulo ispettivo del controllo (circolare 1/2018, Volume I):;a) i riscontri delle richieste di mutua assistenza in materia fiscale.;b) i controlli strumentali.;c) i controlli orientati al contrasto degli illeciti in materia di lavoro e previdenza sociale.;"d) i controlli in materia di ""nuove partite IVA"".";2
I riscontri delle richieste di mutua assistenza in materia fiscale (circolare 1/2018, Volume I):;"a) non rientrano nella
categoria del modulo
ispettivo del controllo.";b) non rientrano nella categoria del modulo ispettivo del controllo, ad eccezione di quelli effettuati a favore di autorità estere.;c) rientrano nella categoria del modulo ispettivo del controllo.;d) rientrano nella categoria del modulo ispettivo della verifica.;3
"Il reato di ""dichiarazione fraudolenta mediante uso di fatture o altri documenti per operazioni inesistenti"" (art. 2, 1° comma D.Lgs. 74/2000) è punito con la reclusione:";a) da uno a sei anni.;b) da due a sei anni.;c) da quattro a dieci anni.;d) da quattro a otto anni.;4
Le società e gli enti di ogni tipo, compresi i trust, con o senza personalità giuridica, non residenti nel territorio dello Stato (art. 73 TUIR):;a) non sono soggetti all'imposta sul reddito delle società, salvo eccezioni.;b) sono soggetti all'imposta sul reddito delle società se presentano istanza.;c) sono soggetti all'imposta sul reddito delle società.;d) non sono soggetti all'imposta sul reddito delle società.;3
I libri e i registri, ai sensi degli artt. 33 DPR 600/73 e 52, 7° comma DPR 633/72:;a) non possono essere sequestrati.;"b) possono essere
sequestrati, salvo il caso in cui non siano più in uso.";c) possono essere sequestrati.;d) nessuna delle altre risposte è corretta.;1
Nei casi in cui i beneficiari del trust siano individuati, i redditi conseguiti dal trust sono imputati (art. 73 DPR 917/86):;"a) in ogni caso ai
beneficiari in proporzione alla quota di partecipazione individuata nell'atto di costituzione del trust o in altri documenti successivi ovvero, in mancanza, in parti uguali.";b) ai beneficiari in parti uguali.;c) nessuna delle altre risposte è corretta.;"d) in ogni caso ai
beneficiari in proporzione alla quota di partecipazione individuata nel bilancio o nello statuto
onella dichiarazione del trust ovvero, in mancanza, in parti proporzionali al reddito dei beneficiari.";1
Ai fini delle imposte sui redditi si considerano residenti le società e gli enti (art. 73 DPR 917/86) che:;a) per la maggior parte dei due periodi di imposta precedenti hanno avuto la sede legale o la sede dell'amministrazione o l'oggetto principale nel territorio dello Stato.;"b) per la maggior parte del periodo di imposta hanno la sede legale o la sede dell'amministrazione
ol'oggetto principale nel territorio dello Stato.";c) per la maggior parte dei due periodi di imposta precedenti hanno avuto la sede legale, la sede dell'amministrazione e l'oggetto principale nel territorio dello Stato.;d) per la maggior parte del periodo di imposta hanno la sede legale, la sede dell'amministrazione e l'oggetto principale nel territorio dello Stato.;2
L'art. 12-bis del D.Lgs. 74/2000 disciplina:;a) i diritti e le garanzie del contribuente sottoposto a verifiche fiscali.;"b) la confisca cd. ""per equivalente"".";c) le pene accessorie.;d) l'abuso del diritto o elusione fiscale.;2
L'opzione per la trasparenza fiscale (art. 115 TUIR) è irrevocabile:;a) per cinque esercizi sociali della società partecipata.;b) per tre esercizi sociali della società partecipata.;c) per cinque anni.;d) per due anni.;2
Le perdite fiscali dei soci relative agli esercizi anteriori all'inizio della tassazione per trasparenza (art. 115 TUIR):;a) nessuna delle altre risposte è corretta.;"b) possono essere
utilizzate per compensare i redditi imputati dalle società partecipate, salvo eccezioni.";c) possono essere utilizzate per compensare i redditi imputati dalle società partecipate.;d) non possono essere utilizzate per compensare i redditi imputati dalle società partecipate.;4
In virtù di quanto disposto dall'art. 6, comma 2 del TUIR, gli interessi moratori e gli interessi per dilazione di pagamento:;a) costituiscono redditi di capitale.;b) non costituiscono reddito.;c) costituiscono redditi della stessa categoria di quelli da cui derivano i crediti su cui tali interessi sono maturati.;d) costituiscono redditi esenti.;3
L'imputazione dei redditi al periodo di imposta (art. 7 DPR 917/86):;a) è uguale per tutte le categorie di reddito.;b) è regolata dalle norme relative alla categoria nella quale rientrano.;c) segue le stesse regole per le società e per i lavoratori autonomi.;d) nessuna delle altre risposte è corretta.;2
Nei confronti dei contribuenti non soggetti agli indici sintetici di affidabilità né a tutoraggio, l'Agenzia delle entrate e la Guardia di finanza realizzano (art. 24 D.L. 78/2010):;a) nessuna delle altre risposte è corretta.;b) con cadenza biennale piani di intervento coordinati sulla base di analisi di rischio.;c) la programmazione biennale delle attività di verifica.;d) annualmente piani di intervento coordinati sulla base di analisi di rischio.;4
Chiunque non versa le somme dovute, utilizzando in compensazione (ai sensi dell'art. 17 del D.Lgs. 241/97) crediti non spettanti, per un importo annuo superiore ad € 50.000 (art. 10-quater, 1° comma D.Lgs. 74/2000), è punito con:;"a) la reclusione da un anno
e sei mesi a sei anni.";b) la reclusione da uno a quattro anni.;c) l'arresto da sei mesi a due anni.;d) la reclusione da sei mesi a due anni.;4
Chiunque non versa le somme dovute, utilizzando in compensazione (ai sensi dell'art. 17 del D.Lgs. 241/97) crediti inesistenti per un importo annuo superiore ad € 50.000 (art. 10-quater, 2° comma D.Lgs. 74/2000), è punito con:;a) la reclusione da uno a quattro anni.;b) la reclusione da sei mesi a due anni.;c) la reclusione da un anno e sei mesi a sei anni.;d) l'arresto da sei mesi a due anni.;3
Ai fini della determinazione del reddito complessivo o della tassazione separata (art. 4 TUIR), i redditi dei beni dei figli minori soggetti all'usufrutto legale dei genitori sono imputati:;a) in proporzione al reddito dell'esercizio conseguito da ciascun genitore.;b) nessuna della altre risposte è corretta.;c) per metà del loro ammontare netto a ciascun genitore. Se vi è un solo genitore o se l'usufrutto legale spetta ad un solo genitore, i redditi gli sono imputati per l'intero ammontare.;d) sempre per metà del loro ammontare netto a ciascun genitore.;3
Chiunque non versa, entro il termine per il versamento dell'acconto relativo al periodo d'imposta successivo, l'IVA dovuta in base alla dichiarazione annuale, per un ammontare superiore ad € 250.000 per ciascun periodo d'imposta (art. 10-ter D.Lgs. 74/2000), è punito con:;a) la reclusione da uno a quattro anni.;b) l'arresto da sei mesi a due anni.;c) la reclusione da un anno e sei mesi a sei anni.;d) la reclusione da sei mesi a due anni.;4
Chiunque non versa entro il termine previsto per la presentazione della dichiarazione annuale di sostituto di imposta ritenute dovute sulla base della stessa dichiarazione o risultanti dalla certificazione rilasciata ai sostituiti, per un ammontare superiore ad € 150.000 per ciascun periodo d'imposta (art. 10-bis D.Lgs. 74/2000), è punito con:;a) la reclusione da sei mesi a tre anni.;b) la reclusione da uno a tre anni.;c) l'arresto da sei mesi a due anni.;d) la reclusione da sei mesi a due anni.;4
In virtù dell'art. 5 D.Lgs. 74/2000, non si considera omessa la dichiarazione:;a) presentata entro novanta giorni dalla scadenza del termine.;b) non sottoscritta.;c) tutte le altre risposte sono corrette.;d) non redatta su uno stampato conforme al modello prescritto.;1
Ai sensi dell'art. 19 DPR 917/86, il trattamento di fine rapporto:;a) non costituisce reddito, salvo ipotesi tassative.;b) costituisce reddito per un importo che si determina incrementando il suo ammontare delle rivalutazioni già assoggettate ad imposta sostitutiva.;c) non costituisce reddito.;d) costituisce reddito per un importo che si determina riducendo il suo ammontare delle rivalutazioni già assoggettate ad imposta sostitutiva.;4
"Il reato di ""omessa dichiarazione"" (art. 5 D.Lgs. 74/2000) riguarda:";a) la dichiarazione ai fini delle imposte sui redditi, dell'IVA e dell'IRAP.;b) le dichiarazioni relative a qualunque imposta.;c) la dichiarazione ai fini delle imposte sui redditi, dell'IVA e del sostituto d'imposta.;d) solo la dichiarazione ai fini delle imposte sui redditi e dell'IVA.;3
"Il reato di ""sottrazione fraudolenta al pagamento di imposte"" (art. 11 D.Lgs. 74/2000) è integrato da chi compie atti fraudolenti sui propri beni idonei a rendere in tutto o in parte inefficace la procedura di riscossione coattiva, al fine di:";a) sottrarsi al pagamento di imposte sui redditi o IVA ovvero di interessi o sanzioni amministrative relativi a dette imposte di ammontare complessivo superiore ad € 100.000.;b) sottrarsi al pagamento di imposte sui redditi o IVA di ammontare complessivo superiore ad € 30.000.;c) sottrarsi al pagamento di imposte sui redditi o IVA di ammontare complessivo superiore ad € 100.000.;d) sottrarsi al pagamento di imposte sui redditi o IVA ovvero di interessi o sanzioni amministrative relativi a dette imposte di ammontare complessivo superiore ad € 50.000.;4
I compensi per prestazioni di fideiussione o di altra garanzia sono:;a) redditi di capitale (art. 44 TUIR).;b) redditi assimilati ai redditi di lavoro dipendente (art. 50 DPR 917/86).;c) redditi diversi (art. 68 TUIR).;d) redditi di lavoro autonomo (art. 53 DPR 917/86).;1
Ai fini delle imposte sui redditi, le società di armamento sono equiparate (art. 5 TUIR):;a) alle società in nome collettivo o alle società in accomandita semplice, secondo che siano state costituite all'unanimità o a maggioranza.;b) alle società in nome collettivo.;c) alle società in nome collettivo o alle società a responsabilità limitata, secondo che siano state costituite all'unanimità o a maggioranza.;d) alle società a responsabilità limitata.;1
Le società di fatto sono equiparate, ai fini delle imposte sui redditi (art. 5 TUIR):;a) alle società in nome collettivo o alle società a responsabilità limitata, secondo che abbiano o non abbiano sede legale nello Stato.;b) alle società in nome collettivo, indipendentemente dall'attività che esercitano.;c) alle società in nome collettivo o alle società semplici, secondo che abbiano o non abbiano per oggetto l'esercizio di attività commerciali.;d) alle società in nome collettivo o alle società cooperative, secondo che abbiano o non abbiano per oggetto l'esercizio di attività commerciali.;3
Ai fini delle imposte sui redditi, si intendono per familiari (art. 5 DPR 917/86):;a) il coniuge, i parenti entro il terzo grado e gli affini entro il secondo grado.;b) il coniuge, i parenti e gli affini entro il terzo grado.;c) il coniuge, i parenti entro il secondo grado e gli affini entro il terzo grado.;d) il coniuge, gli ascendenti ed i discendenti fino al quarto grado.;1
I redditi delle società in nome collettivo e in accomandita semplice (art. 6 DPR 917/86):;a) sono considerati redditi di capitale.;b) non sono considerati redditi di impresa, in quanto tassati per trasparenza.;c) sono considerati redditi di impresa.;d) sono considerati redditi d'impresa, se conseguiti senza l'impiego di lavoro autonomo.;3
Concorrono a formare il reddito di lavoro autonomo le plusvalenze dei beni strumentali, esclusi gli oggetti d'arte, di antiquariato o da collezione di cui al comma 5, se (art. 54 DPR 917/86):;a) tutte le altre risposte sono corrette.;b) sono realizzate mediante cessione a titolo oneroso.;c) i beni vengono destinati al consumo personale o familiare dell'esercente l'arte o la professione.;d) sono realizzate mediante il risarcimento, per la perdita o il danneggiamento dei beni.;1
Concorrono a formare il reddito di lavoro autonomo, le plusvalenze dei beni strumentali, se i beni vengono destinati (art. 54 DPR 917/86):;a) al consumo familiare dell'esercente l'arte o la professione.;b) al consumo personale dell'esercente l'arte o la professione.;c) tutte le altre risposte sono corrette.;d) a finalità estranee all'arte o professione.;3
Il reddito complessivo degli enti non commerciali è formato dai (art. 143 TUIR):;a) redditi fondiari, di capitale, di impresa e diversi.;b) redditi fondiari, di capitale, di lavoro dipendente, di lavoro autonomo, di impresa e diversi.;c) redditi di impresa.;d) redditi di impresa, di capitale e diversi.;1
I termini di prescrizione per i delitti previsti dagli artt. da 2 a 10 del D.Lgs. 74/2000 (art. 17, comma 1-bis):;a) sono inferiori di un quarto rispetto a quelli ordinariamente previsti dall'art. 157 c.p..;b) sono elevati di un quarto.;"c) sono quelli
ordinariamente previsti dall'art. 157 c.p..";d) sono elevati di un terzo.;4
L'accesso nei locali destinati all'esercizio di arti o professioni dovrà essere eseguito in presenza (art. 33 DPR 600/73 e 52 DPR 633/72):;a) del titolare dello studio o di un suo delegato.;b) di un dipendente dello studio o di un suo delegato.;c) di un soggetto terzo ed imparziale.;d) del titolare dello studio o di un suo dipendente o collaboratore.;1
In tutti i casi in cui la verifica sia svolta presso la sede di imprese in contabilità semplificata e lavoratori autonomi, il periodo di permanenza presso la sede del contribuente, così come l'eventuale proroga ivi prevista (art. 12 L. 212/2000):;a) non può essere superiore a 30 giorni lavorativi per le imprese in contabilità semplificata e a 15 giorni per i lavoratori autonomi.;b) non può essere superiore a 30 giorni lavorativi contenuti nell'arco di non più di un trimestre.;c) non può essere superiore a 15 giorni lavorativi contenuti nell'arco di non più di un semestre.;d) non può essere superiore a 15 giorni lavorativi contenuti nell'arco di non più di un trimestre.;4
"Su quali dei seguenti redditi l'art. 17 DPR 917/86 consente l'applicazione della ""tassazione separata""?";a) indennità spettanti a titolo di risarcimento, anche in forma assicurativa, dei danni consistenti nella perdita di redditi relativi a più anni.;b) Trattamento di fine rapporto e indennità equipollenti.;c) indennità per la cessazione di rapporti di agenzia delle persone fisiche e delle società di persone.;d) Tutte le altre risposte sono corrette.;4
"La procedura di programmazione delle verifiche prevede che le verifiche ""riserva"" siano pari al 30% delle verifiche titolari (circolare 1/2018):";"a) per i contribuenti di ""minori dimensioni"".";"b) per i contribuenti di ""rilevanti dimensioni"".";"c) per i contribuenti di ""medie dimensioni"".";d) per tutti i tipi di contribuenti.;3
Rientrano tra le categorie di reddito elencate nell'art. 6 TUIR:;a) redditi agrari, redditi di lavoro dipendente e redditi di impresa.;b) redditi di capitale, redditi dei fabbricati e redditi di lavoro autonomo.;c) redditi fondiari, redditi di impresa e redditi diversi.;d) redditi dominicali, redditi di capitale e redditi di impresa.;3
I contribuenti caratterizzati da un volume d'affari o ricavi o compensi da € 5.164.569 a € 100.000.000 sono:;"a) contribuenti di ""minori dimensioni"".";"b) contribuenti di ""medie dimensioni"".";"c) contribuenti c.d. ""forfetari"".";"d) contribuenti di ""rilevanti dimensioni"".";2
Non rientrano nella categoria del modulo ispettivo del controllo (circolare 1/2018, Volume I):;a) i controlli strumentali;"b) i cc.dd. ""controlli incrociati"".";c) i controlli in materia di evasione del canone televisivo RAI.;d) tutte le altre risposte sono corrette.;4
L'accesso in locali adibiti ad abitazione privata può essere eseguito, previa autorizzazione del procuratore della Repubblica (art. 33 DPR 600/73 e 52 DPR 633/1972):;a) senza che alla base dell'autorizzazione del magistrato debbano sussistere presupposti (per la concessione).;b) soltanto in caso di gravi indizi di colpevolezza relativi a violazioni di carattere penal-tributario.;c) soltanto in caso di indizi di violazioni delle norme tributarie.;d) soltanto in caso di gravi indizi di violazioni delle norme tributarie.;4
