In tutte le sale da biliardo o da gioco e negli altri esercizi, compresi i circoli privati, autorizzati alla pratica del gioco o all'installazione di apparecchi da gioco, è esposta in luogo visibile una tabella. In quest'ultima è fatta espressa menzione (ex art. 110, 2° comma del TULPS):;a) della puntata minima e massima delle scommesse.;b) della facoltà di scommettere.;c) del divieto delle scommesse.;d) della puntata massima delle scommesse.;3
Nell'ambito della collaborazione inter-istituzionale per la lotta al gioco illegale con il Comitato di Alta Vigilanza per la prevenzione e repressione del gioco illegale, la sicurezza del gioco e la tutela dei minori (art.15-ter del D.L. 78/2009) e con il c.d. «Piano Balduzzi» a contrasto al gioco minorile (art. 7, comma 9, D.L. 158/2012) la Guardia di Finanza;a) nessuna risposta è corretta;b) partecipa agli Studi del fenomeno del gioco illegale;"c) partecipa alla
elaborazione di Report sul fenomeno del gioco illegale";d) partecipa ai Piani coordinanti di controllo a contrasto del gioco illegale;4
I siti internet non autorizzati che contengono proposte di gioco sono soggetti a dei provvedimenti di inibizione emessi:;a) dall'Autorità garante della Concorrenza;b) dal Nucleo Speciale Entrate della Guardia di Finanza;c) dall'Agenzia delle Dogane e dei Monopoli;d) dall'Agenzia delle Entrate;3
"Per essere ricondotte nell'ambito delle categorie ""consentite"" delle manifestazioni di sorte locali, le tombole, tra gli altri requisiti, quale valore complessivo dei premi messi in palio devono avere?";a) i premi non devono superare i 51.645,68 euro;b) i premi non devono superare i 36.516,26 euro;c) i premi non devono superare i 24.712,85 euro;d) i premi non devono superare i 12.911,42 euro;4
"Il concessionario è il soggetto obbligato agli adempimenti connessi al rilascio del titolo autorizzatorio ""per la messa in esercizio"" degli apparecchi; ha la diretta responsabilità della raccolta delle giocate non restituite dai congegni di gioco a titolo di vincita ed è:";a) responsabile per tutti gli adempimenti di natura formale.;b) responsabile per tutti gli adempimenti di natura doganale.;c) responsabile per tutti gli adempimenti di natura economica.;d) responsabile per tutti gli adempimenti di natura tributaria.;4
Le scommesse con riferimento alle modalità di definizione delle vincite, si distinguono in due tipologie:;a) a totalizzatore e a quota fissa;b) a totalizzatore e a quota variabile;c) a quota variabile e a quota fissa;d) a totalizzatore e a quota proporzionale;1
Secondo quanto disposto dall'art. 86 del T.U.L.P.S., oltre alle autorizzazioni amministrative rilasciate dall'Agenzia delle Dogane e dei Monopoli, i Produttori, gli Importatori, i Gestori e i responsabili dell'installazione di qualsiasi congegno devono essere in possesso;a) della licenza di pubblica sicurezza;b) di nessuna autorizzazione;c) del permesso di installazione;d) della licenza di intrattenimento;1
"La competenza dei Reparti della Guardia di Finanza per i controlli sul funzionamento del gioco
odelle scommesse è demandata ?";"a) esclusivamente ai Nuclei PEF nella cui circoscrizione si sta svolgendo l'attività di gioco
odi raccolta di scommesse";"b) Gruppo, Compagnia o Tenenza nella cui circoscrizione si sta svolgendo l'attività di gioco
odi raccolta di scommesse";c) esclusivamente ai Nuclei Speciale Entrate per tutte le attività di gioco o di raccolta di scommesse;d) nessuna risposta è corretta;2
"Ai soggetti titolari del conto di gioco gli ""operatori di gioco on line"" (art. 53 D.Lgs. 231/2007) permettono di effettuare operazioni di ricarica dei conti stessi?";a) con strumenti di pagamento idonei ad assicurare la piena tracciabilità dei flussi finanziari connessi alle operazioni di gioco e con denaro contante.;b) prevalentemente con strumenti di pagamento idonei ad assicurare la piena tracciabilità dei flussi finanziari connessi alle operazioni di gioco.;c) sia con strumenti di pagamento idonei ad assicurare la piena tracciabilità dei flussi finanziari connessi alle operazioni di gioco, sia con ogni altro mezzo possibile.;d) esclusivamente con strumenti di pagamento idonei ad assicurare la piena tracciabilità dei flussi finanziari connessi alle operazioni di gioco.;4
Con riferimento agli apparecchi senza vincita in denaro di cui all'art. 110 - comma 7 del R.D. 18/06/1931 n. 773 - T.U.L.P.S., troverà applicazione:;a) Il prelievo erariale unico;b) L'imposta sugli intrattenimenti;c) Si applica l'utile erariale;d) L'Imposta unica sui concorsi a pronostici e le scommesse;2
Il monitoraggio dei siti internet, per i quali è stato emesso provvedimento di inibizione allo svolgimento di attività di gioco, scommesse e concorsi pronostici è affidato alla competenza del:;a) Nucleo Speciale Frodi Tecnologiche;b) Nucleo Speciale Entrate, con la collaborazione del Nucleo Speciale Frodi Tecnologiche;c) Nucleo Speciale Polizia Valutaria;d) Servizio Centrale Investigazioni Criminalità Organizzata;2
"Le violazioni in tema di messa in vendita di tagliandi tipo ""gratta e vinci"" vengono rapportate dai militari del Corpo mediante:";a) processo verbale di controllo;b) processo verbale di accertamento;c) processo verbale di verifica;d) processo verbale di contestazione e sequestro per violazioni amministrative;4
All'Amministrazione Autonoma dei Monopoli di Stato (A.A.M.S.), nel comparto dei giochi, compete la funzione:;a) di controllo dell'intero comparto ma non della sua regolamentazione;b) di regolamentazione e controllo dell'intero comparto;c) di regolamentazione dell'intero comparto ma non del suo controllo;d) di analisi e studio delle tipologie di giochi che interessano il comparto;2
L'offerta di giochi in Italia è un'attività economica soggetta al rilascio di un'apposita concessione da parte:;a) dall'Agenzia delle Entrate;b) della Prefettura territorialmente competente;c) dal Ministero dell'Economia e delle Finanze;d) dell'Agenzia delle Dogane e dei Monopoli;4
Ai sensi dell'articolo 9 del Decreto Direttoriale 22 gennaio 2010, n. 124 , i congegni VLT possono essere installati nelle sale Bingo di cui al D.M. 31 gennaio 2000, n. 29?;a) Si, purchè abbiano uno spazio dedicato al gioco con gli apparecchi di cui all'articolo 110, comma 6, del T.U.L.P.S., in misura non superiore a 1/3 della superficie adibita allo svolgimento del bingo di sala;b) Si, nella misura massima di 25 apparecchi di cui all'articolo 110, comma 6, del T.U.L.P.S.;c) No.;d) Si, senza alcuna limitazione;1
"Sono ricompresi nel novero degli apparecchi e congegni da divertimento e da intrattenimento, tra cui quelli che permettono vincite in danaro di cui all'art. 110 - co. 6 - lettere ""a"" e ""b"" del R.D. 18/06/1931 n. 773 - T.U.L.P.S.:";a) I videogiochi;b) gli scacchi;c) I calcio balilla;d) Le new slot e le videolottery;4
"Il ""gioco amministrato"" in Italia, vigendo per esso il regime di monopolio, si fonda su di un sistema:";a) di concessioni dei Sindaci;b) di concessioni statali;c) di concessioni Prefettizie;d) di autorizzazioni del Comando della GdF competente per territorio;2
In Italia per poter procedere alla raccolta delle scommesse è necessario:;a) essere in possesso di licenza di Pubblica sicurezza e concessione rilasciata dall'Agenzia delle Dogane e dei Monopoli;b) essere in possesso della sola licenza di Pubblica Sicurezza;c) essere in possesso della certificazione antimafia;"d) essere in possesso della
sola concessione rilasciata
dall'Agenzia delle Dogane
e dei Monopoli";1
La competenza al controllo del rispetto dei provvedimenti di inibizione dei siti di gioco spetta:;a) al G.O.A.;b) al Comando Tutela Economia e Finanza;c) al Nucleo Speciale Entrate che si avvale del Nucleo Speciale Tutela Privacy e Frodi tecnologiche;d) allo S.C.I.C.O.;3
L'articolo 718 del Codice Penale punisce:;a) chiunque esclusivamente nella privata dimora, tiene un gioco d'azzardo o lo agevola.;"b) chiunque,
esclusivamente in un luogo pubblico, tiene un gioco d'azzardo o lo agevola.";c) chiunque esclusivamente in un luogo aperto al pubblico, tiene un gioco d'azzardo o lo agevola.;d) chiunque in un luogo pubblico o aperto al pubblico, o in circoli privati di qualunque specie, tiene un gioco d'azzardo o lo agevola.;4
Ai sensi dell'articolo 2 del D.lgs n. 68/2001, alla Guardia di Finanza sono attribuiti, tra l'altro:;a) I compiti di prevenzione, ricerca e repressione delle violazioni nel settore dei giochi.;"b) I compiti di
legiferazione nel settore dei giochi.";c) I compiti di indirizzo e informazione nel settore dei giochi.;d) Nessuna risposta è corretta.;1
L'installazione e l'uso di apparecchi e congegni automatici, semiautomatici ed elettronici da gioco d'azzardo sono vietati:;a) nei luoghi pubblici o aperti al pubblico e nei circoli ed associazioni di qualunque specie, ai sensi dell'articolo 110 - comma 4 - del TULPS;b) nei soli luoghi pubblici, ai sensi dell'articolo 110 - comma 4 - del TULPS;c) nei soli luoghi aperti al pubblico, ai sensi dell'articolo 110 - comma 4 - del TULPS;d) nei soli circoli ed associazioni di qualunque specie, ai sensi dell'articolo 110 - comma 4 - del TULPS;1
Ai sensi dell'art. 14 bis del D.P.R. n. 640/1972, la raccolta di gioco effettuata con apparecchi e congegni che non corrispondono vincite non è soggetta al prelievo erariale unico bensì all'imposta sugli intrattenimenti che viene applicata su una base imponibile:;a) determinata settimanalmente;b) determinata in misura forfettaria;c) determinata mensilmente;d) determinata bimestralmente;2
Ai sensi dell'articolo 110 - comma 4 - del TULPS, l'installazione e l'uso di apparecchi e congegni automatici, semiautomatici ed elettronici da gioco d'azzardo sono vietati:;a) solo ed esclusivamente nei luoghi pubblici o aperti al pubblico.;b) nei luoghi pubblici o aperti al pubblico e nei circoli ed associazioni di qualunque specie.;c) solo ed esclusivamente nei circoli ed associazioni di qualunque specie;d) solo nelle abitazioni private;2
L'articolo 6 del Decreto Direttoriale 22.01.2010 prevede per le cd. Videolottery che il costo massimo della singola partita debba essere pari a euro 10 e che la posta minima di gioco debba essere di 50 centesimi. Tale pagamento può essere effettuato:;a) solo tramite monete, banconote e carte prepagate;b) solo tramite tecnologie basate su sistemi di ticket o conti di gioco nominativi utilizzabili attraverso smart card;"c) esclusivamente tramite monete e/o banconote; tecnologie basate su sistemi di ticket; carte prepagate; conti di gioco nominativi utilizzabili attraverso smart card";"d) tramite monete e/o banconote; tecnologie basate su sistemi di ticket; carte prepagate; conti di gioco nominativi utilizzabili attraverso smart card; la ricollocazione in gioco dei crediti precedentemente vinti";4
L'Amministrazione autonoma dei monopoli diStato, avvalendosi di procedure automatizzateesegue (art. 14-ter del D.P.R. 640/72):;a) entro il 31 dicembre delterzo anno successivo aquello di scadenza deltermine per il pagamentodell'imposta, il controllodei versamenti effettuatidai contribuenti per gliapparecchi e congegniprevisti all'art. 14 bis delDPR 640/72.;b) entro il 31 dicembredell'anno successivo aquello di scadenza deltermine per il pagamentodell'imposta, il controllodei versamenti effettuatidai contribuenti per gliapparecchi e congegniprevisti all'art. 110, comma7 del TULPS.;c) entro il 31 dicembre delterzo anno successivo aquello di scadenza deltermine per il pagamentodell'imposta, il controllodei versamenti effettuatidai contribuenti per gliapparecchi e congegniprevisti all'art. 110, comma7 del TULPS.;d) entro il 31 dicembre delsecondo anno successivo aquello di scadenza deltermine per il pagamentodell'imposta, il controllodei versamenti effettuatidai contribuenti per gliapparecchi e congegniprevisti all'art. 110, comma7 del TULPS, nonché per gli apparecchi meccanici od elettromeccanici.;4
Secondo quanto disposto dall'art. 86 del T.U.L.P.S., oltre alle autorizzazioni amministrative rilasciate dall'Agenzia delle Dogane e dei Monopoli, i Produttori, gli Importatori, i Gestori e i responsabili dell'installazione di qualsiasi congegno riconducibile all'art. 110 del T.U.L.P.S. devono essere in possesso:;a) di nessuna autorizzazione;b) della licenza di pubblica sicurezza;c) del permesso di installazione;d) della licenza di intrattenimento;2
"L'accesso al ""registro dei distributori ed esercenti digioco"" (art. 52-bis D.Lgs. 231/2007) è consentito, senza restrizioni:";a) al Ministerodell'economia e delle finanze, alla Guardia diFinanza, alla DIA e allaUIF, per l'esercizio dellerispettive competenze in materia di vigilanza e di prevenzione del riciclaggio e del finanziamento del terrorismo e alla Direzione nazionale antimafia e antiterrorismo.;b) solo al Ministerodell'economia e delle finanze, alla Guardia diFinanza, alla DIA e allaUIF, per l'esercizio dellerispettive competenze in materia di vigilanza e di prevenzione del riciclaggio e del finanziamento del terrorismo.;c) al Ministrodell'economia e delle finanze, alla Guardia diFinanza, alle Questure, allaDIA e alla UIF, perl'esercizio delle rispettive competenze in materia di vigilanza e di prevenzione del riciclaggio e del finanziamento del terrorismo.;d) al Ministerodell'economia e delle finanze, alla Guardia diFinanza, alle Questure, allaDIA, nonché aiconcessionari di gioco.;1
"Con riguardo al Titolo IV del D.Lgs. 231/2007, si intende per ""attività di gioco"" (ai sensi dell'art. 1 del menzionato decreto):";a) l'attività svolta, su concessione dell'Agenzia dogane e monopoli dai prestatori di gioco, ad esclusione dei giochi numerici a quota fissa e a totalizzatore e delle lotterie ad estrazione istantanea e differita.;b) l'attività svolta, su concessione dell'Agenzia delle dogane e monopoli dai prestatori di servizi di gioco.;c) l'attività svolta, su concessione dell'Agenzia delle dogane e monopoli dai prestatori di servizi di gioco, ad esclusione dei giochi numerici a quota fissa e a totalizzatore, delle lotterie ad estrazione istantanea e differita e dei concorsi pronostici su base sportiva ed ippica.;"d) l'attività svolta, su concessione dell'Agenzia dogane e monopoli dai prestatori di servizi di gioco, ad esclusione dei giochi numerici a quota fissa, delle lotterie ad estrazione istantanea, differita ed a totalizzatore
e dei concorsi pronostici.";3
La base imponibile forfetaria dell'imposta sugli intrattenimenti di cui all'art. 14-bis, comma 5, del decreto del Presidente della Repubblica 26 ottobre 1972, n. 640 è determinata (art. 110, comma 7-ter del TULPS):;a) con decreto del Presidente della Repubblica.;b) con provvedimento del direttore dell'Agenzia delle dogane e dei monopoli.;c) con decreto del direttore dell'Agenzia delle entrate.;d) con decreto del Ministro dell'economia e delle finanze.;4
Con riferimento agli apparecchi videoterminali o VLT, l'art. 1, comma 732, della legge 27 dicembre 2019, n. 160, ha variato la misura minima del pay out fissando la percentuale delle somme giocate destinata alle vincite in misura non inferiore?;a) al 53% per ogni sistema di gioco e per ogni gioco sul medesimo installato, a decorrere dal 1° gennaio 2020.;b) al 63% per ogni sistema di gioco e per ogni gioco sul medesimo installato, a decorrere dal 1° gennaio 2020.;c) al 73% per ogni sistema di gioco e per ogni gioco sul medesimo installato, a decorrere dal 1° gennaio 2020.;d) al 83% per ogni sistema di gioco e per ogni gioco sul medesimo installato, a decorrere dal 1° gennaio 2020.;4
Aver distribuito, installato o messo a disposizione in luoghi pubblici o aperti al pubblico o in circoli ed associazioni di qualunque specie apparecchi e congegni per i quali non siano stati rilasciati i titoli autorizzatori previsti dalle disposizioni vigenti, in violazione all'art. 38, commi 4 e 5, della L. 388/2000;a) prevede la sanzione amministrativa da 500 a 3.000 euro per ciascun apparecchio ai sensi dell'art. 110, comma 9, lettera d), del TULPS;b) prevede la sanzione amministrativa da 1.000 a 3.000 euro per ciascun apparecchio ai sensi dell'art. 110, comma 9, lettera d), del TULPS;c) prevede la sanzione amministrativa da 500 a 5.000 euro per ciascun apparecchio ai sensi dell'art. 110, comma 9, lettera d), del TULPS;d) prevede la sanzione amministrativa da 1.000 a 5.000 euro per ciascun apparecchio ai sensi dell'art. 110, comma 9, lettera d), del TULPS;1
I concorsi a premio sono definiti come le manifestazioni pubblicitarie in cui il premio viene conferito solo ad alcuni partecipanti, anche senza obbligo di acquisto o vendita ai sensi?;a) dell'art. 4 del D.P.R. n. 430/2001;b) dell'art. 2 del D.P.R. n. 430/2001;c) dell'art. 6 del D.P.R. n. 430/2001;d) dell'art. 8 del D.P.R. n. 430/2001;2
I compiti di monitoraggio, analisi dei fenomeni più insidiosi nel settore del Monopolio Statale, nonché di individuazione dei soggetti a rischio, nella Guardia di Finanza sono svolti?;a) Nucleo Speciale Accise Dogane e Monopoli;b) dallo SCICO;c) Nucleo Speciale Beni e Servizi;d) dal Nucleo Speciale Entrate;4
"In Italia la regolamentazione del gioco distingue in maniera univoca i giochi non consentiti da quelli consentiti; per i primi?";a) viene subordinata l'autorizzazione ad apposita concessione.;b) viene subordinata l'autorizzazione ad apposita licenza.;c) viene fatto divieto assoluto di offerta da parte di chiunque e in qualsiasi forma.;d) viene fatto divieto assoluto di offerta senza apposita concessione, autorizzazione, licenza o altro titolo autorizzatorio.;3
I premi del bingo sono definiti dall'articolo 9 del regolamento di gioco approvato con decreto direttoriale 16 novembre 2000. Tale articolo è stato più volte modificato. Secondo il testo attualmente vigente in ogni partita i premi sono?;a) Nessuna risposta è esatta.;"b) il ""twingo"" e il ""bingo"" e sono assegnati ai giocatori che realizzano le rispettive combinazioni vincenti.";"c) la ""quaterna"", la ""cinquina"" e il ""bingo"" e sono assegnati ai giocatori che realizzano le rispettive combinazioni vincenti.";"d) la ""cinquina"" e il ""bingo"" e sono assegnati ai giocatori che realizzano le rispettive combinazioni vincenti.";4
La normativa che disciplina le manifestazioni a premio, contenente il Regolamento dei concorsi e delle operazioni a premio, nonché delle manifestazioni di sorte locali, rivisitata profondamente dal D.P.R. 26/10/2001, n. 430, emanato in virtù della delega contenuta;a) nella Legge n. 459 del 27 dicembre 1997, all'art. 17, comma 4;b) nella Legge n. 459 del 27 dicembre 1997, all'art. 19, comma 4;c) nella Legge n. 449 del 27 dicembre 1997, all'art. 17, comma 4;d) nella Legge n. 449 del 27 dicembre 1997, all'art. 19, comma 4;4
La Guardia di Finanza, autonomamente e in modo indipendente, procede al riscontro delle condotte illecite previste dal D.P.R. n. 430/2001 in ossequio ai principi dettati:;a) dal D.P.R. n. 43/73;b) dalla Legge n. 4/1929;c) dal D.Lgs. 74/2000;d) dalla Legge n. 689/1981;4
Nel gioco del Superenalotto, per ciascun concorso, quale è la percentuale dell'ammontare complessivo delle poste di gioco destinata al pagamento dei premi del singolo concorso, nonché ad alimentare il fondo di riserva, gestito dal Concessionario;a) il 70%;b) il 60%;c) il 50%;d) il 40%;3
L'art. 1, commi 67 e 68, della legge 13 dicembre 2010, n. 220 prevede che le maggiori basi imponibili sottratte ad imposizione ai fini del prelievo erariale unico e dell'imposta unica sui concorsi pronostici e sulle scommesse sono poste a base delle rettifiche?;a) in materia di Accise e Monopoli.;b) in materia di II.DD., IVA e IRAP.;c) in materia di Imposta erariale Unica.;d) in materia di concessioni governative.;2
La pubblicità di scommesse abusive, anche se accettate all'estero in assenza di organizzazione in Italia ai sensi dell'art. 4, comma 2, della L. 401/1989 è sanzionata con;"a) l'arresto fino a tre mesi
e ammenda da 51 a 516 euro.";b) l'arresto fino a sei mesi e ammenda da 100 a 516 euro.;c) l'arresto fino a sei mesi e ammenda da 51 a 516 euro.;d) l'arresto fino a tre mesi e ammenda da 51 a 1.016 euro.;1
L'organizzazione, esercizio e raccolta a distanza, senza la prescritta concessione, di qualsiasi gioco istituito o disciplinato dall'A.A.M.S. in violazione all'art. 4, commi 1 e 4 ter, della L. 401/1989 è sanzionato con;a) Arresto da uno a tre anni;b) Arresto da sei mesi a tre anni;c) Reclusione da uno a tre anni;d) Reclusione da sei mesi a tre anni;4
Ai sensi dell'art. 24, comma 21 del D.L. 6 luglio 2011, n. 98, convertito, con modificazioni, dalla Legge 15 luglio 2011, n. 111., quali sanzioni si applicano al titolare dell'esercizio commerciale, del locale o, comunque, del punto di offerta del gioco?;a) si applica la chiusura dell'esercizio commerciale, del locale o, comunque, del punto di offerta del gioco da dieci fino a trenta giorni;b) si applica la sanzione amministrativa pecuniaria da euro cinquemila a euro ventimila;c) si applica la sanzione amministrativa pecuniaria pari a euro diecimila per ogni minore di cui viene accertata la effettiva partecipazione a giochi vietati e la chiusura dell'esercizio commerciale, del locale o, comunque, del punto di offerta del gioco;d) si applica la sanzione amministrativa pecuniaria da euro cinquemila a euro ventimila e la chiusura dell'esercizio commerciale, del locale o, comunque, del punto di offerta del gioco da dieci fino a trenta giorni;4
La natura giuridica delle manifestazioni a premio è ricondotta dall'art. 1 del D.P.R. n. 430/2001 alla promessa al pubblico prevista dagli artt. 1989 e ss. del codice civile. Si tratta di un negozio unilaterale non recettizio che si intende perfezionato;a) dal momento dell'approvazione dell'associazione dei consumatori;b) nel momento in cui la sua volontà viene resa pubblica;c) nel momento dell'aggiudicazione dei premi ai vincitori;d) nel momento della consegna dei premi ai vincitori;2
Quali Reparti del Corpo sono stati individuati quali destinatari delle segnalazioni da parte dei soggetti pubblici incaricati istituzionalmente di svolgere attività ispettive che vengano a conoscenza di fatti o atti che possono configurare violazioni in materia di giochi, scommesse e concorsi pronostici ai sensi dell'art. 15 del D.L. 1 luglio 2009, n. 78, mutuando un modello già efficacemente sperimentato da tempo in materia di imposte sui redditi e di valore aggiunto?;a) il Nucleo Speciale Entrate e il Nucleo Spesa Pubblica;b) i Nuclei PEF;c) i Gruppi;d) i Comandi Provinciali;4
Consentire l'accesso ai minori di anni 18 nelle aree destinate al gioco con vincita in denaro interne alle sale Bingo e nelle aree e nelle sale in cui sono installate le VLT e nei punti vendita in cui si esercita, come attività principale, la raccolta di scommesse su eventi sportivi, ippici e non sportivi, in violazione dell'art. 7, comma 8, del D.L. 158/2012 è;"a) Sanzionato
amministrativamente da 10.000 a 20.000 euro dall'art. 24, commi 21 e 22, del D.L. n. 98/2011.";"b) Sanzionato
amministrativamente da 5.000 a 20.000 euro dall'art. 24, commi 21 e 22, del D.L. n. 98/2011.";"c) Sanzionato
amministrativamente da 15.000 a 20.000 euro dall'art. 24, commi 21 e 22, del D.L. n. 98/2011.";"d) Sanzionato
amministrativamente da 1.000 a 20.000 euro dall'art. 24, commi 21 e 22, del D.L. n. 98/2011.";2
Aver offerto giochi promozionali di cui al Decreto Legislativo 9 aprile 2003 n. 70, per il tramite di qualunque tipologia di apparecchi situati in esercizi pubblici idonei a consentire la connessione telematica al web in violazione all'art. 1, comma 923, 2° periodo, della L. 208/2015;a) prevede l'applicazione della sanzione amministrativa di 50.000 euro ai sensi dell'art. 1, comma 923, 2° periodo, della L. 208/2015;b) prevede l'applicazione della sanzione amministrativa di 10.000 euro ai sensi dell'art. 1, comma 923, 2° periodo, della L. 208/2015;c) prevede l'applicazione della sanzione amministrativa di 20.000 euro ai sensi dell'art. 1, comma 923, 2° periodo, della L. 208/2015;d) prevede l'applicazione della sanzione amministrativa di 100.000 euro ai sensi dell'art. 1, comma 923, 2° periodo, della L. 208/2015;3
Consentire la partecipazione di minori di anni 18 a giochi pubblici con vincita in denaro integra la violazione dell'art. 24, comma 20, del D.L. n. 98/2011 che è;"a) sanzionata
amministrativamente da 10.000 a 20.000 euro dall'art. 24, commi 21 e 22, del D.L. n. 98/2011.";"b) sanzionata
amministrativamente da 5.000 a 20.000 euro dall'art. 24, commi 21 e 22, del D.L. n. 98/2011.";"c) sanzionata
amministrativamente da 15.000 a 20.000 euro dall'art. 24, commi 21 e 22, del D.L. n. 98/2011.";"d) sanzionata
amministrativamente da 1.000 a 20.000 euro dall'art. 24, commi 21 e 22, del D.L. n. 98/2011.";2
L'art. 110 - comma 7 del R.D. 18/06/1931 n. 773 - T.U.L.P.S., per gli apparecchi senza vincita in denaro prevede l'applicazione:;a) dell'utile erariale;b) dell'imposta sugli intrattenimenti;c) del PREU;d) dell'Imposta unica sui concorsi a pronostici;2
Ai sensi dell'art. 1, comma 646, della Legge n. 190/2014, in che misura si applica la sanzione amministrativa in capo al titolare dell'esercizio pubblico nell'ipotesi in cui vengano rinvenuti, nei locali di pertinenza, apparecchi del tipo NewSlot;a) euro 20.000 per ciascuna NewSlot irregolare;b) euro 30.000 per ciascuna NewSlot irregolare;c) euro 5.000 per ciascuna NewSlot irregolare;d) euro 10.000 per ciascuna NewSlot irregolare;1
"Le lotterie istantanee, comunemente denominate ""gratta e vinci"" sono state introdotte in Italia nel?";"a) 1998 per soddisfare l'esigenza di una nuova modalità di gioco attraverso cui poter conoscere ""istantaneamente"" il risultato e l'importo delle eventuali vincite";"b) 1996 per soddisfare l'esigenza di una nuova modalità di gioco attraverso cui poter conoscere ""istantaneamente"" il risultato e l'importo delle eventuali vincite";"c) 1994 per soddisfare l'esigenza di una nuova modalità di gioco attraverso cui poter conoscere ""istantaneamente"" il risultato e l'importo delle eventuali vincite";"d) 1992 per soddisfare l'esigenza di una nuova modalità di gioco attraverso cui poter conoscere ""istantaneamente"" il risultato e l'importo delle eventuali vincite";3
Fra le disposizioni che affidano al Corpo particolari competenze, nel comparto del Lotto, la Guardia di Finanza ha il potere di eseguire ispezioni sulle ricevitorie del Lotto ai sensi;a) dell'art. 379 del R.D. 25 luglio 1940, n. 1077, e, al comma 2, è altresì prevista la continua vigilanza sui predetti soggetti.;b) dell'art. 377 del R.D. 25 luglio 1940, n. 1077, e, al comma 2, è altresì prevista la continua vigilanza sui predetti soggetti.;c) dell'art. 375 del R.D. 25 luglio 1940, n. 1077, e, al comma 2, è altresì prevista la continua vigilanza sui predetti soggetti.;d) dell'art. 373 del R.D. 25 luglio 1940, n. 1077, e, al comma 2, è altresì prevista la continua vigilanza sui predetti soggetti.;3
Aver raccolto scommesse su eventi non inseriti nel palinsesto, in violazione dell'art. 1, comma 644, lettera b), della L. 190/2014 è;"a) sanzionata
amministrativamente da euro 15.000 a euro 50.000, come disposto dall'art. 1, comma 644, lettera h, punto 1, della L. 190/2014.";"b) sanzionata
amministrativamente da euro 5.000 a euro 50.000, come disposto dall'art. 1, comma 644, lettera h, punto 1, della L. 190/2014.";"c) sanzionata
amministrativamente da euro 10.000 a euro 50.000, come disposto dall'art. 1, comma 644, lettera h, punto 1, della L. 190/2014.";"d) sanzionata
amministrativamente da euro 20.000 a euro 50.000, come disposto dall'art. 1, comma 644, lettera h, punto 1, della L. 190/2014.";3
I compiti di prevenzione, ricerca e repressione delle violazioni riguardanti il settore dei giochi sono demandati alla Guardia di Finanza;"a) dall'art. 18 della Legge
23/12/2000 n. 388";b) dagli artt. 51 e 52 del D.P.R. 26 ottobre 1972, n. 633;c) dall'art. 1 del D.P.R. 23/01/1973 n. 43 - T.U.L.D.;d) dall'art. 2 del D.Lgs. 19 marzo 2001, n. 68;4
L'organizzazione di scommesse in assenza di concessione, autorizzazione o licenza di polizia, ivi compreso lo svolgimento in Italia di qualsiasi attività organizzata al fine di accettare o raccogliere o comunque favorire l'accettazione o in qualsiasi modo la raccolta, anche a distanza, di scommesse abusive di qualsiasi genere da chiunque accettate in Italia o all'estero in violazione dell'art. 4, commi 1 e 4 bis, della L 401/1989 prevede;a) la reclusione da sei mesi a dieci anni;b) la reclusione da sei mesi a due anni;c) la reclusione da sei mesi a cinque anni;d) la reclusione da sei mesi a tre anni;4
L'alterazione del sistema informatico degli apparecchi collegati alla rete telematica previsto dall'art. 640 ter, comma 2 c.p.;a) è sanzionato con la pena della reclusione da 3 a 5 anni e della multa da euro 309 a euro 1.549 se ricorre una delle circostanze previste dal numero 1) del secondo comma dell'articolo 640, ovvero se il fatto produce un trasferimento di denaro, di valore monetario o di valuta virtuale o è commesso con abuso della qualità di operatore del sistema;b) è sanzionato con la pena della reclusione da 3 a 5 anni e della multa da euro 516 a euro 1.549 se ricorre una delle circostanze previste dal numero 1) del secondo comma dell'articolo 640, ovvero se il fatto produce un trasferimento di denaro, di valore monetario o di valuta virtuale o è commesso con abuso della qualità di operatore del sistema;c) è sanzionato con la pena della reclusione da 1 a 5 anni e della multa da euro 309 a euro 1.549 se ricorre una delle circostanze previste dal numero 1) del secondo comma dell'articolo 640, ovvero se il fatto produce un trasferimento di denaro, di valore monetario o di valuta virtuale o è commesso con abuso della qualità di operatore del sistema;d) è sanzionato con la pena della reclusione da 1 a 5 anni e della multa da euro 516 a euro 1.549 se ricorre una delle circostanze previste dal numero 1) del secondo comma dell'articolo 640, ovvero se il fatto produce un trasferimento di denaro, di valore monetario o di valuta virtuale o è commesso con abuso della qualità di operatore del sistema;3
L'uso al pubblico degli apparecchi e congegni da divertimento ed intrattenimento è subordinato al rilascio del nulla osta per la messa in esercizio previsto;a) dall'art. 38, comma 5, della Legge n. 388/2000;b) dall'art. 32, comma 5, della Legge n. 388/2000;c) dall'art. 34, comma 5, della Legge n. 388/2000;d) dall'art. 36, comma 5, della Legge n. 388/2000;1
Il gioco del Lotto è un gioco di sorte basato sull'estrazione di 5 numeri tra l'1 ed il 90 effettuata su 10 ruote identificate con i nomi di 10 città italiane e su un'undicesima ruota denominata ruota nazionale. La giocata minima è ?;a) di un euro, con incrementi di € 0,50, la massima di 200 euro. La vincita massima ottenibile, con ciascuno scontrino, è di 6 milioni di euro.;b) di 0,50 euro, con incrementi di € 0,50, la massima di 200 euro. La vincita massima ottenibile, con ciascuno scontrino, è di 6 milioni di euro.;c) di un euro, con incrementi di € 0,50, la massima di 100 euro. La vincita massima ottenibile, con ciascuno scontrino, è di 6 milioni di euro.;d) di 0,50 euro, con incrementi di € 0,50, la massima di 100 euro. La vincita massima ottenibile, con ciascuno scontrino, è di 6 milioni di euro.;1
La mancata esposizione della Tabella dei giochi proibiti ai sensi dell'art. 110, comma 1, del TULPS;a) prevede la sanzione sancita dall'art. 221, comma 2, TULPS;b) prevede la sanzione sancita dall'art. 225, comma 2, TULPS;c) prevede la sanzione sancita dall'art. 223, comma 2, TULPS;d) prevede la sanzione sancita dall'art. 227, comma 2, TULPS;1
Ai sensi dell'art. 110, comma 11 del TULPS, quando sono riscontrate violazioni di rilevante gravità in relazione al numero degli apparecchi installati ed alla reiterazione delle violazioni, il Questore, oltre a quanto previsto dall'art. 100 del TULPS, sospende la licenza dell'autore degli illeciti:;a) per un periodo non superiore a trenta giorni.;b) per un periodo non superiore a quindici giorni.;c) per un periodo non superiore a sessanta giorni.;d) per un periodo non superiore a quaranta giorni.;2
Ai sensi dell'art. 52-bis D.Lgs. 231/2007 il registro informatizzato degli esercenti di gioco e distributori è istituito presso:;a) l'Agenzia delle dogane e dei monopoli ed è ad accesso riservato.;b) l'Agenzia delle Entrate ed è ad accesso riservato.;c) l'Agenzia delle dogane e dei monopoli ed è ad accesso libero.;d) l'Agenzia del Territorio ed è ad accesso libero.;1
Il Nucleo speciale di polizia valutaria della Guardia di finanza e l'Agenzia delle dogane e dei monopoli, nel rispetto delle proprie attribuzioni e competenze, adottano protocolli d'intesa volti ad assicurare lo scambio di informazioni necessario a garantire il coordinamento, l'efficacia e la tempestività delle attività di controllo e verifica ai sensi;a) dell'art. 54 del D.Lgs. 231/2007;b) dell'art. 74 del D.Lgs. 231/2007;c) dell'art. 34 del D.Lgs. 231/2007;d) dell'art. 94 del D.Lgs. 231/2007;1
Aver consentito l'uso o installato gli apparecchi Newslot in assenza del collegamento alla rete telematica ovvero che in ogni caso non consentono la lettura dei dati relativi alle somme giocate, anche per effetto di manomissioni in violazione dell'art. 110, comma 6, lettera a), del TULPS e disposizioni attuative;a) prevede ai sensi dell'art. 1, comma 646, della L. 190/2014 ovvero dell'art. 110, comma 9, lettera c), del TULPS la sanzione amministrativa di euro 15.000 per ciascun apparecchio ovvero di 3.000 euro per ciascun apparecchio;b) prevede ai sensi dell'art. 1, comma 646, della L. 190/2014 ovvero dell'art. 110, comma 9, lettera c), del TULPS la sanzione amministrativa di euro 10.000 per ciascun apparecchio ovvero di 2.000 euro per ciascun apparecchio;c) prevede ai sensi dell'art. 1, comma 646, della L. 190/2014 ovvero dell'art. 110, comma 9, lettera c), del TULPS la sanzione amministrativa di euro 20.000 per ciascun apparecchio ovvero di 4.000 euro per ciascun apparecchio;d) prevede ai sensi dell'art. 1, comma 646, della L. 190/2014 ovvero dell'art. 110, comma 9, lettera c), del TULPS la sanzione amministrativa di euro 5.000 per ciascun apparecchio ovvero di 10.000 euro per ciascun apparecchio;3
"Quale disposizione definisce il ""gestore"" come colui che ""esercita un'attività organizzata diretta alla distribuzione,
installazione e gestione economica"" di apparecchi di cui ha il possesso?";a) L'art. 3, comma 4, lett. r), del Decreto interdirettoriale - a firma del Direttore Generale dell'A.A.M.S. e del Capo della Polizia - del 4 dicembre 2003;b) L'art. 1, comma 4, lett. r), del Decreto interdirettoriale - a firma del Direttore Generale dell'A.A.M.S. e del Capo della Polizia - del 4 dicembre 2003;c) L'art. 5, comma 4, lett. r), del Decreto interdirettoriale - a firma del Direttore Generale dell'A.A.M.S. e del Capo della Polizia - del 4 dicembre 2003;d) L'art. 7, comma 4, lett. r), del Decreto interdirettoriale - a firma del Direttore Generale dell'A.A.M.S. e del Capo della Polizia - del 4 dicembre 2003;2
L'art. 1, comma 50, della Legge 27 dicembre 2006, n. 296 (legge finanziaria per il 2007), ha previsto che l'A.A.M.S. possa obbligare i fornitori dei servizi di connettività alla rete internet ad inibire l'utilizzo, per lo svolgimento di giochi, scommesse e concorsi pronostici, di siti web sprovvisti delle prescritte concessioni o licenze;a) al fine di contrastare le truffe on line;b) al fine di contrastare il gioco d'azzardo nei luoghi pubblici;c) al fine di contrastare il gioco d'azzardo on line;d) nessuna risposta è corretta;3
"Ai sensi dell'art. 27 del D.L. 4/2019, sulle vincite del gioco numerico a quota fissa denominato ""10&lotto"" e dei relativi giochi opzionali e complementari la ritenuta è fissata:";a) a decorrere dall'1 luglio 2019 al 10 per cento, mentre la ritenuta del 12 per cento resta ferma per tutti gli altri giochi numerici a quota fissa.;b) a decorrere dall'1 luglio 2019 all'11 per cento, mentre la ritenuta dell'8 per cento resta ferma per tutti gli altri giochi numerici a quota fissa.;c) a decorrere dall'1 luglio 2019 al 10 per cento, mentre la ritenuta dell'8 per cento resta ferma per tutti gli altri giochi numerici a quota fissa.;d) a decorrere dall'1 luglio 2019 all'11 per cento, mentre la ritenuta del 12 per cento resta ferma per tutti gli altri giochi numerici a quota fissa.;2
Il Gioco del lotto prevede una giocata minima di:;a) 2 euro;b) 50 centesimi;c) 1 euro;d) 5 euro;3
"Si intende per ""conto gioco"":";a) Una modalità di raccolta non prevista in Italia;b) Nessuna delle alternative proposte è corretta;c) Una modalità di raccolta delle scommesse a distanza;d) Una modalità di raccolta delle scommesse fisica;3
Ai sensi dell'art. 14 quater del DPR 640/72, sono iscritte direttamente nei ruoli, le somme che, a seguito dei controlli automatici sui versamenti eseguiti dai contribuenti per gli apparecchi e congegni di cui all'art. 110 comma 7 del TULPS nonché per gli apparecchi meccanici od elettromeccanici:;a) risultino dovute a titolo d'imposta sugli intrattenimenti nonché a titolo di interessi.;b) risultino dovute a titolo d'imposta sugli intrattenimenti nonché a titolo di interessi e sanzioni per ritardato od omesso versamento.;c) risultino dovute a titolo d'imposta di registro, di imposta sugli intrattenimenti nonché a titolo di interessi e di sanzioni per ritardato od omesso versamento.;d) risultino dovute a titolo d'imposta di bollo, di imposta sugli intrattenimenti nonché a titolo di interessi e di sanzioni per ritardato od omesso versamento.;2
Nel settore dei giochi, ai sensi della Legge 44/2012, la Guardia di Finanza può effettuare operazioni simulate di gioco per la raccolta di elementi utili in ordine al divieto di gioco per i minorenni?;a) No;b) Si ma solo previa autorizzazione dell'A.A.M.S;c) Si ma solo previa autorizzazione della Prefettura geograficamente competente;d) Si;4
La Commissione estrazionale del Gioco del Lotto prevede la presenza di un rappresentante del Corpo?;a) Sì. Di un Ufficiale di livello non inferiore ad Ufficiale Superiore;b) Sì. Di un Ufficiale non superiore al grado di Tenente;c) Sì ma solo in circostanze eccezionali;d) No.;1
L'art. 10, comma 5, del D.P.R. n.430/2001, prescrive che i premi non richiesti o non assegnati, diversi da quelli rifiutati, debbano essere:;a) distrutti;b) reinseriti in un nuovo concorso di analogo contenuto;c) redistribuiti tra gli altri vincitori;d) devoluti a O.N.L.U.S.;4
Ai sensi dell'art. 1 comma 3 del DPR 430/2001, i concorsi e le operazioni a premio hanno durata rispettivamente non superiore:;a) a due e dieci anni dalla data di inizio degli stessi;b) a uno e cinque mesi dalla data di inizio degli stessi;c) a uno e cinque anni dalla data di inizio degli stessi;d) a dieci e venti settimane dalla data di inizio degli stessi;3
Nel caso di offerta di scommesse, la base imponibile sottratta all'imposizione, accertata ai fini dell'Imposta Unica sui Concorsi Pronostici e sulle Scommesse di cui al D.Lgs. n. 504/1998, è posta a base delle rettifiche e degli accertamenti in materia di imposte sui redditi, di IVA e di IRAP eventualmente applicabili al soggetto. A tale scopo, l'Agenzia delle Dogane e dei Monopoli e la Guardia di Finanza comunicano:;"a) le violazioni
rispettivamente accertate e constatate in sede di controllo dell'Imposta Unica sui Concorsi Pronostici e sulle Scommesse all'Agenzia delle Entrate";"b) le violazioni
rispettivamente accertate e constatate in sede di controllo dell'imposta unica sui concorsi pronostici e sulle scommesse al MEF";"c) le violazioni
rispettivamente accertate e constatate in sede di controllo dell'imposta unica sui concorsi pronostici e sulle scommesse al MISE";"d) le violazioni
rispettivamente accertate e constatate in sede di controllo dell'imposta unica sui concorsi pronostici e sulle scommesse all'A.A.M.S.";1
E' consentito applicare il Prelievo Unico Erariale alla raccolta illecita o illegale di giocate effettuata tramite apparecchi e congegni di cui all'articolo 110, comma 6, del T.U.L.P.S.?;a) Si, ma solo per gli apparecchi e congegni di cui all'articolo 110, comma 6, lett. a);b) No. Si applicano solo le sanzioni penali e/o amministrative previste dalle fattispecie violate;c) Si, ma solo per gli apparecchi e congegni di cui all'articolo 110, comma 6, lett. b);d) Si. In base all'art. 39 quater del D.L. n. 269/2003, introdotto dal comma 84 dell'articolo unico della Legge 27 dicembre 2006, n. 296;4
"Le circostanze aggravanti del reato di ""esercizio di giuochi d'azzardo"" previste dall'art. 719 c.p. sono:";"a) l'aver commesso il fatto in un pubblico esercizio; l'aver impegnato nel giuoco poste rilevanti; l'aver consentito la partecipazione al giuoco a persone minori degli anni 18.";"b) aver il colpevole istituito
otenuto una casa da giuoco; aver commesso il fatto in un pubblico esercizio; aver impegnato nel giuoco poste rilevanti; aver consentito la partecipazione al giuoco a persone minori degli anni 18.";"c) aver il colpevole istituito
otenuto una casa da giuoco; aver commesso il fatto in un luogo pubblico
oin un pubblico esercizio; aver impegnato nel giuoco poste rilevanti; aver consentito la partecipazione al giuoco a persone minori di anni 18";"d) aver il colpevole istituito
otenuto una casa da giuoco; aver commesso il fatto in un luogo pubblico
oin un pubblico esercizio; aver impegnato nel giuoco poste rilevanti; aver favorito la partecipazione al giuoco a persone minori di anni 18";2
"Con le ""NewSlot2"", in base ai requisiti tecnici di funzionamento impiantati nel software di gioco, in ossequio ai vincoli normativi, ogni singola partita:";a) può avere il costo massimo di cinque euro;b) deve durare almeno venti secondi;c) non può costare oltre un euro;d) può consentire la distribuzione di vincite in denaro di valore massimo non superiore a 50 euro;3
"Il prelievo erariale unico, comunemente denominato ""PREU"", è previsto:";a) nessuna delle alternative proposte è corretta;b) solo per gli apparecchi privi del prescritto nulla osta;c) solo per gli apparecchi connessi alla rete telematica gestita dal concessionario, prevista dall'art. 14-bis del D.P.R. 26 ottobre 1972, n. 640;d) anche per gli apparecchi privi di nulla osta che erogano vincite in denaro ovvero con caratteristiche che consentano il gioco d'azzardo;4
In base al contenuto dell'articolo 24 - comma 21 - del D.L. n. 98/2011, il titolare dell'esercizio commerciale, del locale o, comunque, del punto di offerta di gioco, che consenta la partecipazione ai giochi pubblici a minori di 18 anni è punito:;"a) con la sanzione
amministrativa pecuniaria da euro 500 a euro 1.000";"b) con la sanzione
amministrativa pecuniaria da euro 5.000 a euro 20.000";c) con la sanzione amministrativa pecuniaria da euro 15.000 a euro 30.000;d) con la reclusione da 3 mesi ad un anno;2
Le tipologie di scommesse previste sono le seguenti:;a) A totalizzatore - A quota fissa - A base ippica - A base agonistica;b) A totalizzatore - A quota fissa - A base ippica - A base sportiva;c) A forfait - A quota fissa - A base ippica - A base sportiva;d) A base ippica - A base sportiva;2
L'art. 110 - comma 6 lettera a - del T.U.L.P.S. prescrive che le vincite erogate dall'apparecchio siano non inferiori:;a) al 95% delle somme giocate;b) al 85% delle somme giocate;c) al 75% delle somme giocate;d) al 10% delle somme giocate;3
Ai sensi del combinato-disposto degli articoli 110 - comma 6 lett. a - del TULPS e 6 del DL n. 50/2017 convertito nella Legge n. 96/2017, la misura del prelievo erariale unico sugli apparecchi di cui al citato art. 110 - comma 6 lettera a - del TULPS è stabilita nel:;"a) 9 per cento
dell'ammontare delle somme riscosse.";b) 29 per cento dell'ammontare delle somme giocate.;c) 39 per cento dell'ammontare delle somme giocate.;d) 19 per cento dell'ammontare delle somme giocate.;4
L'articolo 110 - comma 4 - del TULPS prescrive che:;a) l'installazione e l'uso di apparecchi e congegni automatici, semiautomatici ed elettronici da gioco d'azzardo sono vietati nei soli circoli aziendali;b) l'installazione e l'uso di apparecchi e congegni automatici, semiautomatici ed elettronici da gioco d'azzardo è prevista solo all'interno dei casinò autorizzati;c) l'installazione e l'uso di apparecchi e congegni automatici, semiautomatici ed elettronici da gioco d'azzardo sono vietati negli stabilimenti balneari;d) l'installazione e l'uso di apparecchi e congegni automatici, semiautomatici ed elettronici da gioco d'azzardo sono vietati nei luoghi pubblici o aperti al pubblico e nei circoli ed associazioni di qualunque specie.;4
L'esercizio del gioco d'azzardo è punito:;a) dall'art. 727 c.p.;b) dall'art. 716 c.p.;c) dall'art. 718 c.p.;d) dall'art. 714 c.p.;3
Ai sensi dell'articolo 719 C.P., rappresenta una circostanza aggravante del reato di esercizio di gioco d'azzardo di cui all'articolo 718 C.P.:;a) se il fatto è commesso in un pubblico esercizio.;b) se i partecipanti sono più di trenta;c) se i partecipanti sono più di venti;d) nessuna delle altre risposte è corretta.;1
Ai sensi dell'articolo 719 C.P., rappresenta una circostanza aggravante del reato di esercizio di gioco d'azzardo di cui all'articolo 718 C.P.:;a) se sono impegnate nel gioco poste non superiori a dieci euro;b) se sono impegnate nel gioco poste non superiori a tre euro;c) se sono impegnate nel gioco poste rilevanti;d) se il fatto è commesso di notte;3
L'esercizio di gioco d'azzardo è:;a) una violazione amministrativa ai sensi dell'articolo articolo 740 C.P.;b) un delitto ai sensi dell'articolo articolo 718 C.P.;c) una violazione amministrativa ai sensi dell'articolo articolo 720 C.P.;"d) un reato
contravvenzionale ai sensi dell'articolo 718 C.P.";4
Ai sensi del D.P.R. n. 430/2001, le vincite delle manifestazioni a premio vanno consegnate agli aventi diritto entro il termine massimo di:;a) sei mesi dalla conclusione della manifestazione;b) un mese dalla conclusione della manifestazione;c) dodici mesi dalla conclusione della manifestazione;d) tre mesi dalla conclusione della manifestazione;1
Ai sensi dell'articolo 1 - comma 3 - del DPR n. 430/2001:;a) I concorsi e le operazioni a premio hanno durata non superiore, rispettivamente, a tre e a sette anni dalla data di inizio degli stessi.;"b) I concorsi e le
operazioni a premio hanno durata non superiore, rispettivamente, a due e a sei anni dalla data di inizio degli stessi.";c) I concorsi e le operazioni a premio hanno durata non superiore, rispettivamente, a uno e a cinque anni dalla data di inizio degli stessi.;"d) I concorsi e le
operazioni a premio hanno durata non superiore, rispettivamente, a quattro
e a otto anni dalla data di inizio degli stessi.";3
Ai sensi dell'articolo 1 - comma 4 - del DPR n. 430/2001:;a) I concorsi e le operazioni a premio possono essere svolte liberamente, senza alcun vincolo e senza bisogno di autorizzazioni o concessioni;b) I concorsi e le operazioni a premio possono essere svolti soltanto a favore dei consumatori finali;c) I concorsi e le operazioni a premio possono essere svolti soltanto a favore dei lavoratori dipendenti.;d) I concorsi e le operazioni a premio possono essere svolti a favore dei consumatori finali o di altri soggetti quali i rivenditori, gli intermediari, i concessionari, i collaboratori e i lavoratori dipendenti.;4
I concorsi e le operazioni a premio hanno durata non superiore, rispettivamente:;a) a tre mesi e a sei mesi dalla data di inizio degli stessi, ai sensi dell'articolo 1 - comma 3 - del DPR n. 430/2001.;b) a un mese e a cinque mesi dalla data di inizio degli stessi, ai sensi dell'articolo 1 - comma 3 - del DPR n. 430/2001.;c) a uno e a cinque anni dalla data di inizio degli stessi, ai sensi dell'articolo 1 - comma 3 - del DPR n. 430/2001.;d) Nessuna delle risposte è esatta;3
"Con il decreto di ""inibizione dei siti di gioco non autorizzati"", si dà attuazione alle disposizioni contenute nell'articolo 1 della Legge Finanziaria 2006, allo scopo di:";a) incentivare il gioco presso le strutture autorizzate sul territorio;b) contrastare la proliferazione di siti di gioco on-line stranieri;c) contrastare le truffe on- line connesse al gioco d'azzardo;d) nessuna risposta è esatta;3
Ai sensi dell'articolo 110 - comma 11 - del TULPS, il Questore, quando sono riscontrate violazioni di rilevante gravità in relazione al numero degli apparecchi installati ed alla reiterazione delle violazioni:;a) sospende la licenza dell'autore degli illeciti per un periodo non superiore a quindici giorni, informandone l'autorità competente al rilascio.;b) sospende la licenza dell'autore degli illeciti per un periodo non superiore a trenta giorni, informandone l'autorità competente al rilascio.;c) sospende la licenza dell'autore degli illeciti per un periodo non superiore a quarantacinque giorni, informandone l'autorità competente al rilascio.;d) sospende la licenza dell'autore degli illeciti per un periodo non inferiore ad un anno, informandone l'autorità competente al rilascio.;1
ai sensi dell'articolo 110 - comma 4 - del TULPS:;a) l'installazione e l'uso di apparecchi e congegni automatici, semiautomatici ed elettronici da gioco d'azzardo sono vietati solo nei luoghi pubblici o aperti al pubblico ma sono consentiti nei circoli ed associazioni di qualunque specie.;b) l'installazione e l'uso di apparecchi e congegni automatici, semiautomatici ed elettronici da gioco d'azzardo non sono vietati nei luoghi pubblici o aperti al pubblico e nei circoli ed associazioni di qualunque specie.;c) l'installazione e l'uso di apparecchi e congegni automatici, semiautomatici ed elettronici da gioco d'azzardo sono vietati nei luoghi pubblici o aperti al pubblico e nei circoli ed associazioni di qualunque specie.;d) l'installazione e l'uso di apparecchi e congegni automatici, semiautomatici ed elettronici da gioco d'azzardo sono vietati nei luoghi pubblici ma sono consentiti nei luoghi aperti al pubblico, nei circoli e nelle associazioni di qualunque specie.;3
L'esercizio del gioco d'azzardo è punito:;a) con reclusione o multa.;b) con arresto.;c) con reclusione e multa.;d) con arresto e ammenda.;4
Ai sensi dell'articolo 6 del Decreto Direttoriale 22 gennaio 2010, n. 124, con esclusione del jackpot, la vincita massima consentita, per ciascuna partita con le Videolottery, ammonta a:;a) 20.000 euro;b) 1.000 euro;c) 10.000 euro;d) 5.000 euro;4
L'articolo 110 - comma 7-ter - del TULPS prevede che con decreto del Ministro dell'economia e delle finanze è determinata:;a) la base imponibile forfetaria dell'imposta sugli intrattenimenti di cui all'art. 115-bis, comma 5, del decreto del Presidente della Repubblica 26 ottobre 1972, n. 641.;b) la base imponibile forfetaria dell'imposta sugli intrattenimenti di cui all'art. 14-bis, comma 5, del decreto del Presidente della Repubblica 26 ottobre 1972, n. 640.;c) la base imponibile forfetaria dell'imposta sugli spettacoli di cui all'art. 100, comma 7, del decreto del Presidente della Repubblica 26 ottobre 1972, n. 633.;d) la base imponibile forfetaria dell'imposta sugli intrattenimenti di cui all'art. 110, comma 7, del decreto del Presidente della Repubblica 26 ottobre 1972, n. 642.;2
"Il ""nulla osta per la messa in esercizio"" degli apparecchi e congegni di cui all'articolo 110 - comma 6, lettera a - del T.U.L.P.S. va richiesto all'Agenzia delle Dogane e dei Monopoli da parte:";a) non è previsto;b) del Produttore o dall'Importatore degli apparecchi e congegni;c) del Rivenditore degli apparecchi e congegni;d) del Concessionario;4
Ai sensi del combinato-disposto dell'articolo 110 -comma 6 lettera a - del T.U.L.P.S. e del decreto 4dicembre 2003, così come modificato dal decreto interdirettoriale 19 settembre 2006, per gli apparecchi con vincita in denaro, meglio noti comeNewslot, è tra l'altro previsto che:;a) l'uso di tali apparecchiè vietato ai minori di 18anni;b) l'uso di tali apparecchiè consentito ai minori di 18anni;c) l'uso di tali apparecchiè vietato ai minori di 16anni;d) l'uso di tali apparecchiè vietato ai minori di 14anni;1
La norma che prevede l'imposta unica sullescommesse e sui concorsi pronostici è:;a) La Legge n. 208/2015(legge di stabilità 2016);b) Il D.L. 2 marzo 2012, n.16, convertito dalla Legge26 aprile 2012, n. 44;c) Il D.Lgs. n. 23 dicembre1998, n. 504;d) Il T.U.L.P.S.;3
