La marcatura CE apposta su determinati prodotti è irregolare se risulta essere;a) Leggibile;b) Indelebile;c) Visibile;d) Rimovibile;4
Qualora un operatore commerciale produce beni in violazione alle norme in materia di contraffazione si può procedere alla confisca amministrativa dei locali ove vengono prodotti i materiali contraffatti?;a) Vero, ma solo nell'ipotesi in cui l'operatore sia recidivo;b) Vero;c) Falso, vengono confiscati soltanto i materiali contraffatti;d) Falso, si procede soltanto all'applicazione di una sanzione amministrativa;2
Un rapporto della Commissione europea del 2015 nell' analizzare, tra l'altro, le rotte di movimentazione dei prodotti contraffatti, evidenzia che il maggior Paese di provenienza delle merci contraffatte è:;a) La Cina;b) Il Vietnam;c) La Turchia;d) Singapore;1
Il contrasto alla contraffazione on line può avvenire, tra l'altro, tramite:;a) Perquisizioni digitali;b) Deviando il traffico su altri indirizzi internet;c) L'oscuramento dei siti internet illegali;d) La creazione di nuovi siti internet;3
La circolazione di prodotti contraffatti su internet è stata, ulteriormente, favorita:;"a) Dall'approvazione nel 2019 della c.d. Direttiva ""copyright""";b) Dal denaro ricevuto online indebitamente dal pubblico ufficiale o dall'incaricato del pubblico servizio;c) Da forme di accordo su internet tra le parti, che non seguono l'effettiva remunerazione con denaro o altra utilità;d) Dall'inserimento di meta-tag riferiti a marchi o segni distintivi notori, all'interno dei codici html relativi a siti web legali, quali parole chiave che il motore di ricerca legge e rileva all'atto dell'indicizzazione;4
Nell'ambito del territorio nazionale, come si procede alla registrazione di un brevetto?;a) va presentata un'apposita domanda all'Ufficio Brevetti e Marchi presente in tutte le Camere di Commercio Industria Artigianato e Agricoltura;b) va presentata un'apposita domanda al Comune di residenza del richiedente;c) va presentata un'apposita domanda al ministero dell'Economia e Finanze;"d) va presentata
un'apposita domanda alla locale Prefettura - Ufficio Territoriale del Governo";1
Che cosa s'intende per alterazione di un marchio?;a) La riproduzione di un marchio fedele all'originale;"b) La riproduzione
capziosa di un marchio tale da poter determinare confusione con quello originale";c) La riproduzione di oggetti senza distintivi ma di scarsa qualità;d) La riproduzione non riconducibile ad un marchio registrato;2
La falsa indicazione di cui all'art. 4, comma 49, della Legge 24 dicembre 2003, n. 350:;a) Può essere sanata sul piano amministrativo solo attraverso l'esatta indicazione dell'origine;"b) Può essere sanata sul piano amministrativo solo attraverso l'asportazione della stampigliatura ""made in Italy""";"c) Può essere sanata sul piano amministrativo attraverso l'esatta indicazione dell'origine e l'asportazione della stampigliatura ""made in Italy""";d) Può essere sanata sul piano penale facendo ricorso al Giudice di Pace;3
Ai sensi del regolamento 2003/1383/CE per merce contraffatta si intende:;a) La merce su cui sia stato apposto, senza autorizzazione, un marchio di fabbrica diverso da quello validamente registrato per tutte le altre tipologie di merce;b) La merce su cui sia stato apposto un marchio di fabbrica validamente registrato per quelle stesse tipologie di merce;c) La merce su cui sia stato apposto, senza autorizzazione, un marchio di fabbrica identico a quello validamente registrato per gli stessi tipi di merce;d) La merce su cui sia stato apposto, senza autorizzazione, un marchio di fabbrica diverso da quello validamente registrato per gli stessi tipi di merce;3
La circostanza aggravante, disciplinata dall'art. 474 ter c.p., punisce;a) La condotta delle imprese dedite, in modo sistematico ovvero attraverso l'allestimento di mezzi e attività organizzate, al contrabbando;b) L'autoriciclaggio;c) La contraffazione del sigillo dello Stato;d) La condotta delle imprese dedite, in modo sistematico ovvero attraverso l'allestimento di mezzi e attività organizzate, alla contraffazione;4
Nel settore della contraffazione è prevista la confisca delle cose che servirono o furono destinate a commettere il reato e delle cose che ne sono l'oggetto, il prodotto, il prezzo o il profitto, a chiunque appartenenti?;a) Sì, obbligatoria;b) Sì, ma è facoltativa;c) Sì, obbligatoria ma solo delle cose che furono destinate a commettere il reato;d) Non è mai prevista;1
"L'art. 473 c.p., rubricato (contraffazione,
alterazione o uso di marchi o segni distintivi ovvero di brevetti, modelli e disegni) punisce:";"a) L'alterazione o uso di marchio, segni distintivi ovvero di brevetti, modelli
e disegni";b) La contraffazione, alterazione o uso di marchio, segni distintivi ovvero di brevetti, modelli e disegni;c) La contraffazione alterazione o uso di brevetti, modelli e disegni;d) L'uso di marchio, segni distintivi ovvero di brevetti, modelli e disegni;2
Laddove sussista il fondato sospetto che le merci rechino una falsa o fallace indicazione di provenienza, da chi può essere disposto il fermo amministrativo delle merci, ai sensi dell'art. 1 del D.P.R. n. 656/1968?;a) Dal Ministero dello Sviluppo Economico;b) Dall'Autorità Portuale;c) Dall'Autorità doganale;d) Dalla Capitaneria di Porto;3
"Può integrare la fattispecie di reato di commercializzazione di prodotti recanti false indicazioni -ex art. 517 c.p.- l'ingannevole indicazione ""100% italiano"" riportata sul prodotto immesso al consumo, nonché su fatture o altra corrispondenza?";a) Vero;b) Falso, è reato solo se l'indicazione è riportata nella fattura;c) Falso, è reato solo se l'indicazione è riportata sulla confezione;d) Falso, è reato solo se l'indicazione è riportata in altra corrispondenza;1
L'acquirente finale di prodotti che, per la loro qualità o entità di prezzo inducano a ritenere che siano state violate le norme in materia di contraffazione;a) È punito con la sanzione dell'ammenda;b) Non subisce alcuna sanzione;c) È punito con una sanzione pecuniaria amministrativa;d) È punito con la sanzione della multa;3
Ai sensi della normativa attualmente vigente, nella confezione, nell'imballaggio o nel foglio illustrativo di un giocattolo può mancare;a) La marcatura CE;b) Il foglio di istruzioni in lingua italiana;"c) La dicitura delle
avvertenze sulle fasce d'età consigliate";d) La durata di impiego prevedibile;4
Il RAPEX è un sistema comunitario di allerta rapido, esistente in materia di sicurezza sui prodotti ?;a) Falso, è il SELEX;b) Falso, è il SARC;c) Vero;d) Falso, è il SAR;3
L'apposizione di un falso marchio CE su di un determinato prodotto, integra:;a) Il reato di contraffazione;b) L'incauto acquisto;c) Il reato di contrabbando;d) condotte commerciali ingannevoli potenzialmente in grado di configurare il reato della frode in commercio;4
Non si può procedere a registrare un marchio in presenza di uno dei seguenti elementi caratterizzanti:;a) Genericità;b) Capacità distintiva;c) Liceità e verità;d) Novità;1
In materia di lotta alla contraffazione, l'azione investigativa della Guardia di Finanza può svolgersi anche attraverso il monitoraggio di internet?;a) Vero, per individuare le violazioni commesse attraverso la rete;b) Vero, per monitorare le scelte ai fini statistici;c) Vero, per monitorare la statistica dei contatti internet;d) Falso;1
Cos'è il Sistema di Allerta Rapido comunitario Gras-Rapex?;"a) È un sistema di
comunicazione tra gli Stati membri per segnalare la commercializzazione di prodotti pericolosi";b) È un sistema di alert per l'attivazione di attività amministrativa in uno specifico Stato membro;c) È un circuito telematico di mero scambio informativo tra gli Stati membri;d) È il circuito telematico di comunicazione e notifica tra gli Stati membri della individuazione, nel corso dei controlli, di prodotti comportanti un rischio grave per la salute del consumatore;4
Le circolari emanate negli anni dal Comando Generale - III Reparto Operazioni - individuano come obiettivo finale della lotta alla contraffazione;a) La confisca dei mezzi utilizzati per trasportare i prodotti contraffatti;b) La ricostruzione dei flussi di beni e di denaro, l'individuazione della filiera del falso e l'aggressione dei patrimoni illeciti;c) L'arresto di tutte le persone coinvolte nell'attività illecita;d) L'individuazione della filiera del falso e l'aggressione dei patrimoni illeciti;2
Tra le misure di sicurezza patrimoniali applicabili in materia di lotta alla contraffazione, per i reati di cui all'art. 473 c.p. e 474 c.p., rientra la confisca obbligatoria delle cose che servirono o furono destinate a commettere il reato?;a) Sì;b) No, è facoltativa;"c) No, la Confisca è ""per sproporzione""";"d) No, solo Confisca dei beni ""per equivalente""";1
In tema di sicurezza prodotti e tutela del consumatore, il legislatore europeo in virtù del Regolamento CE n. 765/2008 ha stabilito che determinati prodotti, pena il ritiro immediato dal mercato siano obbligatoriamente muniti di:;a) Appendice informativa;b) Marcatura CE;"c) ""Made in PRC""";"d) ""Made in UE""";2
"Il fenomeno dell' ""Italian sounding"" ha un impatto negativo sul comparto agroalimentare nazionale, in termini di:";a) Cessazione di imprese operanti in aree geografiche connotate da forte compromissione criminale del territorio;b) Riduzione delle vendite e potenziale danno d'immagine, derivante dalla scarsa qualità dei prodotti usurpativi immessi sui mercati internazionali;c) Indebita percezione di erogazioni a danno dello Stato, di cui all'art. 316-ter C.P;d) Infiltrazioni malavitose nell'economia legale;2
Che cosa ha previsto, relativamente alla contraffazione, la legge n. 99/2009?;a) Non è più prevista dall'ordinamento vigente;b) Sanzioni amministrative per l'acquirente finale;c) L'obbligatorietà dell'accertamento fiscale agli organizzatori dell'attività illecita;d) Sanzioni più severe, adeguate alla gravità del fenomeno, nonché l'estensione ai reati più gravi di contraffazione dei poteri investigativi riconosciuti dalla legislazione antimafia;4
"Che cosa si vuole intendere con il termine ""italian sounding""?";a) Le canzoni italianeggianti;b) L'ingannevole richiamo dell'italianità di un prodotto;c) Una recente forma di criminalità organizzata negli Stati Uniti d'America;d) Canzoni italiane cantate da artisti internazionali;2
È sempre disposta la confisca delle cose che servirono o furono destinate a commettere il reato nei casi degli artt. 473 e 474 del codice penale?;a) Si, secondo l'articolo 474 bis del codice penale.;b) No.;c) solo se si tratta di beni dal valore inferiore a centomila.;d) Solo se si tratta di beni dal valore superiore a euro centomila.;1
La contraffazione del marchio CE integra elementi costitutivi del reato di cui all'art. 515 del c. p. (Frode nell'esercizio del commercio)?;a) No, ma dell'articolo 529 del codice penale.;b) No.;c) Si, come ribadito anche dal Corte di Cassazione con sentenza 9310/13;d) No ma dall'articolo 648 del codice penale.;3
"Il piano operativo ""tutela del made in Italy e sicurezza prodotti"" ha l'obiettivo di:";a) tutelare la libertà personale dalle condotte di frode nell'esercizio del commercio, nella vendita di prodotti con segni industriali mendaci, ecc., nonché di favorire la diffusione di prodotti non conformi rispetto agli standard di sicurezza imposti dalla normativa dell'UE e nazionale;b) proteggere il mercato dalla diffusione di prodotti non conformi rispetto agli standard di sicurezza imposti dalla normativa dell'UE e nazionale ma non di tutelare la proprietà industriale dalle condotte di frode nell'esercizio del commercio, nella vendita di prodotti con segni industriali mendaci, ecc.;c) tutelare la proprietà industriale dalle condotte di frode nell'esercizio del commercio, nella vendita di prodotti con segni industriali mendaci, ecc., ma non di proteggere il mercato dalla diffusione di prodotti non conformi rispetto agli standard di sicurezza imposti dalla normativa dell'UE e nazionale;d) tutelare la proprietà industriale dalle condotte di frode nell'esercizio del commercio, nella vendita di prodotti con segni industriali mendaci, ecc., nonché di proteggere il mercato dalla diffusione di prodotti non conformi rispetto agli standard di sicurezza imposti dalla normativa dell'UE e nazionale;4
"Nell'ambito del piano operativo ""lotta alla contraffazione"", tra gli altri, la GdF:";"a) ricorre agli strumenti investigativi delle operazioni ""sotto- copertura"", alle consegne controllate, agli acquisti simulati e alle omissioni/ritardi negli atti di polizia giudiziaria ma non alle intercettazioni telefoniche";"b) non può ricorrere agli strumenti investigativi delle operazioni ""sotto- copertura"", alle consegne controllate, agli acquisti simulati e alle omissioni/ritardi negli atti di polizia giudiziaria nonché alle intercettazioni telefoniche";"c) ricorre agli strumenti investigativi delle operazioni ""sotto- copertura"", alle consegne controllate, agli acquisti simulati e alle omissioni/ritardi negli atti di polizia giudiziaria nonché alle intercettazioni telefoniche";"d) ricorre alle
intercettazioni telefoniche ma non agli strumenti investigativi delle operazioni ""sotto-copertura"", alle consegne controllate, agli acquisti simulati e alle omissioni/ritardi negli atti di polizia giudiziaria";3
Le attività di rendicontazione delle attività di servizio eseguite nel comparto della tutela del mercato beni e servizi deve essere fatta:;a) Sull'applicativo di rendicontazione SIAC- GdF per i settori di pertinenza e contestualmente su ARES per i rimanenti settori di servizio;b) Esclusivamente attraverso il PiGreco web;c) Esclusivamente sull'applicativo di rendicontazione SIAC- GdF;d) Esclusivamente sull'applicativo di rendicontazione ARES;1
L'art. 16 co. 4 del D.L. n. 135/2009, convertito in Legge n. 166/2009, ha introdotto una fattispecie penale, prevedendo che chiunque fa uso di un'indicazione di vendita che presenti il prodotto:;"a) come interamente realizzato in Italia, quale ""100% made in Italy"" o 100% Italia"", in qualunque lingua espressa, inducendo ad una fallace convinzione, è punito con le pene dell'art. 517 c.p., aumentate di un terzo";"b) come in gran parte realizzato in Italia, quale ""60% made in Italy"", in qualunque lingua espressa, inducendo ad una fallace convinzione, è punito con le pene dell'art. 473 c.p., aumentate di un terzo";"c) come mai realizzato in Italia, quale ""0% made in Italy"", in qualunque lingua espressa, inducendo ad una fallace convinzione, è punito con le pene dell'art. 517 c.p., aumentate di un terzo";"d) come per metà realizzato in Italia, quale ""50% made in Italy"", in qualunque lingua espressa, inducendo ad una fallace convinzione, è punito con le pene dell'art. 474 c.p., aumentate di un terzo";1
Un prodotto che risulta palesemente falso, facilmente riconoscibile nella sua falsità è:;a) Un prodotto ben imitato di grossa taglia;b) Un prodotto falso confondibile con l'originale;c) un falso grossolano;d) Un prodotto ben falsificato di grosse dimensioni;3
Chiunque fabbrica beni, realizzati usurpando un titolo di proprietà industriale, salvo l'applicazione degli artt. 473 e 474, è punibile con la reclusione:;a) Previa richiesta di procedimento;b) Previa richiesta di autorizzazione a procedere;c) Con procedibilità d'ufficio;d) A querela della persona offesa;4
L'art. 517 c.p. punisce:;"a) Il reato
dell'importazione e dell'esportazione ai fini di commercializzazione di prodotti recanti fallaci indicazioni di provenienza";b) L'illecito amministrativo dell'importazione e dell'esportazione ai fini di commercializzazione di prodotti recanti fallaci indicazioni di provenienza;c) L'associazione a delinquere finalizzata alla contraffazione;"d) L'ingannevole
pubblicità di un prodotto ""Made in Italy""";1
Il reato di falsa o fallace indicazione di origine, provenienza o qualità dei prodotti è dettato:;a) Dal combinato disposto di cui all'art. 4, comma 49 della L. n. 350/2003 e all'art. 517 c.p.;b) Dall'art. 517 c.p.;c) Dall'art. 473 c.p.;d) Dal DPR n. 656/1968;1
"Ai sensi della legge n. 350/2003, cosa costituisce la stampigliatura ""made in Italy"" su prodotti e merci non originari dall'Italia?";a) Fallace indicazione;b) Falsa indicazione;c) Ingannevole indicazione;d) Errata indicazione;2
Il reato di contraffazione punito dall'art. 473 primo comma del codice penale, prevede l'applicazione:;a) della reclusione da sei mesi a 3 anni e della multa da euro 5.000 a euro 35.000;b) dell'arresto fino a sei mesi e dell'ammenda da euro 300 a euro 1.000;c) dell'arresto fino a tre mesi e dell'ammenda da euro 100 a euro 500;d) della reclusione da sei mesi a tre anni e della multa da euro 2.500 a euro 25.000;4
"All'interno degli spazi doganali il contrasto della contraffazione, la tutela del ""Made in Italy"" e della sicurezza prodotti sono affidati a:";a) Ministero della Salute;b) Polizia di Frontiera;c) Capitaneria di Porto;d) Agenzia delle Dogane e Monopoli e Guardia di Finanza;4
La Giurisprudenza della Corte di Cassazione ha chiarito che la funzione della marcatura CE:;a) È quella di evitare la ricettazione;b) È quella di evitare le frodi agroalimentari;"c) È quella di tutelare il ""Made in Italy""";d) È quella di proteggere la salute e la sicurezza degli acquirenti dei prodotti;4
Ai sensi del Dlgs. n. 206/2005 - Codice al consumo- la violazione di commercio di prodotti che non riportino le indicazioni relative all'eventuale presenza di sostanze che possono arrecare danno all'uomo può essere accertata;a) Dagli organi di Polizia Amministrativa nonché da Ufficiali ed Agenti di Polizia Giudiziaria;b) Solo da Ufficiali di Polizia Giudiziaria;c) Solo da Ufficiali di Polizia Giudiziaria ed Organi di Polizia Ammministrativa;d) Solo da Organi di Polizia Ammministrativa;1
Nel rispetto del D.Lgs. n. 206/2005 -Codice del consumo- quale delle seguenti indicazioni non è obbligatorio riportare nelle confezioni dei prodotti destinati al consumatore;a) Volume d'affari del produttore;b) Istruzioni, eventuali precauzioni e destinazione;c) Paese di origine se situato fuori dall'Unione Europea;d) Denominazione legale o merceologica del prodotto;1
Nel caso in cui venga individuata in un Paese straniero l'ultima lavorazione sostanziale, che non consiste nel mero assemblaggio, nell'etichettatura o nel confezionamento dei prodotti:;"a) Non è corretta l'applicazione ""made in italy"" sul prodotto;";"b) È comunque consentita l'applicazione ""made in italy"" sul prodotto";"c) È consentita la stampigliatura ""made in Italy"" solo su prodotti e merci non originari dell'Italia ai sensi della normativa europea sull'origine";d) Si applicheranno dei dazi antidumping;1
"I controlli ispettivi in materia di ""sicurezza dei prodotti"" possono essere eseguiti dalla Guardia di Finanza d'iniziativa o essere richiesti dal:";a) Ministero dei Rapporti con il Parlamento;b) Ministero della Difesa;c) Ministero della Pubblica Istruzione;d) Ministero delle Imprese e del Made in Italy;4
Per Italian Sounding agroalimentare si intende:;a) l'uso di una ricetta registrata ma che ha chiare origini italiane;b) l'uso di una ricetta registrata in Italia;c) l'uso di una ricetta non registrata ma che non ha chiare origini italiane;d) l'uso di una ricetta non registrata ma che ha chiare origini italiane;4
Chi può ottenere l'iscrizione del marchio nel registro dei marchi storici di interesse nazionale?;"a) I titolari o licenziatari esclusivi di marchi d'impresa
registrati da almeno cinquanta anni o per i quali sia possibile dimostrare l'uso continuativo da almeno cinquanta anni, utilizzati per la commercializzazione di prodotti o servizi realizzati in
un'impresa produttiva nazionale di eccellenza storicamente collegata al territorio nazionale";"b) I titolari o licenziatari esclusivi di marchi d'impresa
registrati da almeno venti anni o per i quali sia possibile
dimostrare l'uso continuativo da almeno cinquanta anni, utilizzati per la commercializzazione di prodotti o servizi realizzati in
un'impresa produttiva nazionale di eccellenza storicamente collegata al territorio nazionale";"c) I titolari o licenziatari esclusivi di marchi d'impresa
registrati da almeno quarant'anni o per i quali sia possibile dimostrare l'uso continuativo da almeno cinquanta anni, utilizzati per la commercializzazione di prodotti o servizi realizzati in
un'impresa produttiva nazionale di eccellenza storicamente collegata al territorio nazionale";"d) I titolari o licenziatari esclusivi di marchi d'impresa
registrati da almeno trenta anni o per i quali sia possibile
dimostrare l'uso continuativo da almeno cinquanta anni, utilizzati per la commercializzazione di prodotti o servizi realizzati in
un'impresa produttiva nazionale di eccellenza storicamente collegata al territorio nazionale";1
Il logo «Marchio storico di interesse nazionale» è stato istituito:;a) con decreto del Ministro delle Finanze;b) con decreto del Ministro degli Esteri;c) con decreto del Ministro dell'interno;d) con decreto del Ministro dello sviluppo economico;4
Il registro speciale dei marchi storici come definiti dall'articolo 11-ter. Dlgs 30 / 2005 dove è istituito ?;a) presso l'apposito ufficio del M.I.S.E.;b) presso la sede centrale della Banca di Italia;c) presso l'ufficio italiano brevetti e marchi;d) presso la sede centrale dell'agenzia delle entrate;3
"Ai sensi del Dlgs 30/2005 cosa si intende per ""atti di pirateria"" ?";a) le contraffazioni evidenti dei marchi, disegni e modelli registrati e le violazioni di altrui diritti di proprieta' industriale realizzate dolosamente in modo sistematico;b) il furto di prodotti brevettati in italia;c) la contraffazione di disegni e modelli non ancora registrati;d) le contraffazioni evidenti dei marchi, disegni e modelli registrati e le violazioni di altrui diritti di proprieta' industriale realizzate colposamente in modo sistematico;1
Quali funzioni ha il Consiglio nazionale per la lotta alla contraffazione e all'Italian Sounding?;a) funzioni di indirizzo, impulso e coordinamento delle azioni strategiche intraprese da ogni amministrazione, al fine di migliorare l'insieme dell'azione di contrasto della contraffazione a livello nazionale;"b) funzioni di
coordinamento dell'attività svolta dalla Guardia di Finanza in materia di sicurezza prodotti";c) nessuna funzione specifica;d) funzioni di impulso ed indirizzo della Guardia di Finanza nella lotta alla contraffazione;1
"I controlli in materia di ""sicurezza dei prodotti"" possono essere eseguiti dalla Guardia di Finanza presso qualsiasi soggetto della catena produzione- importazione-distribuzione-vendita";a) Falso, solo presso i punti di distribuzione- vendita;b) Vero;c) Falso, solo su autorizzazione del Consiglio Nazionale per la lotta alla contraffazione e all'italian Sounding (CNALCIS);d) Falso, solo presso gli spazi doganali e in collaborazione con l'Agenzia delle dogane e Monopoli;2
Le confezioni di prodotti alimentari non contengono il marchio CE?;a) Falso, solo gli apparecchi a gas;b) Falso, solo gli ascensori;c) Falso, solo gli occhiali da sole;d) Vero;4
Cosa prevede il D.L. n. 35/2005 all'articolo 1 comma 7?;a) Una sanzione penale per l'acquirente finale di prodotti palesemente contraffatti;b) Il fermo per l'acquirente finale di prodotti palesemente contraffatti;c) L'arresto per l'acquirente finale di prodotti palesemente contraffatti;d) Una sanzione amministrativa per l'acquirente finale di cose che, per la loro qualità o per la condizione di chi le offre o per l'entità del prezzo, inducano a ritenere che siano state violate le norme in materia di origine e provenienza dei prodotti ed in materia di proprietà industriale.;4
"Qual è il significato usualmente accolto dalle norme penali del termine ""usurpando""?";a) Non vi è un significato usualmente accolto.;b) Il significato usualmente accolto è quello di esercizio di un potere o di un diritto altrui appropriandosene indebitamente.;c) Il significato usualmente accolto è quello di esercizio abusivo di un potere al fine di impossessarsi di una cosa di terzi.;"d) Il significato usualmente accolto è
quello di abuso di potere al fine di impossessarsi di una cosa di terzi.";2
A quale pena soggiace chi commette il reato di cui all'art. 517 quater del codice penale?;a) Alla reclusione fino a tre anni e con la multa fino a euro 20.000.;b) Alla reclusione fino a due anni e con la multa fino a euro 40.000.;c) Alla reclusione fino a quattro anni.;d) Alla reclusione fino a due anni e con la multa fino a euro 20.000.;4
È consentito l'uso di intercettazioni telefoniche, nei procedimenti per i delitti di commercio di sostanze alimentari nocive (art. 444 c.p.)?;a) Si, come disposto dall'art. 14, comma 3, della Legge 14 Gennaio 2013, n. 9.;b) Si, ma soltanto se è stata provata anche l'associazione a delinquere.;c) No, sono previste solo per i delitti di cui agli artt. 473 e 474 del codice penale.;d) No.;1
È consentito l'uso di intercettazioni telefoniche, nei procedimenti per i delitti di contraffazione di indicazioni geografiche o denominazioni di origine dei prodotti agroalimentari (art. 517-quater c.p.)?;a) Si, soltanto se eseguite dalla Polizia di Stato.;b) No, sono previste solo per i delitti di cui agli artt. 473 e 474 del codice penale.;c) Si, come disposto dall'art. 14, comma 3, della Legge 14 Gennaio 2013, n. 9.;d) No.;3
"L'indicazione del nome o ragione sociale o marchio
e alla sede legale del produttore o di un importatore stabilito nell'Unione europea, è uno dei requisiti minimi per poter commercializzare un prodotto in Italia, secondo quanto stabilito dall'art. 6 del D.Lgs. 6 Settembre 2005, n. 206 (Codice del Consumo)?";a) Si.;b) Si, ma solo con riferimento a materiale elettrico.;c) No.;d) Si, ma solo con riferimento a prodotti chimici.;1
Nel rispetto del D.Lgs. n. 206/2005 -Codice al consumo- il volume d'affari del produttore è un'indicazione obbligatoria da riportare nelle confezioni dei prodotti destinati al consumatore?;a) Si, se inferiore a 100.000,00 euro.;b) Si, sempre.;c) No.;d) a) Si, se superiore a 100.000,00 euro.;3
Il Nucleo Speciale Beni e Servizi è affiancato ai Reparti territoriali della Guardia di Finanza, al fine di contrastare più efficacemente il fenomeno:;a) Delle violazioni in merito di Patrimonio Artistico;b) Delle violazioni in materia di spesa pubblica;c) Della contraffazione;d) Delle violazioni in ambito del mercato dei capitali;3
"Il ""Dispositivo Permanente di Contrasto ai Traffici Illeciti"" ha l'obiettivo di tutelare la sicurezza economico-finanziaria:";a) intensificando la prevenzione ed il contrasto dei soli reati di contraffazione e frode in commercio, mediante una preventiva mappatura delle aree territoriali di competenza dei Comandi Provinciali nonché attraverso l'esecuzione di servizi di appostamento, perlustrazione, osservazione e posti di controllo;b) intensificando la prevenzione ed il contrasto dei traffici illeciti, mediante una preventiva mappatura delle aree territoriali di competenza dei Comandi Provinciali nonché attraverso l'esecuzione di servizi di appostamento, perlustrazione, osservazione e posti di controllo;c) intensificando la prevenzione ed il contrasto dei soli traffici illeciti di tabacchi lavorati esteri, mediante una preventiva mappatura delle aree territoriali di competenza dei Comandi Provinciali nonché attraverso l'esecuzione di servizi di appostamento, perlustrazione, osservazione e posti di controllo;d) intensificando la prevenzione ed il contrasto dei traffici illeciti, mediante una preventiva mappatura delle aree territoriali di competenza dei Comandi Regionali ma non attraverso l'esecuzione di servizi di appostamento, perlustrazione, osservazione e posti di controllo;2
L'importatore che non ottemperi all'obbligo di fornire, su richiesta, all'autorità di vigilanza informazioni concernenti gli operatori economici che gli abbiano fornito un giocattolo o quelli ai quali lo abbia fornito, è punito:;a) soltanto con sanzione amministrativa;"b) con l'arresto fino a un
anno e con l'ammenda da
euro 10.000 a euro 50.000";"c) con sanzione
amministrativa, salvo che il fatto costituisca reato";d) con la reclusione da sei mesi ad un anno e con la multa da euro 10.000 a 50.000 euro;3
La disciplina normativa organica e strutturata in materia di tutela, difesa e valorizzazione dei diritti di proprietà industriale è costituita:;a) Dal Codice delle imprese industriali (Legge 20 maggio 2005, n. 124);b) Dal Codice di proprietà industriale (D.Lgs. 10 febbraio 2005, n. 30);c) Dal Codice a tutela delle medie imprese (Decreto Ministeriale 18 aprile 2005, n. 31);d) Dal Codice a tutela delle piccole imprese (Decreto Ministeriale 27 novembre 2013, n. 98);2
Le linee guida emanate dal Comando Generale - III Reparto evidenziano che i contesti in cui viene espletato il contrasto alla contraffazione sono:;a) Le zone extraterritoriali;b) Gli aeroporti;c) Le grandi città;d) Le frontiere e il suolo nazionale;4
L'obbligo di riportare sulle confezioni dei prodotti nome o ragione sociale o marchio e sede legale del produttore;a) Significa che può essere indicato solo il nome, la ragione sociale od il marchio del produttore;b) Significa che devono essere riportati obbligatoriamente il nome, la ragione sociale ed il marchio del produttore;c) Significa che possono essere ammessi riferimenti generici, riconducibili al nome, alla ragione sociale ed al marchio del produttore;d) Significa che il nome, la ragione sociale ed il marchio del produttore sono indicazioni da riportare cumulativamente;1
Ai sensi dell'art. 12 del D.Lgs. n. 206/2005 - Codice al consumo-, il commercio di qualsiasi prodotto che non riporti le indicazioni relative all'eventuale presenza di sostanze che possono arrecare danno all'uomo;"a) È punito con la sanzione della multa o
dell'ammenda";b) È punito con la sanzione dell'ammenda;c) È punito con la sanzione della multa;d) È punito con una sanzione amministrativa;4
Ai sensi dell'art. 473 del C.P., colui che contraffà o altera marchi o segni distintivi di prodotti industriali soggiace:;a) alla medesima sanzione comminata a colui che, senza essere concorso nella contraffazione o alterazione, fa uso dei marchi o segni distintivi contraffatti o alterati;b) nessuna delle altre opzioni di risposta è corretta;c) alla pena della reclusione da uno a quattro anni e della multa da euro 3.500 a euro 35.000;d) a sanzione penale più grave rispetto a quella prevista per la contraffazione o alterazione di brevetti, disegni o modelli industriali;4
L'Accordo di Madrid disciplina:;"a) La convenzione per la
protezione di tutti i diritti
della proprietà industriale";b) La registrazione internazionale dei marchi;"c) Il ""Made in"" all'interno dell'Unione Europea";d) La protezione della fauna e della flora;2
L'inserimento dei reati di associazione a delinquere finalizzati al 473 c.p. e al 474 c.p. tra le competenze delle Procure Distrettuali Antimafia e Antiterrorismo, è stato previsto:;a) Dal D.P.R. n. 633/1972;b) Dal D.lgs.. n. 231/2001;c) Dal D.lgs.. n. 159/2011 (c.d. Codice Antimafia);d) Dalla legge n. 99/2009;4
Ai sensi del D.lgs. n. 159/2011 (c.d. Codice Antimafia), in presenza di un'associazione a delinquere, finalizzata al compimento dei reati di cui all'art. 473 e 474 c.p. in materia di contraffazione, si potrà applicare:;a) Nessuna delle alternative è corretta;"b) La confisca per
sproporzione penale di cui all'art. 12 sexies del D.L. n. 306/1992";c) La confisca per equivalente;d) La confisca per sproporzione quale misura di prevenzione patrimoniale;4
L'art. 474-bis cod. pen. prevede che:;"a) Nei casi di cui agli articoli 473 e 474 del codice di procedura penale è sempre ordinata la
confisca delle cose che servirono o furono destinate a commettere il reato e delle cose che ne sono l'oggetto, il prodotto, il prezzo o il profitto, a chiunque appartenenti";b) Nei casi di cui agli articoli 473 e 474 c.c. è sempre ordinata la confisca delle cose che servirono o furono destinate a commettere il reato e delle cose che ne sono l'oggetto, il prodotto, il prezzo o il profitto, a chiunque appartenenti;c) Nei casi di cui agli articoli 473 e 474 cod. pen. è sempre ordinata la confisca delle cose che servirono o furono destinate a commettere il reato e delle cose che ne sono l'oggetto, il prodotto, il prezzo o il profitto, a chiunque appartenenti;d) Nei casi di cui agli articoli 473 e 474 è sempre ordinato il sequestro delle cose che servirono o furono destinate a commettere il reato e delle cose che ne sono l'oggetto o il profitto, a chiunque appartenenti;3
L'art. 517 quater del c.p. - reato di contraffazione di indicazioni geografiche di origine dei prodotti agroalimentari - fa riferimento:;a) Alle scritte apposte sui prodotti agroalimentari di denominazione di origine protetta;b) All' alterazione criminosa dei marchi;c) Alla contraffazione criminosa dei brevetti;d) Alla contraffazione criminosa di prodotti agroalimentari di denominazione di origine controllata;1
L'Autorità competente a valutare i ricorsi contro le sanzioni applicate nei confronti dell'operatore commerciale che ha acquistato prodotti contraffatti è:;a) La Corte d'Appello;b) La Prefettura-Ufficio Territoriale del Governo;c) Il T.A.R;d) Il Tribunale;2
L'art. 4, comma 49-bis della Legge 24 dicembre 2003, n. 350 (Finanziaria 2004):;a) Ha previsto la contraffazione di merci o prodotti nel campo agroalimentare;"b) Ha disciplinato l'uso indebito del marchio da parte del titolare o del licenziatario, costituendo fallace indicazione in materia di ""made in Italy""";c) Prevede l'origine non preferenziale delle merci;"d) Ha disciplinato l'uso indebito del marchio da parte del titolare o del licenziatario, costituendo falsa indicazione in materia di ""made in Italy""";2
"L'articolo 11-bis, comma 2, del D.Lgs. 30/2005(c.d. ""Codice della proprietà industriale"" - CPI):";"a) Ha integrato la rubricadell'articolo 144 del D.Lgs.n. 30 del 2005 (c.d. ""Codicedella proprietàindustriale"" - CPI)";b) Dispone che le personefisiche o giuridiche, tra cuiistituzioni, autorità edorganismi accreditati aisensi della vigente normativa in materia di certificazione, a garantire l'origine, la natura o la qualità di determinati prodotti o servizi, possono ottenere la registrazione per appositi marchi come marchi di certificazione, a condizione che non svolgano un'attività che comporta la fornitura di prodotti o servizi del tipo certificato;c) Ha previsto a favore deiconsorzi nazionali cheoperano nei mercati esteriun'agevolazione pari al 50percento delle spese (fino ad un importo massimo annuale per soggetto beneficiario di 30 mila euro) sostenute per la tutela legale dei propri prodotti colpiti dal fenomeno dell'Italian Sounding nonché per la realizzazione di campagne informative e di comunicazione finalizzate a consentire l'immediata identificazione del prodotto italiano rispetto ad altri prodotti;d) Ha autorizzato ilMinistero per lo sviluppoeconomico ad assumere -per l'espletamento deinuovi compiti operativi previsti dal D.L. n. 34/2019 e attribuiti al medesimo Dicastero - dieci unità di personale, con contratto a tempo indeterminato;2
"Il comma 7 dell'articolo 32 del DL 30 aprile 2019, n. 34, convertito, con modificazioni, dalla legge n.58 del 2019 (c.d. ""decreto crescita 2019""):";a) Indica determinate caratteristiche, nomi oproprietà dei marchiregistrati in Italia;"b) Prevede il
riconoscimento alle start-up innovative, di cuiall'articolo 25 del decreto- legge 18 ottobre 2012, n. 179, del c.d. ""Voucher 3I - Investire in Innovazione"", al fine di supportarne la valorizzazione del processo di innovazione";c) Ha autorizzato il Ministero per lo sviluppoeconomico ad assumere -per l'espletamento dei nuovi compiti operativi previsti dal D.L. n. 34/2019 e attribuiti al medesimo Dicastero - dieci unità di personale, con contratto a tempo indeterminato;"d) Prevede l'utilizzo del marchio storico d'interessenon nazionale, ai sensidella quale i titolari o licenziatari esclusivi di marchi d'impresa - registrati da almeno cinquanta anni e che siano stati utilizzati per la commercializzazione di prodotti o servizi realizzati in un'impresa nazionale""di eccellenza,
storicamente collegata al territorio nazionale"" - possono ottenere l'iscrizione del marchio nelRegistro straordinario dei marchi storici di interesse non nazionale";2
"Il comma 8 dell'articolo 32 del DL 30 aprile 2019, n. 34, convertito, con modificazioni, dalla legge n.58 del 2019 (c.d. ""decreto crescita 2019""):";"a) Prevede che il c.d. ""Voucher 31 - Investire inInnovazione"" può essere utilizzato dalle imprese per l'acquisizione di servizi di consulenza relativi, in particolare, alla verifica della brevettabilità dell'invenzione e alla stesura della domanda di brevetto e di deposito presso l'Ufficio italiano brevetti e marchi";b) Indica determinate caratteristiche, nomi oproprietà dei marchi registrati in Italia;"c) Reca la disciplina del marchio storico d'interessenazionale, ai sensi della quale i titolari o licenziatari esclusivi di marchi d'impresa - registrati da almeno cinquanta anni e che siano stati utilizzati per la commercializzazione di prodotti o servizi realizzati in un'impresa nazionale ""di eccellenza, storicamente collegata al territorio nazionale"" - possono ottenere l'iscrizione del marchio nelRegistro speciale dei marchi storici di interesse nazionale";d) Elenca i marchi registrati e che non hannochiare origini italiane;1
"Il comma 14 dell'articolo 32 del DL 30 aprile 2019, n. 34, convertito, con modificazioni, dalla legge n.58 del 2019 (c.d. ""decreto crescita 2019""):";"a) Ha integrato la rubrica dell'articolo 144 del D.Lgs.n. 30 del 2005 (c.d. ""Codicedella proprietàindustriale"" - CPI)";b) Ha autorizzato il Ministero per lo sviluppoeconomico ad assumere -per l'espletamento deinuovi compiti operativi previsti dal D.L. n. 34/2019 e attribuiti al medesimo Dicastero - dieci unità di personale, con contratto a tempo indeterminato;c) Prevede che il Ministero dello Sviluppo Economicoesercita la supervisionesull'attività dei titolari deimarchi collettivi e di certificazione ammessi alle agevolazioni, vigilando sul corretto uso del marchio e sull'espletamento dei controlli previsti dai rispettivi disciplinari;d) Ha previsto a favore dei consorzi nazionali cheoperano nei mercati esteriun'agevolazione pari al 50percento delle spese (fino ad un importo massimo annuale per soggetto beneficiario di 30 mila euro) sostenute per la tutela legale dei propri prodotti colpiti dal fenomeno dell'ItalianSounding nonché per la realizzazione di campagne informative e di comunicazione finalizzate a consentire l'immediata identificazione del prodotto italiano rispetto ad altri prodotti;3
L'art. 145, 1° comma, del Codice della proprietàindustriale:;a) Ha previsto a favore deiconsorzi nazionali cheoperano nei mercati esteriun'agevolazione pari al 50percento delle spese (fino ad un importo massimo annuale per soggetto beneficiario di 30 mila euro) sostenute per la tutela legale dei propri prodotti colpiti dal fenomeno dell'Italian Sounding nonché per la realizzazione di campagne informative e di comunicazione finalizzate a consentire l'immediata identificazione del prodotto italiano rispetto ad altri prodotti;"b) Ha integrato la rubricadell'articolo 144 del D.Lgs.n. 30 del 2005 (c.d. ""Codicedella proprietàindustriale"" - CPI)";c) Prevede che presso ilMinistero dello sviluppoeconomico è istituito ilConsiglio nazionale per lalotta alla contraffazione e all'Italian Sounding, con funzioni di indirizzo, impulso e coordinamento delle azioni strategiche intraprese da ogni amministrazione, al fine di migliorare l'insieme dell'azione di contrasto della contraffazione a livello nazionale e della falsa evocazione dell'origine italiana;d) Ha autorizzato ilMinistero per lo sviluppoeconomico ad assumere -per l'espletamento deinuovi compiti operativi previsti dal D.L. n. 34/2019 e attribuiti al medesimo Dicastero - dieci unità di personale, con contratto a tempo indeterminato;3
L'art. 145, 2° comma, del Codice della proprietàindustriale:;a) Ha autorizzato ilMinistero per lo sviluppoeconomico ad assumere -per l'espletamento dei nuovi compiti operativi previsti dal D.L. n. 34/2019 e attribuiti al medesimo Dicastero - dieci unità di personale, con contratto a tempo indeterminato;b) Prevede che Il Consiglionazionale per la lotta allacontraffazione e all' ItalianSounding è presieduto dal Ministro dello sviluppo economico o da un rappresentante da lui designato;"c) Prevede l'utilizzo delmarchio storico d'interessenon nazionale, ai sensidella quale i titolari o licenziatari esclusivi di marchi d'impresa - registrati da almeno cinquanta anni e che siano stati utilizzati per la commercializzazione di prodotti o servizi realizzati in un'impresa nazionale""di eccellenza,
storicamente collegata al territorio nazionale"" - possono ottenere l'iscrizione del marchio nelRegistro straordinario dei marchi storici di interesse non nazionale";d) Indica determinatecaratteristiche, nomi oproprietà dei marchiregistrati in Italia;2
L'articolo 25, comma 2, del DL n. 179 del 2012:;a) Elenca i marchi registrati e che non hannochiare origini italiane;b) Indica determinate caratteristiche, nomi oproprietà dei marchi registrati in Italia;"c) Stabilisce, in
particolare, che l'impresastart-up innovativa è la società di capitali - costituita anche in forma cooperativa - che possiede, tra l'altro, i requisiti indicati da tale norma";"d) Prevede l'istituzione, con apposito decreto delMinistro dell'Economia e delle Finanze, del logo dei ""marchi storici di interesse internazionale"", che può essere utilizzato dalle imprese iscritte nel relativoRegistro speciale per finalità commerciali e promozionali";3
"I commi 16 e 17, dell'articolo 32 del DL 30 aprile2019, n. 34, convertito, con modificazioni, dallalegge n. 58 del 2019 (c.d. ""decreto crescita 2019""), prevedono:";"a) L'utilizzo del marchiostorico d'interesse nonnazionale, ai sensi della quale i titolari o licenziatari esclusivi di marchi d'impresa - registrati da almeno cinquanta anni e che siano stati utilizzati per la commercializzazione di prodotti o servizi realizzati in un'impresa nazionale""di eccellenza,
storicamente collegata al territorio nazionale"" - possono ottenere l'iscrizione del marchio nelRegistro straordinario dei marchi storici di interesse non nazionale";"b) L'apertura della c.d.""fase nazionale"" delledomande internazionali di brevetto secondo il Patent cooperation treaty (PCT), ratificato e posto in esecuzione nell'ordinamento italiano con la legge 26 maggio 1978, n. 260";c) Determinatecaratteristiche, nomi oproprietà dei marchi registrati in Italia;d) Le modalità difunzionamento delConsiglio nazionale per la lotta alla contraffazione e all'Italian Sounding;2
"Il comma 17, dell'articolo 32 del DL 30 aprile2019, n. 34, convertito, con modificazioni, dallalegge n. 58 del 2019 (c.d. ""decreto crescita 2019""), dispone:";a) Determinatecaratteristiche, nomi oproprietà dei marchi registrati in Italia;b) Le modalità difunzionamento delConsiglio nazionale per la lotta alla contraffazione e all'Italian Sounding;"c) Che l'utilizzo delmarchio storico d'interessenon nazionale, ai sensi della quale i titolari o licenziatari esclusivi di marchi d'impresa - registrati da almeno cinquanta anni e che siano stati utilizzati per la commercializzazione di prodotti o servizi realizzati in un'impresa nazionale""di eccellenza,
storicamente collegata al territorio nazionale"" - possono ottenere l'iscrizione del marchio nelRegistro straordinario dei marchi storici di interesse non nazionale";d) Che la richiesta diapertura della proceduranazionale, da presentare all'Ufficio italiano brevetti e marchi per la concessione del brevetto italiano per invenzione industriale o modello di utilità, debba essere accompagnata, tra l'altro, da una traduzione italiana completa della domanda internazionale;4
"Il DL sulla competitività del 10 febbraio, n. 35, convertito dalla legge 14 maggio 2005, n. 80, contenente misure a tutela del ""Made in Italy"", tra l'altro:";a) Suggerisce delle regole minime di buon senso da seguire, in generale, all'atto dell'acquisto di prodotti che potrebbero recare marchi contraffatti, prevedendo anche una sanzione amministrativa per l'acquirente finale all'art. 1, comma 7;b) Disciplina le modalità di funzionamento del Consiglio nazionale per la lotta alla contraffazione e all'Italian Sounding;c) Prevede che le persone giuridiche di diritto pubblico e le associazioni di categoria di fabbricanti, produttori, prestatori di servizi o commercianti, possono ottenere la registrazione di marchi collettivi che non hanno la facoltà di concedere in uso a produttori o commercianti;d) Dispone che la richiesta di apertura della procedura nazionale, da presentare all'Ufficio italiano brevetti e marchi per la concessione del brevetto italiano per invenzione industriale o modello di utilità, debba essere accompagnata, tra l'altro, da una traduzione italiana completa della domanda internazionale;1
Per quanto concerne l'indeducibilità dei costi edelle spese riconducibili alle condotte dicontraffazione:;a) il legislatore non hacircoscritto tali ipotesi, aifini delle imposte indirette, ai soli costi e spese relativia beni o prestazioni diservizi direttamenteutilizzati per ilcompimento di attiqualificabili come delittonon colposo, per i quali ilP.M. non abbia esercitato l'azione penale;b) il legislatore hacircoscritto tali ipotesi, aifini dell'IVA, ai soli costi e spese relativi a beni oprestazioni di servizidirettamente utilizzati peril compimento di attiqualificabili come delittocolposo, per i quali il P.M.non abbia esercitatol'azione penale;c) il legislatore hacircoscritto tali ipotesi, aifini delle imposte sui redditi, ai soli costi e speserelativi a beni o prestazionidi servizi direttamenteutilizzati per ilcompimento di attiqualificabili come delittonon colposo, per i quali ilP.M. abbia esercitato l'azione penale oppure il giudice abbia emesso il decreto che dispone il giudizio, o ancora la sentenza di non luogo a procedere per intervenuta prescrizione del reato;d) il legislatore non hacircoscritto tali ipotesi, aifini delle imposte sui redditi, ai soli profittirelativi a beni o prestazionidi servizi direttamenteutilizzati per ilcompimento di attiqualificabili come delittocolposo, per i quali il P.M.non abbia esercitato l'azione penale;3
La piattaforma del Sistema InformativoAnticontraffazione (S.I.A.C.) è stata concepitaanche per:;"a) realizzare unasostanziale integrazionefunzionale degli applicatividi registrazione dei dati, ma non informazione eanalisi nello specificosettore, sulla base delprincipio ""2interventi/sequestri dimerce contraffatta = 1 solo adempimento""";"b) realizzare unasostanziale integrazionefunzionale degli applicatividi registrazione dei dati, informazione e analisi nellospecifico settore, sulla basedel principio ""1intervento/sequestro dimerce contraffatta = 1 soloadempimento""";"c) non realizzare unasostanziale integrazionefunzionale degli applicatividi registrazione dei dati, informazione e analisi nellospecifico settore, sulla basedel principio ""1intervento/sequestro dimerce contraffatta = 1 soloadempimento""";"d) realizzare unasostanziale parificazionedegli applicativi diregistrazione dei dati, informazione e analisi nelsettore delle frodicomunitatie, sulla base delprincipio ""2 interventi inmateria di percezioniindebite = 1 solo adempimento""";2
In tema di lotta alla contraffazione, quale dei seguenti provvedimenti non rientra tra le misure di sicurezza patrimoniali applicabili;a) Confisca facoltativa delle cose che servirono o furono destinate a commettere il reato e delle cose che ne sono l'oggetto, il prodotto, il prezzo o il profitto, a chiunque appartenenti;"b) Confisca dei beni ""per equivalente""";"c) Confisca ""per sproporzione""";d) Confisca obbligatoria delle cose che servirono o furono destinate a commettere il reato e delle cose che ne sono l'oggetto, il prodotto, il prezzo o il profitto, a chiunque appartenenti;1
La Camera di Commercio Industria Artigianato e Agricoltura (C. C. I. A. A.) competente irroga le sanzioni per violazione alle norme in materia di sicurezza dei giocattoli, di cui all'art. 31 del D. Lgs. n. 54/2011?;a) No, provvede la Prefettura - Ufficio Territoriale del Governo competente;b) Sì;c) No, provvede il Tribunale competente;d) No, provvede il Giudice di Pace competente;2
Ai sensi del D. Lgs. n. 159/2011 nonché della giurisprudenza di legittimità, in materia di contraffazione, è possibile applicare le misure di prevenzione patrimoniali?;a) Mai;b) Sì, ma solo nei confronti degli appartenenti ad associazioni di stampo mafioso;"c) Sì, ma solo al
contraffattore che compia anche un reato tributario";d) Sì;4
Il decreto legislativo n. 159/2011 (c.d. Codice Antimafia) ha previsto nei confronti dei soggetti implicati in fattispecie di associazione a delinquere finalizzata alla contraffazione:;a) Il reato transnazionale;b) L'arresto obbligatorio in flagranza;c) L'interdizione legale;d) Il ricorso alle misure di prevenzione patrimoniale;4
Nelle attività d'indagine per il reato di contraffazione è possìbile procedere ad acquisti simulati sulla rete internet?;a) No;b) Sì, ma solo se autorizzati dal Ministero dello Sviluppo Economico;c) Sì, ma solo se il reato è commesso a danno di minori;d) Sì;4
"Ai sensi dell'art. 12 del D.lgs.. 206/2005 - Codice al consumo- il rapporto redatto, sulla scorta ex art. 17 della L. n. 689/1981, dagli organi competenti che abbiano accertato la violazione al ""contenuto minimo delle informazioni"" va inoltrato";a) Alla Procura della Repubblica competente;b) Alla Camera di Commercio Industria Artigianato e Agricoltura (C.C.I.A.A.) della Provincia in cui vi è la residenza o la sede legale del professionista;c) Alla Prefettura - Ufficio Territoriale del Governo competente;d) Alla Camera di Commercio Industria Artigianato e Agricoltura (C.C.I.A.A.) del Comune competente all'accertamento;2
L'uso del marchio, ai sensi della legge n. 350/2003, da parte del titolare o del licenziatario, con modalità tali da indurre il consumatore a ritenere che il prodotto sia di origine italiana è punito con;a) La sanzione dell'arresto;b) La sanzione della reclusione;c) La sanzione della multa;"d) Una sanzione
amministrativa pecuniaria";4
Nelle indagini per il reato di contraffazione è possibile porre in essere ritardi di atti di polizia giudiziaria?;"a) Sì, ma solo se il
fenomeno è transnazionale";b) Sì;c) No;d) Sì, ma solo se il fenomeno è nazionale;2
Le operazioni speciali, in materia di contraffazione, sono state inserite:;a) Non sono state inserite da alcuna norma;"b) Dal D.lgs. n. 74/2000;";c) Dal D.lgs. n. 231/2001;d) Dalla legge n. 99/2009;4
Le opere che sono di dominio pubblico non sono protette legalmente;a) Falso;b) Vero;c) Solo se richiesto dalla comunità;d) Solo se cinematografiche;2
"Il reato di cui all'art. 474 c.p., rubricato ""introduzione nello Stato e commercio di prodotti con segni falsi"", è volto a tutelare la fede pubblica?";a) Vero;b) Falso, è volto a tutelare i clienti dei produttori;c) Falso, è volto a tutelare i consumatori finali;d) Nessuna delle alternative proposte è corretta;1
Salvo che il fatto costituisca più grave reato, il fabbricante o l'importatore che immette sul mercato prodotti in violazione degli articoli 3, comma 1, e 5, comma 2 del Decreto legislativo 11 aprile 2011,n. 54 è sanzionato:;a) con la reclusione fino a due anni e con la multa da 5.000 a 25.000 euro;b) con l'ammenda fino a 5.000 euro;c) con l'arresto fino a un anno e con l'ammenda da 10.000 a 50.000 euro;d) con l'arresto da sei mesi ad un anno e con l'ammenda da 10.000 a 50.000 euro;3
"L'art. 4, comma 49 della legge 350 del 2003 disciplina la tutela penale del ""made in Italy""?";a) Falso, è la tutela della privacy;b) Vero;c) Falso, la tutela del libero commercio;d) Nessuna delle alternative proposte è corretta;2
"Nel report ""2015 Situation Report on Counterfeiting in the European Union. A joint project between Europol and European Union Intellectual Property Office"", pubblicato dall'EUIPO in collaborazione con Europol, si evidenzia che:";a) L'azione di contrasto alle violazioni dei diritti di proprietà intellettuale in Rete sconta, storicamente, alcuni limiti dettati dal livello di sviluppo tecnologico di internet, che rende difficile l'identificazione di chi commette reati online;b) Eurojust ha lo scopo di favorire la collaborazione tra le Autorità Giudiziarie dell'Unione Europea in materia di contraffazione e sicurezza prodotti;c) L'EUIPO (European Union Intellectual Property Office) ha competenza in materia di prevenzione e repressione delle frodi nel settore assicurativo;d) L'EUIPO (European Union Intellectual Property Office) ha competenza in materia di prevenzione e repressione delle frodi nel settore agroalimentare;1
"La dottrina giuridica ha definito il reato di ""contraffazione"" come reato plurioffensivo, in quanto:";a) È un delitto che concorre con il contrabbando;b) Lede i beni giuridici di una pluralità di soggetti attivi;c) Lede i beni giuridici di una pluralità di soggetti passivi;d) È un delitto sia a dolo generico che specifico;3
L'art. 4, comma 49, della L. 24 dicembre 2003, n. 350, in materia di prodotti recanti false o fallaci indicazioni di provenienza o di origine, ai soli fini sanzionatori rinvia;a) All'art. 517 c.p.p.;b) All'art. 416 bis c.p.;c) All'art. 648 c.p.;d) All'art. 517 c.p.;4
Per falsa indicazione, nell'art. 4, comma 49, della L. 24 dicembre 2003, n. 350, si deve intendere:;"a) La stampigliatura ""made in UE"" su prodotti
e merci non originari dell'Italia ai sensi della normativa europea sull'origine";b) Un uso di segni, figure o quant'altro che possano indurre il consumatore a ritenere che il prodotto o la merce siano di origine italiana;c) La contraffazione di una merce o un prodotto;"d) La stampigliatura ""Made in Italy"" su prodotti e merci non originari dell'Italia ai sensi della normativa europea sull'origine";4
La contraffazione comporta un doppio effetto negativo per gli operatori economici:;a) Il lucro emergente, derivante dalla mancata vendita dei prodotti, il danno emergente della perdita di valore del diritto di proprietà industriale;b) Il lucro cessante, derivante dalla mancata vendita dei prodotti, il danno emergente della perdita di valore del diritto di possesso industriale;c) Il lucro cessante, derivante dalla mancata vendita dei prodotti, il danno erariale della perdita di valore del diritto di proprietà industriale;d) Il lucro cessante, derivante dalla mancata vendita dei prodotti, il danno emergente della perdita di valore del diritto di proprietà industriale;4
L'art. 145, 3° comma, del Codice della proprietà industriale cosa disciplina?;a) Le caratteristiche, nomi o proprietà dei marchi registrati in Italia;b) Il marchio storico d'interesse nazionale.;c) Le modalità di funzionamento del Consiglio nazionale per la lotta alla contraffazione e all'Italian Sounding sono definite con decreto del Ministro dello Sviluppo Economico.;d) I marchi registrati e che non hanno chiare origini italiane;3
Con quale provvedimento legislativo, l'Accordo di Madrid è stato recepito dall'ordinamento italiano:;a) dalla L. 4 luglio 1967, n. 676;b) dal D.P.R. 26 febbraio 1968, n. 656;"c) dal Trattato di Lisbona del 31 ottobre 1958;";d) dalla Legge n. 99/2009;1
Qual è la finalità della Direttiva 2001/95/CE?;a) Stabilire a livello comunitario le norme di distribuzione di tutti i prodotti destinati ai consumatori;b) Stabilire a livello comunitario un obbligo generale di sicurezza per tutti i prodotti destinati ai consumatori;c) Garantire che i prodotti comunitari rispettino gli standard di qualità per tutti i prodotti destinati ai consumatori;d) Stabilire a livello comunitario i requisiti minimi per la fabbricazione dei prodotti destinati ai consumatori;2
Sono considerati prodotti di origine italiana, in base alla normativa unionale sull'origine:;a) I prodotti realizzati sul territorio nazionale utilizzando esclusivamente componenti di origine italiana ed inviati all'estero per essere semplicemente assemblati, confezionati ed etichettati, che non subiscano nello stabilimento estero una trasformazione sostanziale;b) I prodotti realizzati sul territorio nazionale utilizzando esclusivamente componenti di origine straniera ed inviati all'estero per essere semplicemente assemblati, confezionati ed etichettati, che subiscano nello stabilimento estero una trasformazione sostanziale;c) I prodotti realizzati sul territorio estero utilizzando in parte componenti di origine italiana e riinviati in Italia per essere semplicemente assemblati, confezionati ed etichettati;d) I prodotti realizzati sul territorio nazionale utilizzando in parte componenti di origine italiana ed inviati all'estero per essere semplicemente assemblati, confezionati ed etichettati, che non subiscano nello stabilimento estero una trasformazione sostanziale;1
La marcatura CE è un simbolo grafico preciso, in caso di ingrandimento o riduzione devono obbligatoriamente rispettare le proporzioni indicate e la dimensione verticale non può essere inferiore a:;a) 5 mm;b) 10 mm;c) 15 mm;d) 8 mm;1
La piattaforma del Sistema Informativo Anticontraffazione (S.I.A.C.) dispone, anche:;"a) dell'applicativo COLIBRI (Comodità On Line Brand Inquiry) che consente un'azione di contrasto mirata ai sodalizi mafiosi, rilevando la presenza di annunci proponenti la vendita di droga e beni ""dual use""";b) dell'applicativo COLIBRI (Convenienza Online Brand Inquiry) che consente un'azione di contrasto mirata alla rete delle truffe aggravate in ambito previdenziale, rilevando la presenza di annunci proponenti la vendita di materiale sanitario;"c) dell'applicativo
COLIBRI (Contraffazione Online Brand Inquiry) che consente un'azione di contrasto mirata alla rete della criminalità organizzata, rilevando la presenza di annunci proponenti la vendita di materiale contraffatto";"d) dell'applicativo
COLIBRI (Contraffazione Online Brand Inquiry) che consente un'azione di contrasto mirata alla rete internet, rilevando la presenza, nei principali siti dedicati all'e-commerce, di annunci proponenti la vendita di materiale contraffatto";4
Cosa deve intendersi per riproduzione capziosa di un marchio tale da poter determinare confusione con quello originale?;a) Riproduzione di un marchio.;b) Alterazione di un marchio.;c) Simulazione di marchio.;d) nulla.;2
"Nel corso della mappatura ai fini dell'applicazione del ""Dispositivo operativo per il contrasto alla contraffazione ed all'abusivismo commerciale organizzato"", i Reparti della Guardia di Finanza effettuano il monitoraggio:";a) attraverso una ricognizione fisica del territorio provinciale previa delega del Prefetto competente, analizzando i risultati di servizio tramite l'applicativo SIAF SIAC e intensificando l'azione di intelligence.;b) attraverso una ricognizione fisica del territorio provinciale, analizzando i risultati di servizio tramite l'applicativo S.I.A.C., intensificando l'azione di intelligence.;c) attraverso una ricognizione fisica del territorio regionale, analizzando i risultati di servizio tramite l'applicativo S.I.A.C., ma non intensificando l'azione di intelligence.;d) attraverso una ricognizione fisica del territorio regionale, intensificando l'azione di intelligence e assumendo contatti con le Associazioni di categoria o enti di studio interessati al fenomeno.;2
Dove è istituito il registro speciale dei marchi storici come definiti dall'articolo 11-ter. Dlgs 30/2005?;a) presso la sede centrale della Banca di Italia;b) presso l'ufficio italiano brevetti e marchi;c) presso l'apposito ufficio del M.I.S.E.;d) presso la sede centrale dell'agenzia delle entrate;2
È sempre disposta la confisca delle cose che ne sono l'oggetto, il prodotto, il prezzo o il profitto (del reato), a chiunque appartenenti, nei casi degli artt. 473 e 474 del codice penale?;a) Soltanto se l'oggetto, il prodotto, il prezzo o il profitto (del reato) superano il valore di euro cinquecentomila.;b) Si, secondo l'articolo 474 bis del codice penale.;c) No.;d) Soltanto se l'oggetto, il prodotto, il prezzo o il profitto (del reato) sono inferiori al valore di euro cinquecentomila.;2
Per Italian Sounding nel particolare comparto dell'agroalimentare si intende:;a) l'uso di una ricetta registrata in Italia;b) l'uso di una ricetta non registrata ma che ha chiare origini italiane;c) l'uso di una ricetta non registrata ma che non ha chiare origini italiane;d) l'uso di una ricetta registrata ma che ha chiare origini italiane;2
Salvo che il fatto costituisca reato, il produttore che non ottempera al provvedimento di divieto dell'autorità di vigilanza di immissione di un giocattolo, con marcatura CE irregolare, sul mercato è soggetto:;"a) Alla sanzione
amministrativa da 1.500 a 5.000 euro";"b) Alla sanzione
amministrativa da 2.500 a 15.000 euro";"c) Alla sanzione
amministrativa da 2.500 a 10.000 euro";d) Alla multa fino a 10.000 euro;3
Il produttore che immette sul mercato un giocattolo privo del marchio CE è soggetto:;"a) Alla sanzione
amministrativa da 2.500 a 10.000 euro";b) Alla multa da 5.000 a 20.000 euro;"c) Alla sanzione
amministrativa da 2.500 a 30.000 euro, salvo che il fatto non costituisca reato";"d) Alla sanzione
amministrativa da 6.000 a 16.000 euro";3
L'art. 514 c.p. rubricato frodi contro le industrie nazionali al 1° comma prevede l'applicazione:;a) dell'arresto fino a un anno e dell'ammenda da euro 500 a euro 3.000;b) della reclusione da uno a cinque anni e della multa non inferiore a euro 516;c) della reclusione da uno a tre anni e della multa fino a euro 500;d) dell'arresto fino a tre mesi e dell'ammenda da euro 100 a euro 500;2
Qualora un gruppo criminale organizzato, che pone in essere reati previsti dall'art. 474 c.p. in materia di contraffazione, dovesse operare in diversi Stati:;a) Si potrà configurare il reato di associazione a delinquere ex art. 416 c.p.;b) Si potrà configurare il reato di associazione a delinquere di stampo mafioso ex art. 416 bis c.p.;c) Bisognerà attivare i canali di cooperazione internazionale;d) Si potrà configurare il reato transanzionale, ai sensi dell'art. 3 della L. n. 146/2006;4
La condotta di contraffazione punita dall'art. 474 c.p. rubricato, introduzione nello Stato e commercio di prodotti con segni falsi, è:;a) Un illecito amministrativo;b) Un reato societario;c) Un reato tributario;d) Un delitto;4
L'art. 1, comma 7, del D.L. n. 35/2005, nel caso di operatore commerciale o importatore o qualunque altro soggetto diverso dall'acquirente finale che proceda all'acquisto di merce contraffatta, salvo che il fatto non costituisca reato prevede:;"a) La sanzione
amministrativa da 100 a 7.000 euro";"b) La sanzione
amministrativa da 500.000 fino a un milione di euro nonché la confisca amministrativa dei locali ove vengono prodotti, depositati, detenuti per la vendita o venduti i materiali contraffatti";"c) La sanzione
amministrativa da 20.000 fino a un milione di euro nonché la confisca amministrativa dei locali ove vengono prodotti, depositati, detenuti per la vendita o venduti i materiali contraffatti";d) La reclusione da uno a tre anni e la confisca penale dei locali ove vengono prodotti, depositati, detenuti per la vendita o venduti i materiali contraffatti;3
"E' possibile procedere ad effettuare la confisca ""per equivalente"" in materia di delitti legati alla contraffazione:";a) Vero, in caso di impossibilità di risalire ai vantaggi direttamente scaturenti dal reato di contraffazione;b) Falso, solo in caso di reato transnazionale;c) Falso, è prevista solo la confisca delle cose che furono destinate a commettere il reato di contraffazione;d) Falso;1
L'articolo 474 codice penale punisce:;a) L'esportazione di prodotti con segni falsi;"b) La produzione nello
Stato e il commercio di
prodotti con segni falsi";c) L'introduzione nello Stato e commercio di prodotti con segni fallaci;d) L'introduzione nello Stato e commercio di prodotti con segni falsi;4
In materia di sicurezza dei prodotti, quale di questi giochi è escluso dal campo di applicazione del D.lgs. n. 54/2011?;a) Biciclette con altezza massima della sella fino a 400 mm;b) Gli archi per il tiro con l'arco di lunghezza fino a 120 cm;c) Fucili ad acqua e pistole ad acqua;d) Puzzle di 550 pezzi;4
In caso di omesso pagamento per le violazioni di carattere amministrativo contestate - ex art. 31, 7° comma D.lgs. n. 54/2011, il Reparto operante provvederà ad inoltrare il rapporto:;a) All'Agenzia delle Entrate;b) Alla Camera di Commercio Industria Artigianato e Agricoltura (C.C.I.A.A.);c) Alla Procura della Repubblica;d) Alla Prefettura - Ufficio Territoriale del Governo;2
"Quale delle seguenti leggi non attribuisce poteri alla Guardia di Finanza nell'espletamento dell'attività operativa di controllo in materia di ""sicurezza dei prodotti""?";a) Art. 107, comma 6, del D.Lgs. 206/2005;b) Art. 2, D.Lgs. n. 68/2001;c) Art. 13, legge n. 689/1981;d) Art. 25, legge n. 241/1990;4
Ai sensi del D.Lgs. n. 206/2005 (Codice al consumo), tutte le informazioni destinate ai consumatori devono essere tassativamente rese almeno in lingua italiana;a) Falso, sono consentite indicazioni che utilizzino espressioni non in lingua italiana diventate di uso comune;b) Vero;c) Falso, se le informazioni sono rese in lingua spagnola;d) Falso, se le informazioni sono rese in lingua inglese;1
L'art. 474 - 1° comma del c.p. rubricato (Introduzione nello Stato e commercio di prodotti con segni falsi) prevede l'applicazione:;a) della reclusione da uno a cinque anni e della multa da euro 5.000 a euro 50.000;b) dell'arresto fino a un anno e dell'ammenda da euro 500 a euro 3.000;c) dell'arresto fino a sei mesi e dell'ammenda da euro 200 a euro 1.000;d) della reclusione da uno a quattro anni e della multa da euro 3.500 a euro 35.000;4
Il reato di fabbricazione e commercio di beni realizzati usurpando titoli di proprietà industriale è sanzionato, a querela della persona offesa, dall'art. 517 ter - 1° c. - del c.p., con l'applicazione;a) della reclusione fino a due anni e della multa fino a euro 20.000;b) dell'arresto fino a sei mesi e dell'ammenda da euro 300 a euro 2.000;c) della reclusione fino a due anni o della multa fino a euro 10.000;d) dell'arresto fino a due mesi e dell'ammenda da euro 100 a euro 1.000;1
Salvo che il fatto costituisca reato, il distributore che immette sul mercato un giocattolo privo delle avvertenze per la sicurezza dell'uso, è soggetto;a) alla multa da 1.500 a 5.000 euro;"b) alla sanzione
amministrativa da 1.500 a 10.000 euro";"c) alla sanzione
amministrativa da 3.000 a 12.000 euro";d) alla multa fino a 10.000 euro;2
Il fabbricante che immette sul mercato un giocattolo privo dell'apposita documentazione tecnica ex-allegato IV D.Lgs. n. 54/2011 è soggetto, salvo che il fatto costituisca reato:;"a) alla sanzione
amministrativa da 1.500 a 25.000 euro";"b) alla sanzione
amministrativa da 2.500 a 40.000 euro";c) all'ammenda fino a 10.000 euro;d) alla multa fino a 20.000 euro;2
L'importatore che immette sul mercato un giocattolo privo dell'apposita documentazione tecnica ex-allegato IV D.Lgs. n. 54/2011 è soggetto, salvo che il fatto costituisca reato:;"a) alla sanzione
amministrativa da 5.000 a 25.000 euro";b) all'ammenda da 2.500 a 10.000 euro;"c) alla sanzione
amministrativa da 2.500 a 40.000 euro";d) alla multa fino a 10.000 euro;3
L'importatore che immette sul mercato un giocattolo privo della marcatura CE è soggetto, salvo che il fatto costituisca reato:;a) alla multa da 3.000 a 15.000 euro;b) all'ammenda fino a 10.000 euro;"c) alla sanzione
amministrativa da 2.500 a 30.000 euro";"d) alla sanzione
amministrativa da 8.000 a 40.000 euro";3
L'importatore che immette sul mercato un giocattolo privo delle avvertenze per la sicurezza dell'uso, ex-art. 10 D.Lgs. n. 54/2011 è soggetto, salvo che il fatto costituisca reato:;"a) alla sanzione
amministrativa da 2.500 a 15.000 euro";"b) alla sanzione
amministrativa da 2.500 a 30.000 euro";c) alla multa da 5.000 a 15.000 euro;d) alla multa fino a 10.000 euro;2
Nel caso di associazione a delinquere finalizzata alla contraffazione la competenza di un eventuale procedimento penale è della:;a) Direzione Investigativa Antimafia;"b) Direzione Distrettuale Antimafia e
Antiterrorismo";c) Procura della Repubblica;d) Agenzia delle Dogane e Monopoli;2
Il reato di contraffazione rientra tra i delitti contro:;a) La persona;b) L'Amministrazione della Giustizia;c) Il patrimonio;d) La fede pubblica;4
L' art. 473 c.p contiene la tutela penale di contrasto alla contraffazione?;a) Falso è l'art. 517 quater c.p;b) Falso è l'art 474 c.p;c) Vero;d) Falso è l'art 517 ter c.p;3
L'art. 474 cod. pen. punisce in ugual modo il reato di introduzione nel territorio dello Stato, al fine di trarne profitto, dei prodotti contraffatti ed il reato di vendita di prodotti industriali con marchi contraffatti?;a) Falso, la contraffazione costituisce soltanto un illecito civile;b) Falso, è sanzionata più gravemente la vendita di prodotti industriali con marchi contraffatti;c) Vero, sono puniti entrambi con la reclusione da uno a quattro anni e con la multa da euro 3.500 a euro 35.000.;d) Falso, è sanzionata più gravemente l'introduzione nel territorio dello Stato dei prodotti industriali contraffatti;4
L'elemento soggettivo necessario a configurare uno dei delitti sanzionati dall'art. 473 c.p. deve essere individuato nel dolo specifico?;a) Vero;b) Falso, è nella colpa;c) Falso, è nella colpa grave;d) Falso, è nel dolo generico;4
Il distributore che non ottemperi al provvedimento emanato dall'autorità di vigilanza, a seguito di accertamento, di ritiro o richiamo dal mercato di giocattoli pericolosi, è punito, salvo che il fatto costituisca più grave reato:;a) con l'arresto da sei mesi ad un anno e con l'ammenda da 10.000 a 50.000 euro;b) con la multa fino a 10.000 euro;c) con l'ammenda fino a 15.000 euro;"d) con la sanzione
amministrativa da 5.000 a 15.000 euro";1
La Direttiva n. 2006/95/UE del 12 dicembre 2006 concerne:;a) Il ravvicinamento delle legislazioni degli Stati membri relative al contrasto alle frodi alimentari;"b) La disciplina del ""made in UE""";c) Il ravvicinamento delle legislazioni degli Stati membri relative al materiale elettrico destinato ad essere adoperato entro taluni limiti di tensione;d) Il ravvicinamento delle legislazioni degli Stati membri relative alla sicurezza dei giocattoli;3
In base a quale norma si può ordinare agli internet service provider (I.S.P.) di inibire l'accesso ad un sito web?;a) L. 128/2004;b) Art. 171-ter L. 633/41;c) Art. 14 e segg. D.Lgs n. 70/2003;d) Art. 73 L. 633/41;3
"Quando, ai sensi del D.L. n. 135/2009, un prodotto è classificabile ""100% Made in Italy""?";a) Il disegno, la progettazione, la lavorazione ed il confezionamento sono compiuti esclusivamente sul territorio italiano;b) La maggior parte dei componenti del prodotto è stata fabbricata in Italia;c) Tutte le sue parti, fabbricate indistintamente in Italia o all'estero, vengano assemblate in Italia;d) Tutte le sue parti siano state fabbricate in Italia, ancorchè assemblate all'estero;1
La Guardia di Finanza gestisce il Sistema Informativo Anti Contraffazione (S.I.A.C.)?;a) No, è gestita dal Ministero dell'Economia e delle Finanze;b) Vero;c) No, è gestita dalla S.I.A.E;"d) No, è gestita
dall'Agenzia delle Entrate";2
È possibile utilizzare le intercettazioni telefoniche, nei procedimenti per i delitti di frode nell'esercizio del commercio (art. 515 c.p.)?;a) No, sono previste solo per i delitti di cui agli artt. 473 e 474 del codice penale.;b) Si, come disposto dall'art. 14, comma 3, della Legge 14 Gennaio 2013, n. 9.;c) No.;d) Si, soltanto se eseguite dai Carabinieri del NOE.;2
Con quale pena è sanzionato chi commette il reato previsto dall'art. 515 del c. p. (frode nell'esercizio del commercio)?;a) Con la reclusione fino a quattro anni.;b) Con la reclusione fino a due anni o con la multa fino a 2.065 euro.;c) con la reclusione fino a sei anni.;d) Con la reclusione fino a due anni o con la multa fino a 40.000 euro.;2
"Con l'attuazione del ""Dispositivo operativo per il contrasto alla contraffazione ed all'abusivismo commerciale organizzato"", la Guardia di Finanza:";a) assicura il generale presidio di tutela della spesa pubblica su tutto il territorio nazionale, nonché corrisponde efficacemente alle direttive provenienti dall'Autorità di Governo, in concomitanza di particolari periodi dell'anno;b) assicura il generale presidio fiscale del territorio, nonché corrisponde efficacemente alle direttive provenienti dall'Autorità di Governo, in concomitanza di particolari periodi dell'anno;c) assicura il generale presidio economico del territorio, nonché corrisponde efficacemente alle direttive provenienti dall'Autorità di Governo, in concomitanza di particolari periodi dell'anno;d) assicura il generale presidio finanziario del territorio, nonché corrisponde efficacemente alle direttive provenienti dall'Autorità di Governo, in concomitanza di particolari periodi dell'anno;3
Laddove determinati prodotti risultino privi di marcatura CE, la sanzione a carico dei produttori, importatori e/o commercianti ed installatori potrà essere:;a) Il ritiro dal commercio e il divieto di utilizzazione;b) La rimozione del marchio di qualità europea;c) L'esportazione fuori lo Spazio economico europeo;d) La distruzione dei prodotti;1
La Legge n. 99 in data 23 Luglio 2009 ha:;a) Introdotto il reato transnazionale in materia di contraffazione;b) Introdotto il reato di contraffazione di opere d'arte;c) Sdoppiato in due fattispecie l'art. 473 c.p., per punire, la contraffazione dei marchi e segni distintivi e quella di brevetti, disegni o modelli industriali;"d) Abrogato l'art. 4 della Legge 350/2003 (finanziaria 2004) in materia di ""made in Italy""";3
Per il reato di contraffazione è possibile procedere all'attivazione di intercettazioni telefoniche?;a) Sì, ma solo in flagranza di reato;b) Sì, ma solo nell'ipotesi del reato di associazione a delinquere;c) Sì, sempre;d) No;2
Per quanto attiene le sanzioni applicate all'acquirente operatore commerciale di prodotti contraffatti, l'Autorità competente a valutare i ricorsi in opposizione a tali sanzioni è il T.A.R.?;a) No, è il Tribunale;b) No, è la Corte d'Appello;c) Nessuna delle alternative è corretta;d) No, la Prefettura - Ufficio Territoriale del Governo;4
Indicare nell'etichetta elementi non veritieri circa le indicazioni geografiche o denominazione di origine di prodotti agroalimentari configura;a) Il reato di contraffazione punito a mente dell'art. 574 quater c.p;b) Vendita di prodotti con segni mendaci punita a mente dell'art. 517 quater c.p;"c) Illecito amministrativo punito a mente della legge
24/11/1981, n. 689";d) Solo un illecito civile di natura contrattuale;2
Il delitto di ricettazione disciplinato e punito dall'art. 648 c.p. può concorrere con i reati di cui all'art. 171 ter Legge 633/41?;a) Sì, può concorrere qualsiasi tipo di reato;b) Sì;c) No, può concorrere solo l'elusione fiscale;d) Nessuna delle alternative proposte è corretta;2
"Qualora sul prodotto sia stata apposta l'etichettatura ""made in Italy"", ""prodotto in Italia"" o un'attestazione equivalente ma l'ultima trasformazione o lavorazione sostanziale sia stata effettuata all'estero, deve ritenersi configurata la fattispecie";a) Di cui al Regolamento n. 952/2013, avente ad oggetto il Codice Doganale dell'Unione Europea;b) Dell'art. 517 C.P.;c) Dell'art. 525-bis c.p.;d) Dell'art. 516 c.p.;2
All'interno di Europol, allo scopo di aumentare la collaborazione tra le istituzioni, agenzie e settore privato a livello europeo e internazionale, è stato istituito:;a) L'EUIPO (European Union Property Office);b) L'Ufficio europeo di polizia anticontraffazione;c) L'IPC3 (Intellectual Property Crime Coordinated Coalition);d) Eurojust, con lo scopo di favorire la collaborazione tra le Autorità Giudiziarie dell'Unione Europea in materia di contraffazione e sicurezza prodotti;3
Che cosa comporta la contraffazione di un'opera d'arte qualora effettuata nell'esercizio di un'attività commerciale?;a) La diminuzione della pena e l'interdizione a norma dell'articolo 20 del codice penale;b) Nessuna delle alternative fornite è corretta;c) La diminuzione della pena e l'interdizione a norma dell'articolo 30 del codice penale;d) L'aumento della pena e l'interdizione a norma dell'articolo 20 del codice penale;2
Il decreto legislativo 16 marzo 2015, n. 28 ha introdotto nel nostro Ordinamento Giuridico:;"a) Una causa di non punibilità che, ove ne ricorrano le circostanze, può applicarsi anche alle condotte di contraffazione, di violazione delle norme a tutela del ""Made in Italy""e le frodi in commercio";b) La responsabilità penale delle società;"c) Un'aggravante che, ove ne ricorrano le circostanze, può applicarsi anche alle condotte di contraffazione, di violazione delle norme a tutela del ""Made in Italy""e le frodi in commercio";d) La causa di non punibilità della legittima difesa in appartamento;1
Nel settore della sicurezza dei prodotti commercializzati è stato istituito un sistema comunitario di allerta rapido denominato SELEX?;a) No, è denominato SARC;b) Sì;c) No, è denominato RAPEX;d) No, è denominato SAR;3
L'applicazione delle disposizioni contenute nell'Accordo di Madrid è di competenza:;a) Della Guardia di Finanza;b) Della Polizia di Stato;c) Degli uffici dell'Agenzia delle dogane e monopoli;d) Del Ministero delle Imprese e del Made in Italy;3
Il D.L. n 135/2019 all'art 16 ha introdotto nuove regole in materia di:;a) confisca delle cose che servirono a commettere il reato di contraffazione;b) Incauto acquisto;c) L'utilizzo di specifiche etichette nei casi in cui il disegno, la progettazione, la lavorazione e il confenzionamento avvengano in parte sul territorio italiano;"d) Riconoscimento della qualità dei prodotti ""made in Italy"" e dei prodotti interamente italiani";4
I prodotti riconosciuti come pericolosi possono essere immessi sul mercato solo se i loro imballaggi soddisfano queste condizioni:;a) Sono progettati e realizzati in modo tale da impedire qualsiasi fuoriuscita del contenuto;b) i recipienti devono essere muniti di un sistema che non può essere riapplicato, progettato in modo che l'imballaggio possa essere richiuso una sola volta per garantire la fuoriuscita del contenuto;c) Tutte le parti dell'imballaggio e della chiusura devono essere solide e robuste, in modo da escludere qualsiasi allentamento e da sopportare in piena sicurezza le normali sollecitazioni di manipolazione;"d) I materiali che
costituiscono l'imballaggio
e la chiusura non devono deteriorarsi a contatto con il contenuto, né poter formare con questo composti pericolosi";2
L'articolo 473 c.p. contiene:;a) La tutela penale di contrasto alla contraffazione;b) Nessuna delle alternative proposte è corretta;c) La tutela penale per i brevetti non registrati;d) La tutela penale per il diritto d'autore;1
Per quanto concerne la responsabilità amministrativa delle società, disciplinata dal D.Lgs. 231/2001 la L. 23 luglio 2009, n. 99, quali delitti contro l'industria e il commercio ha inserito nell'articolo 25-bis.1 del predetto Decreto?;a) l'art. 517 c.c.;b) l'art. 517 c.p.p.;c) l'art. 417 c.p.;d) Gli artt. 517, 517-ter, 517-quater c.p.;4
L'art. 517 c.p.- vendita di prodotti industriali con segni mendaci - non trova applicazione:;"a) nell'inganno sulla qualità: ad esempio profumi ""falso d'autore""";b) nella marchiatura CE non conforme;c) in tutti i prodotti dove non è previsto il Made in Italy;d) nei marchi di fatto o presentazione complessiva del prodotto (segni distintivi);3
Da quale combinato disposto è tutelato il reato di «falsa o fallace indicazione di origine, provenienza o qualità dei prodotti»?;a) Dal combinato disposto di cui all'art.4, comma 49 della L. 350/2003 e all'art. 517 del codice penale.;b) Dagli articoli 473 e 474 del codice penale.;c) Dall'art 517 del codice penale.;d) Dal combinato disposto di cui all'art.4, comma 49 della L. 350/2003 e all'art. 474 bis del codice penale.;1
La Camera di Commercio Industria Artigianato e Agricoltura (C.C.I.A.A.) è L' Istituzione competente a valutare i ricorsi in opposizione alle sanzioni applicate all'acquirente finale di prodotti contraffatti?;a) Falso, è il T.A.R. Lazio;b) Falso, è la Prefettura - Ufficio Territoriale del Governo;c) Vero;d) Falso, è il Giudice di Pace;2
Il decreto legislativo n. 206 in data 6 settembre 2005 noto come Codice del Consumo stabilisce:;a) Sanzioni per la contraffazione agroalimentare;b) Sanzioni per la contraffazione dei marchi;"c) Sanzioni per le violazioni al ""Made in Italy""";d) Sanzioni per le infrazioni in materia di prodotti pericolosi destinati al mercato;4
La Guardia di Finanza collabora con il Ministero delle Imprese e del Made in Italy (precedentemente denominato Ministero dello Sviluppo Economico) nell'attività di vigilanza per il controllo di conformità dei giocattoli ai sensi del D.Lgs. 11.4.2011, n. 54.;a) della legge n. 189/1959, art 1, primo alinea;b) del combinato disposto degli artt. 14 DPR 600/1973 e 25 L. 7.1.1929, n. 4;c) del combinato disposto degli artt. 2 e 3 del D. Lgs. n. 68/2001;d) del combinato disposto degli artt. 22 DPR n. 633/1972 e 33 DPR 600/1973;3
"L'articolo 31, comma 2, del decreto-legge 30 aprile 2019, n. 34, convertito dalla legge n. 58 del 2019 (c.d. ""decreto crescita 2019""):";a) Elenca i marchi registrati e che non hanno chiare origini italiane;b) Reca la disciplina del marchio storico d'interesse nazionale, ai sensi della quale i titolari o licenziatari esclusivi di marchi d'impresa - registrati da almeno cinquanta anni e che siano stati utilizzati per la commercializzazione di prodotti.;c) Indica determinate caratteristiche, nomi o proprietà dei marchi registrati in Italia;d) Ha previsto che per le finalità di cui al presente articolo sono destinati 30 milioni di euro per l'anno 2020;4
La banca dati Iperico del Ministero delle Imprese e del Made in Italy non viene alimentata da:;a) Arma dei Carabinieri;b) Agenzia delle Dogane e Monopoli;c) Agenzia delle Entrate;d) Polizia di Stato;3
"In ambito contraffazione, ai sensi della L. n. 99/2009, per i soli Ufficiali di polizia giudiziaria ""appartenenti alle strutture specializzate"" della Polizia di Stato, dell'Arma dei Carabinieri e del Corpo della Guardia di Finanza, è possibile";"a) Dare rifugio o assistenza agli associati, acquistare, ricevere, sostituire od occultare denaro, armi documenti, beni o cose che siano oggetto, prodotto, profitto
omezzo per commettere il
reato";b) Usufruire della causa di esclusione del reato dell'uso legittimo delle armi;"c) Acquistare, ricevere, sostituire od occultare denaro, armi documenti, beni o cose che siano oggetto, prodotto, profitto
omezzo per commettere il
reato di traffico di stupefacenti";d) Usufruire della causa di esclusione dello stato di necessità;1
Il settore agroalimentare, tra le altre, è inciso dalle seguenti attività illegali:;"a) alterazioni, riciclaggio, sofisticazioni, falsificazioni
e contraffazioni";b) alterazioni, adulterazioni, sofisticazioni, falsificazioni e contraffazioni;c) alterazioni, adulterazioni, sofisticazioni, ricettazione e contraffazioni;d) alterazioni, adulterazioni, sofisticazioni, falsificazioni e contrabbando;2
"Esclude la sussistenza del delitto di cui all'art. 474 c.p. (Introduzione nello Stato e commercio di prodotti con segni falsi) l'apposizione di diciture rivelatrici della falsità quali ""facsimile"", ""copia d'autore"", su prodotti industriali recanti marchi contraffatti?";a) Sì, esclude la sussistenza del delitto di cui all'art. 474 c.p;b) Sì, esclude la sussistenza del reato ma configura un illecito di carattere amministrativo;c) Sì, esclude la sussistenza del reato ma configura un illecito di carattere civile;d) No, non la esclude;4
