Il Pubblico Ufficiale o l'incaricato di un pubblico servizio che, avendo per ragione del suo ufficio o servizio il possesso di una cosa mobile e se ne appropria, anche se dopo l'uso viene immediatamente restituita, risponde dell'illecito di:;a) Peculato d'uso;b) Tentativo di peculato;c) Appropriazione indebita;d) Peculato specifico;1
"Che cosa sono le ""opere orfane"" (ex art. 69 quater legge diritto d'autore)?";a) Sono opere i cui autori o altri titolari dei diritti sono deceduti;b) Sono opere i cui autori o altri titolari dei diritti sono sconosciuti o non rintracciabili;c) Sono opere i cui autori o altri titolari dei diritti hanno ceduto i diritti d'autore;d) Sono opere in cui non si riconosce all'autore il diritto di utilizzazione economica;2
Le opere rientranti nel settore della scultura, della pittura, dell'arte del disegno, della incisione e delle arti figurative similari, sono tutelate dal diritto d'autore?;a) No, non rientrano tra le opere protette;b) Si, rientrano tra le opere protette;c) Solo se l'autore delle opere è ancora in vita;d) Solo se l'autore delle opere è defunto;2
Per la legge sul diritto d'autore, chi è il titolare del diritto d'autore:;a) È colui che ha acquistato l'opera;b) È la S.I.A.E.;c) È il soggetto creatore dell'opera;d) È colui che rivende l'opera;3
La legge sul diritto d'autore riconosce al creatore dell'opera il diritto di utilizzare economicamente l'opera in ogni forma e modo?;a) No, sono riconosciuti solo i diritti di pubblicazione;b) Sì, sono riconosciuti al creatore dell'opera i diritti patrimoniali;c) No, sono riconosciuti solo i diritti di riproduzione in più esemplari dell'opera;d) No, il titolare può esercitare i diritti economici solo con riferimento all'intera opera;2
Quali tra i seguenti reati non rientra tra quelli commessi da pubblici ufficiali contro la Pubblica Amministrazione?;a) Danneggiamento;b) Peculato;c) Concussione;d) Corruzione;1
Il Pubblico Ufficiale che agisce esclusivamente per un utilizzo momentaneo della cosa e dopo l'uso viene immediatamente restituita, risponde del reato di:;a) Peculato specifico;b) Tentativo di peculato;c) Appropriazione indebita;d) Peculato d'uso;4
Qual è la durata del Piano Nazionale Anticorruzione?;a) Biennale;b) Annuale;c) Triennale;d) Non ha scadenza;3
Quale figura è responsabile dell'applicazione della normativa anticorruzione:;a) Il responsabile della prevenzione della corruzione e della trasparenza;b) Il direttore amministrativo;c) Il rappresentante legale;d) Il Presidente del Collegio Sindacale;1
"Nel reato commesso dal Pubblico Ufficiale di cui all'art. 316-bis del codice penale ""Malversazione a danno dello Stato"", chi sono i soggetti passivi dell'illecito?";a) Gli enti territoriali che hanno chiesto e ottenuto sovvenzioni o finanziamenti destinati a favorire iniziative dirette alla realizzazione di opere pubbliche;b) Lo Stato, la Comunità Europea o altro Ente pubblico che ha erogato sovvenzioni o finanziamenti destinati a favorire iniziative dirette alla realizzazione di opere pubbliche;c) Lo Stato Italiano, per le sovvenzioni che provengono esclusivamente dalla Comunità Europea;d) Gli enti pubblici che fruiscono di sovvenzioni o finanziamenti destinati a favorire iniziative dirette ai partiti politici;2
Le sanzioni interdittive accostate agli illeciti amministrativi dipendenti dal reato ex D. Lgs. 231/2001 consistono:;"a) Nel divieto di
contrattare con la Pubblica Amministrazione";b) Nella liquidazione dell'Ente;c) Nel determinare l'obbligo di licenziare gli autori degli illeciti;d) Nel prevedere il divieto di espatrio per gli autori del reato;1
"Come si chiama il sistema organico di prevenzione della corruzione a livello ""nazionale"" adottato dall'ANAC?";a) A.R.P.E. - Accertamento di Responsabilità Penali o Erariali;b) P.N.A. - Piano Nazionale Anticorruzione;c) Misure di contrasto ai rischi di corruzione;d) Guida alle strategie di prevenzione della corruzione;2
Quale tra le seguenti attività non rientra nelle funzioni dell'Autorità Nazionale Anticorruzione?;a) Predisposizione di specifiche linee guida;b) Prevenzione dei fenomeni corruttivi;c) Prevenzione in materia di assenteismo dal lavoro;d) Attività di vigilanza e ricettore di informazioni;3
La totalità dei diritti di utilizzazione economica dell'opera dell'ingegno è trasferibile:;a) Automaticamente;b) In forma scritta;c) Verbalmente;d) Con qualsivoglia forma;2
La Legge 633/1941 prevede per i reati relativi al diritto d'autore:;a) Sia i delitti che le contravvenzioni;b) Unicamente i delitti;c) Esclusivamente le contravvenzioni;d) I reati specifici sono stati depenalizzati;1
Ai sensi dell'art. 174 bis della legge sulla protezione del diritto d'autore, la sanzione amministrativa pecuniaria si applica:;a) Nella misura stabilita per ogni violazione e per ogni esemplare abusivamente duplicato o riprodotto;b) Fino ad un massimo di 10.000 esemplari abusivamente duplicati o riprodotti;c) Nella misura fissa di 2.500,00 euro;d) In misura forfettaria per tutte le violazioni e per tutti gli esemplari abusivamente duplicati o riprodotti;1
Nell'ambito della disciplina sulla responsabilità amministrativa, qualora l'impiegato agisca per delega del superiore, in capo a chi ricade la responsabilità:;a) La responsabilità ricade in capo all'impiegato solo per lo stato di necessità;b) La responsabilità rimane ancorata al superiore;c) La responsabilità ricade in capo all'impiegato;d) La responsabilità ricade in capo all'impiegato, pur sussistendo la possibilità di imputarne una quota parte al responsabile, a titolo di concorso, per omesso controllo o carenza di vigilanza sull'operato del proprio collaboratore;4
Come si chiama la società, nata il 23 aprile 1882, per la tutela dei diritti di autore?;a) S.I.A.M. Società Italiana di Attori e Musicisti;b) S.I.A.A. Società Italiana di Attori ed Artisti;c) S.I.A.E. Società Italiana degli Autori ed Editori;d) S.I.E.A. Società Italiana degli Editori ed Autori;3
In materia di responsabilità amministrativa quale tra le seguenti non rientra tra le tipologie di danno:;a) Il danno da disservizio;b) Il danno all'immagine della Pubblica Amministrazione;c) Il danno esistenziale;d) Il danno alla concorrenza;3
"La ""Prevenzione della corruzione"" rientra tra gli obiettivi strategici della Guardia di Finanza?";a) No è una attività peculiare dell'A.N.AC.;b) Sì, rientra tra i servizi a richiesta per il tramite del Nucleo Speciale Anticorruzione, in relazione ai rapporti di collaborazione con l'Autorità Nazionale Anticorruzione;c) No è una attività peculiare del Ministero dei Lavori e delle Politiche Sociali;d) No è una attività peculiare del Ministero della Pubblica Amministrazione;2
Quali sono i compiti dell'Autorità Nazionale Anticorruzione nell'esercizio delle funzioni in materia di prevenzione della corruzione?;a) Ha compiti di accertamento di reati corruttivi a supporto della magistratura;b) Ha compiti solo conoscitivi del fenomeno della corruzione e di relazione al Parlamento;c) Ha compiti di indirizzo, regolazione e vigilanza sulle misure di prevenzione adottate dalle PP.AA.;d) Ha compiti sanzionatori a seguito di accertamento di reati corruttivi a supporto della Corte dei Conti;2
L'Autorità di Governo a quale ente ha affidato la competenza in materia di vigilanza e controllo sull'effettiva applicazione ed efficacia delle misure anti-corruzione?;a) All'Autorità Nazionale Anti Corruzione e per la valutazione e trasparenza delle amministrazioni pubbliche (ANAC);b) A uno speciale Dipartimento del Ministero Pubblica Amministrazione;c) A un apposito Nucleo Operativo interforze, operante alle dipendenze funzionali del Ministro dell'Interno;d) Ad apposite unità ispettive da istituire presso tutte le pubbliche amministrazioni;1
Il pubblico ufficiale o l'incaricato di pubblico servizio che, abusando della sua qualità o dei suoi poteri, induce Caio, soggetto privato, a dare indebitamente denaro o altra utilità a un terzo, commette il reato appositamente previsto ai sensi:;a) Dell'art. 318 del Codice Penale: Corruzione per l'esercizio della funzione;b) Dell'art. 319 del Codice Penale: Corruzione per un atto contrario ai doveri d'ufficio;c) Dell'art. 629 del Codice Penale: Estorsione;d) Dell'art. 317 del Codice Penale: Concussione;4
I videogiochi sono tutelati dal diritto d'autore?;a) Sì, solo se sono oggetti di attività commerciale;b) No;c) Solo per le piccole imprese;d) Sì, ai sensi della Legge 22 aprile 1941 n. 633;4
Secondo le norme previste dalla legge n. 633/1941, le opere rare possono essere sempre riprodotte?;a) No;b) Sì, solo se autorizzate dalla SIAE;c) Sì;d) Sì, solo se vi è profitto;1
Il diritto d'autore trova fondamento negli articoli della Costituzione italiana?;a) No, solo nelle norme previste nel Testo Unico sul Diritto d'Autore - TUDA;b) Si;c) No, solo nelle norme della legge speciale sul diritto d'autore;d) No, solo nelle norme previste nella legge istitutiva della SIAE;2
Per la legge n. 633/1941 sul diritto d'autore, da chi è assicurata la protezione dell'opera?;a) E' assicurata dal diritto d'autore solo dopo 10 anni dalla registrazione;b) E' assicurata dalla norma sulla legge della contraffazione;c) E' assicurata dalla registrazione al TUDE - Testo Unico sul Diritto d'Autore;d) E' assicurata dal diritto d'autore;4
La polizia economico-finanziaria ha competenza sulla tutela del diritto d'autore?;a) Sì, solo per la parte di competenza della SIAE;b) Sì, solo per la parte delle opere dell'ingegno copiate;c) Sì, solo per la parte economica;d) Sì;4
Per quali delle seguenti categorie di opere non è prevista la tutela del diritto d'autore?;a) Opere collettive, le riviste e i giornali;b) Opere drammatico- musicali;c) Opere cinematografiche;"d) Gli atti ufficiali dello Stato e delle
amministrazioni pubbliche";4
A chi bisogna rivolgersi nel caso si voglia ottenere una garanzia legale sulla data di creazione dell'opera e sull'identità del suo autore?;a) si può registrare l'opera presso la Ragioneria Generale dello Stato;b) si può registrare l'opera presso il Ministero della cultura;"c) si può registrare l'opera presso il Ministero dei beni
e delle attività culturali e del turismo";d) si può usufruire del servizio deposito di inedito e della registrazione dell'opera presso la Siae (Società Italiana degli Autori ed Editori);4
La condanna per il reato di corruzione per un atto contrario ai doveri di ufficio previsto dall'art. 319 del Codice Penale comporta:;a) L'interdizione temporanea dai pubblici uffici per la durata della reclusione inflitta al reo;b) Sempre l'interdizione perpetua dai pubblici uffici;c) L'interdizione dai pubblici uffici;d) La radiazione dalla Pubblica Amministrazione;3
A quale Ente e/o struttura è affidata dalla legge la competenza all'attività di vigilanza e controllo in materia di inconferibilità ed incompatibilità di incarichi presso le pubbliche amministrazioni e presso gli enti privati in controllo pubblico?;a) Ad apposite unità ispettive istituite/da istituire presso tutte le pubbliche amministrazioni;b) Alla Commissione Indipendente per la Valutazione, l'Integrità e la Trasparenza (C.I.V.I.T.) delle amministrazioni pubbliche;c) A un apposito Nucleo Operativo interforze, di recente costituzione, operante in seno all'Ispettorato per la Funzione Pubblica;d) All'Autorità Nazionale Anticorruzione (A.N.AC.);4
Il reato di peculato previsto dall'art. 314 del Codice Penale può essere commesso:;a) Dal pubblico ufficiale o dall'incaricato di pubblico servizio;b) Solo dai militari;c) Anche dai privati che si appropriano dei beni dello Stato;d) Dall'incaricato di un servizio di pubblica utilità;1
Il reato di malversazione a danno dello Stato previsto dall'art. 316-bis del Codice Penale:;a) Non può essere commesso da un privato;b) Può essere commesso solo da un incaricato di pubblico servizio o esercente un servizio di pubblica necessità;c) Può essere commesso da chiunque estraneo alla Pubblica Amministrazione;d) È tale solo se commesso da pubblico ufficiale;3
L'oggetto materiale del reato di malversazione a danno dello Stato ex art. 316-bis del Codice Penale è costituito da:;a) Finanziamenti e contributi dello Stato per prestazioni sociali agevolate;b) Finanziamenti dello Stato vòlti a favorire la realizzazione di opere e attività di interesse pubblico;c) Finanziamenti a carico del F.E.A.G.A;d) Finanziamenti ai fondi per la P.A.C.;2
Qual è la missione istituzionale dell'Autorità Nazionale Anticorruzione?;a) L'authority svolge il suo compito attraverso un'attività di tutela nell'ambito dei contratti finanziari e comunque nel settore bancario;b) L'authority svolge il suo compito attraverso un'attività di controllo nell'ambito dei contratti privati, degli incarichi e comunque in ogni settore privato che collabora con la Pubblica Amministrazione;c) L'authority svolge il suo compito attraverso un'attività di sorveglianza nell'ambito dei contratti nel settore edile, degli incarichi e comunque in ogni settore che si occupa di grandi costruzioni;d) L'authority svolge il suo compito attraverso un'attività di vigilanza nell'ambito dei contratti pubblici, degli incarichi e comunque in ogni settore della pubblica amministrazione potenzialmente esposto a corruzione;4
Le norme incriminatrici di cui agli artt. 318 e 319 del Codice Penale (corruzione per l'esercizio della funzione e per un atto contrario ai doveri d'ufficio) si applicano:;a) Al pubblico ufficiale e alla persona incaricata di un pubblico servizio, sempre che questa rivesta la qualifica di militare;b) Al pubblico ufficiale e all'incaricato di un pubblico servizio;c) Soltanto all'incaricato di pubblico servizio;d) Soltanto al pubblico ufficiale;2
Le attività di collaborazione espletate dalla Guardia di Finanza con l'Autorità Nazionale Anticorruzione - ANAC discendono da un determinato quadro normativo e sono disciplinate da:;a) Apposito protocollo d'intesa;b) Accordi verbali tra i due Enti;c) Istruzioni normative stabilite dalla Corte dei Conti;d) Disposizioni stabilite dall'Autorità Giudiziaria;1
Nell'ambito della responsabilità amministrativa, in quanti anni si prescrive il diritto al risarcimento del danno?;a) In dieci anni;b) In tre anni;c) In cinque anni;d) In due anni;3
Qualora le opere digitali rese disponibili in violazione del diritto d'autore o dei diritti connessi siano diffuse al pubblico attraverso prestatori di servizi, l'Autorità ordina di norma a tali prestatori di:;"a) Provvedere alla
registrazione su cloud delle opere digitali";b) Provvedere alla pubblicazione delle opere digitali;c) Provvedere alla rimozione selettiva delle opere digitali;d) Provvedere anche al commercio delle opere digitali;3
Le società, sia di capitali che di persone o cooperative, sono assoggettate alla disciplina sulla responsabilità amministrativa degli enti?;a) Si, ai sensi del Decreto Legislativo 231/2001;b) Si, solo se hanno la sede amministrativa all'estero e la filiale in Italia;c) No;d) Sì, ma solo per le società che svolgono attività non lucrative;1
Come vengono definiti gli atti e i comportamenti lesivi del diritto d'autore in senso lato, come la duplicazione di un programma software?;"a) Vengono definiti con il termine di ""frode""";"b) Vengono definiti con il termine di ""truffa""";"c) Vengono definiti con il termine di ""pirateria""";"d) Vengono definiti con il termine di ""plagio""";3
Come viene definito il reato che definisce il comportamento del militare che accede senza autorizzazione al sistema informatico della Procura al fine di acquisire notizie in ordine a procedimenti penali instaurati a carico di terzi:;a) Falso in atti commesso dal pubblico ufficiale;b) Accesso abusivo ad un sistema informatico o telematico;c) Corruzione;d) Abuso d'ufficio;2
Il pubblico dipendente che, nell'interesse dell'integrità della Pubblica Amministrazione, segnala al responsabile della prevenzione della corruzione e della trasparenza ovvero all'ANAC, condotte illecite di cui è venuto a conoscenza:;a) Dovrà avviare il procedimento disciplinare;b) Dovrà necessariamente pubblicare la propria identità per poter avviare il procedimento dinanzi alla Corte dei Conti;c) Non potrà essere sanzionato, demansionato, licenziato, trasferito o sottoposto ad altra misura organizzativa avente effetti negativi, diretti o indiretti, sulle condizioni di lavoro determinata dalla segnalazione;"d) Non può essere
sanzionato, demansionato, licenziato, sarà comunque trasferito o sottoposto ad altra misura organizzativa per evitare misure ritorsive nei confronti del segnalante";3
Il D.P.R. 633/1972 corrisponde alla legge fondamentale in tema di protezione del diritto d'autore?;a) No, è la L. 248/2000;b) No, è la L. 633/1941;c) No, è la L. 626/1994;d) No, è il D.P.R. 309/1990;2
Con l'atto della pubblicazione di un'opera dell'ingegno, si genera il diritto patrimoniale?;a) Nessuna delle alternative proposte è corretta;b) No, nasce l'utilizzo esclusivo;c) No, non nasce alcun diritto;d) Sì;4
La Società italiana degli autori ed editori (SIAE) cura la tenuta di un registro pubblico speciale per le opere cinematografiche e audiovisive?;a) Sì, solo per le opere didattiche;b) Sì, solo per le opere teatrali;c) Sì, solo per le opere letterarie;d) No il registro è tenuto a cura del Ministero della Cultura che si avvale dell'Istituto Luce-Cinecittà;4
La collaborazione tra Guardia di Finanza e A.N.A.C.?;a) È svolta mediante indagini di polizia giudiziaria solo nei confronti degli appartenenti alla P.A.;b) È fondata sulle indagini di polizia tributaria aventi ad oggetto il fenomeno corruttivo;"c) Riguarda la
contrattualistica pubblica e la prevenzione della corruzione e la trasparenza nella P.A.";d) È svolta mediante raccordo sulle indagini di p.g., previo nulla osta dell'A.G.;3
I Reparti operativi della Guardia di Finanza possono collaborare con l'Autorità Nazionale Anticorruzione - A.N.A.C.?:;a) No, è necessaria l'autorizzazione dell'Autorità giudiziaria;b) Sì, prendendo accordi diretti;c) Sì, mediante l'inderogabile raccordo con il Nucleo Speciale Anticorruzione;d) No, non è previsto nel protocollo d'intesa con la Guardia di Finanza;3
L'Autorità Nazionale Anticorruzione (ANAC) dispone di una propria unità di polizia giudiziaria?;a) Sì, si tratta di un organismo interforze, di recente costituzione, insediato presso il Ministero della Giustizia;b) Sì, si tratta di una specifica unità costituita da personale dell'Arma dei Carabinieri;c) No, ma può avvalersi delle Sezioni di Polizia Giudiziaria;d) No, ma può avvalersi, per le attività di competenza, della Guardia di Finanza, che agisce con i poteri di indagine ad essa attribuiti;4
Le bande musicali e le fanfare dei Corpi armati dello Stato possono eseguire in pubblico brani musicali o parti di opere in musica:;a) Sì, previo pagamento di un compenso per i diritti di autore dei solo brani inediti;b) Sì, purché l'esecuzione sia effettuata senza scopo di lucro e alcun compenso dei previsti diritti d'autore;c) Sì, senza pagamento di alcun compenso per i diritti di autore, purché l'esecuzione musicale sia effettuata in un teatro;d) Sì, previo pagamento sia di un compenso per i diritti di autore che per i componenti delle bande musicali;2
L'attività svolta per la tutela del diritto d'autore rientra nelle funzioni del comparto:;a) della sola polizia amministrativa;b) della polizia economico- finanziaria;c) della sola pubblica sicurezza;d) della sola polizia giudiziaria;2
Per i reati commessi da aziende all'estero, ai sensi dell'art. 4 del D.Lgs. 231/2001, si risponde della responsabilità amministrativa?;a) Sì, gli enti che hanno la sede principale nel territorio dello Stato rispondono anche in relazione ai reati commessi all'estero, a meno che proceda nei loro confronti lo stato del luogo in cui è stato commesso il fatto;b) No, perché è prioritaria la norma dello Stato estero;"c) No, il giudice italiano è incompetente a valutare un ente straniero di una società costituita all'estero
e con sede amministrativa in Italia";d) No, devono essere stati commessi all'estero da soggetti appartenenti ad un ente con sede principale in uno Stato estero;1
Il delitto di peculato, disciplinato dall'art. 314 del Codice Penale, che consiste in una particolare forma di appropriazione indebita da parte del pubblico funzionario o l'incaricato di un pubblico servizio, è commesso:;a) Contro la persona;b) Da privati nei confronti della Pubblica Amministrazione;c) Contro la Pubblica Amministrazione;d) Contro la fede pubblica;3
È possibile procedere a intercettazioni nei casi di corruzione per un atto contrario ai doveri d'ufficio?;a) Sì, è consentito solo in relazione ai delitti di traffico di influenze illecite;b) Sì, è stato previsto dall'art. 266 comma 1 del C.P.P. per i reati contro la P.A. per i quali è prevista la pena della reclusione non inferiore nel massimo a 5 anni;c) Sì, è consentito solo in relazione ai delitti di peculato mediante profitto dell'errore altrui e di appropriazione indebita;d) Sì, è consentito solo in relazione ai delitti di abuso d'ufficio;2
In materia di diritto d'autore, l'azione investigativa della Guardia di Finanza può svolgersi anche attraverso il monitoraggio di internet?;a) Sì, per monitorare le attività illecite ai fini statistici;b) No, non è una attività svolta dalla Guardia di Finanza;c) Sì, per individuare le violazioni commesse attraverso l'utilizzo della rete;d) No, l'attività svolta nello specifico comparto è di competenza esclusiva dell'AGCOM;3
Per la legge sul diritto d'autore 633 del 1941, chi sono i responsabili della violazione del copyright?;a) Sono responsabili gli editori dell'opera che dovranno vigilare sulle violazioni del copyright;b) Sono responsabili i creatori dell'opera che dovranno vigilare sulle violazioni del copyright;c) Sono responsabili le piattaforme digitali che hanno l'obbligo di chiedere l'autorizzazione ai titolari del diritto di copyright per mettere a disposizione degli utenti le opere protette;d) Sono responsabili sulle violazioni del copyright i gestori di servizi cloud che consentono agli utenti di caricare contenuti per uso personale;3
Per i CD o DVD sequestrati, poiché riprodotti abusivamente ovvero sprovvisti del contrassegno S.I.A.E.;a) È sempre ordinato il sequestro amministrativo;b) È facoltativo disporne la confisca;c) È sempre ordinata la confisca;d) È facoltativo disporre il sequestro amministrativo;3
A seguito dell'emanazione del Piano Nazionale Anticorruzione:;a) Vengono definite le sanzioni da applicare ai dipendenti in caso di episodi corruttivi;b) Si individuano i soggetti da sottoporre a controllo per la successiva annualità;"c) Ogni pubblica
amministrazione definisce i principali rischi di corruzione e li pubblica sul sito internet dell'Autorità Nazionale Anticorruzione";d) Ogni pubblica amministrazione redige il proprio Piano Triennale di prevenzione della Corruzione;4
"Nell'ambito della legge in materia di ""Protezione del diritto d'autore e di altri diritti connessi al suo esercizio"" le tutele penali dei diritti sono contenuti:";a) Nella Legge speciale 22 aprile 1941, n. 633;b) Nel D.P.R. n. 633/1972;c) Prevalentemente nel Codice civile e per i reati più gravi nel Codice penale;d) Nel Codice Penale;1
"Quale reato configura l'art. 318 C.P. che stabilisce ""Il pubblico ufficiale che, per l'esercizio delle sue funzioni o dei suoi poteri, indebitamente riceve, per sé o per un terzo, denaro o altra utilità o ne accetta la promessa è punito con la reclusione da uno a cinque anni.";"a) Il reato di ""Peculato""";"b) Il reato di ""Concussione per induzione""";"c) Il reato di ""Abuso di atti d'ufficio""";"d) Il reato di ""Corruzione per l'esercizio della funzione""";4
Nell'ordinamento italiano, la normativa prevista dal D. Lgs. n. 231/2001 ha introdotto:;a) la responsabilità amministrativa dei singoli individui per gli illeciti fiscali non disciplinati nel codice penale;b) la responsabilità amministrativa a carico degli enti per alcuni reati commessi, nell'interesse o vantaggio degli stessi, da persone fisiche che rivestono funzioni di rappresentanza, amministrazione e direzione;c) la responsabilità amministrativa dei singoli individui per gli illeciti dipendenti da reato come, tra gli altri, la quasi totalità dei crimini fiscali transnazionali;d) la responsabilità amministrativa degli enti per gli illeciti dipendenti da evasione fiscale;2
Il pubblico ufficiale o l'incaricato di un pubblico servizio, nel caso di uso illecito di autovetture assegnate al Reparto avendo per ragioni del suo incarico il possesso e la disponibilità di beni dell'Amministrazione, commette il reato di:;a) Induzione indebita;b) Concussione;c) Corruzione;d) Peculato;4
La responsabilità amministrativa dell'Ente perdura anche quando l'autore del reato non è stato identificato?;a) Sì, se il reato si estingue per amnistia;b) No, sussiste solo quando il reato si estingue con una sanzione amministrativa;c) Sì, ai sensi dell'art. 8 del D.lgs. 231/2001;d) Sì, solo quando l'autore del reato è stato identificato ed è imputabile;3
"Nei Piani triennali di prevenzione della corruzione
e trasparenza (P.T.P.C.T.) le funzioni di controllo interno nell'ambito del Comando Generale, vengono espletate dalla:";a) Direzione Analisi, Innovazione e Sviluppo;"b) Direzione di
Amministrazione e dalla Direzione Pianificazione Strategica e Controllo";c) Direzione Programmazione Finanziaria e Bilancio;"d) Direzione Enti
Previdenziali, Assistenziali e Protezione Sociale";2
Quale delle seguenti attività non è esercitabile dai dipendenti delle amministrazioni pubbliche perché incompatibili con il proprio impiego o incarico?;"a) L'assunzione di
impieghi alle dipendenze di attività commerciali e industriali";b) Collaborazione a giornali, riviste, enciclopedie e simili;c) Partecipazione a convegni e seminari;d) Incarichi per i quali è corrisposto solo il rimborso delle spese documentate;1
L'accesso civico:;a) Può essere eseguito da chiunque per acquisire informazioni di una certa rilevanza;b) Può essere richiesto solo da soggetti portatori di specifico interesse;c) Può essere eseguito da chiunque dietro compenso e con la necessità di motivazioni specifiche su informazioni di rilevanza;d) Consente a chiunque di accedere a dati, documenti e informazioni delle pubbliche amministrazioni senza necessità di dimostrare un interesse qualificato;4
"Ai sensi dell'art. 318 del Codice Penale, la
corruzione per l'esercizio della funzione si realizza se:";a) Il pubblico ufficiale costringe un terzo a promettergli la dazione di una somma di denaro o di altre utilità;b) Il pubblico ufficiale compie un atto difforme da un codificato precetto deontologico;c) Il pubblico ufficiale che per l'esercizio delle sue funzioni o dei suoi poteri indebitamente riceve per sé o per un terzo denaro a altra utilità o ne accetta la promessa;d) Il pubblico ufficiale utilizza in modo improprio denaro di cui ha la disponibilità in ragione della propria funzione;3
Per i principi generali e criteri di attribuzione della responsabilità amministrativa, l'ente è responsabile ai sensi del D.Lgs. 231/2001:;a) Per ogni reato previsto nel Codice penale;b) Per i reati commessi nell'interesse o vantaggio degli stessi, da persone fisiche che rivestano funzioni di rappresentanza, amministrazione e direzione, da una sua unità organizzativa autonoma, da chi esercita di fatto poteri di gestione e controllo e da persone soggette a direzione e vigilanza.;c) Per i reati commessi nell'interesse esclusivo della persona fisica che ha agito;d) Per i reati commessi dalla persona fisica, nell'interesse esclusivo di un terzo;2
Gli atti ufficiali dello Stato sono tutelati dalla Legge sul diritto d'autore?;a) Si;b) No;c) Si, solo dopo che vengono pubblicati sulla Gazzetta Ufficiale;d) Si, solo dopo che vengono registrati alla S.I.A.E.;2
Nell'ambito della Legge sul diritto d'autore, in quanti anni si prescrive il diritto al risarcimento del danno?;a) Non è prevista alcuna prescrizione;b) Dieci anni dal giorno in cui il fatto si è verificato (art. 2947);c) Tre anni dal giorno in cui il fatto si è verificato (art. 2947);d) Cinque anni dal giorno in cui il fatto si è verificato (art. 2947);4
I disegni e le opere dell'architettura sono tutelate dalla Legge sul diritto d'autore?;a) Si, solo dopo che vengono registrati alla Camera di Commercio;b) No;c) Sì;d) Si, solo dopo che vengono registrati alla S.I.A.E.;3
Quale normativa prevede per la Guardia di Finanza il compito di vigilare e reprimere le violazione di carattere economico finanziario in materia di diritti d'autore?;a) Il T.U.I.R.;b) Il T.U.L.D.;c) Il Decreto Legislativo n° 68 del 2001;d) Il Decreto Legislativo n° 25 del 2000;3
Le opere religiose, tanto in forma scritta quanto orale, sono tutelate dalla Legge sul diritto d'autore?;a) Si, solo dopo l'autorizzazione del Vaticano;b) No;c) Sì;d) Si, solo dopo che vengono registrati alla S.I.A.E.;3
L'Autorità politica a chi ha affidato la nomina del responsabile anticorruzione per la Guardia di Finanza?;a) Al Comandante Generale che ha conferito l'incarico ai Comandanti Regionali;b) Al Comandante degli Enti Amministrativi Regionali;c) Al Comandante del Nucleo Speciale Anticorruzione;d) Al Comandante Generale che ha conferito l'incarico al dipendente Capo di Stato Maggiore;4
Oltre al Nucleo Speciale Anticorruzione, quali altri Reparti previsti dal protocollo di collaborazione del Corpo con l'Autorità Nazionale Anticorruzione possono essere coinvolti:;a) I Nuclei di polizia economico-finanziaria ove sono incardinate le Sezioni/Drappelli Anticorruzione e i restanti Reparti territoriali;b) Esclusivamente i Nuclei di polizia economico- finanziaria;c) I Nuclei di polizia economico-finanziaria ove sono incardinate le Sezioni Accertamento Danni Erariali;d) I Nuclei speciali Entrate;1
Le richieste di collaborazione da parte dell'A.N.A.C. alla Guardia di Finanza possono essere riferite a interventi:;a) Da svolgere su delega dell'Autorità Amministrativa per rilevanza di natura penale;"b) Da svolgere
esclusivamente su delega scritta con gli ispettori dell'Autorità";c) Da svolgere in autonomia per i militari del Corpo e ad attività congiunte con gli ispettori dell'Autorità;d) Da svolgere unicamente in autonomia da militari del Corpo;3
Qual è la durata del diritto d'autore per le opere fotografiche?;a) Per tutta la durata della vita dell'autore;b) 50 anni dalla morte dell'autore;c) 70 anni dalla prima pubblicazione;d) 70 anni dalla morte dell'autore;4
Quali tra le seguenti attività non rientra tra gli obblighi in tema di anticorruzione del responsabile della prevenzione della corruzione?;a) Elaborazione e proposta di adozione del P.T.P.C.T.;b) Verifica la rotazione degli incarichi;c) Individuazione delle attività rischiose;"d) Definizione della
programmazione operativa";4
"Quale tra le seguenti definizioni non rientra tra quelle di ""opere derivate"" nel diritto d'autore?";a) Presuppone una trasformazione, modificazione o adattamento che consiste essa stessa nell'essere una creazione suscettibile della protezione garantita dal diritto d'autore;b) Deve possedere degli elementi creativi tali da farne un'opera dotata di autonomia propria e su di essa devono essere garantiti i diritti d'autore dell'opera originale;c) Una trasformazione puramente meccanica (crittazione, duplicazione, correzione degli errori ecc.) costituisce un'opera derivata;d) L'opera d'ingegno creata a partire da una o più opere già esistenti e che quindi ne include alcuni aspetti che possono essere protetti da copyright;3
"La tutela dei prodotti del ""Made in Italy"" rientra nella protezione del diritto d'autore?";a) Solo se si tratta di prodotti industriali;b) No;c) Sì;d) Solo se si tratta di prodotti alimentari;3
"Le ""opere orfane"" (ex art. 69 quater della legge n. 633/1941), sono assoggettate al regime di protezione del diritto d'autore?";a) Solo se pubblicate;b) No;c) Sì;d) No, perché non sono di pubblico dominio;3
"Per la legge che tutela il ""diritto d'autore"" il titolare del diritto:";a) È chi ha venduto l'opera;b) È la S.I.A.E.;c) È chi ha acquistato l'opera;d) È il creatore dell'opera, senza alcuna procedura o registrazioni di qualsiasi tipo;4
La legge n. 633/1941 a tutela del diritto d'autore, non prevede tra le opere protette:;a) Le elaborazioni di carattere creativo dell'opera, quale la traduzione in altra lingua;b) Le opere scientifiche;c) Le opere dell'ingegno;d) Le opere carenti dell'apporto creativo;4
Qual è la differenza tra inconferibilità e incompatibilità di incarichi?;a) Nelle ipotesi di inconferibilità il RPCT dichiara l'incompatibilità dell'incarico, nelle ipotesi di incompatibilità dichiara il licenziamento dall'incarico;b) Nelle ipotesi di inconferibilità il RPCT dichiara l'incapacità dell'incarico, nelle ipotesi di incompatibilità dichiara la scadenza dell'incarico;c) Nelle ipotesi di inconferibilità il RPCT dichiara la nullità dell'incarico, nelle ipotesi di incompatibilità dichiara la decadenza dell'incarico;d) Nelle ipotesi di inconferibilità il RPCT dichiara l'interdizione dell'incarico, nelle ipotesi di incompatibilità dichiara la momentanea sospensione dell'incarico;3
In materia di corruzione, l'art. 318 del c.p. punisce:;a) La corruzione per atto contrario ai doveri d'ufficio;b) La corruzione per esercizio delle funzioni tranne per il pubblico ufficiale;c) La corruzione tra privati;d) La corruzione per l'esercizio delle funzioni o dei poteri;4
"Ai sensi del d.lgs. 39/2013, concernente le ""disposizioni in materia di inconferibilita' e incompatibilita' di incarichi presso le pubbliche amministrazioni e presso gli enti privati in controllo pubblico"", l'inconferibilità:";a) Comporta la nullità del contratto;b) Comporta l'annullabilità del contratto;c) Comporta il sequestro di quanto indebitamente ricevuto dal dipendente;d) Riguarda dipendenti di società private;1
Ogni qualvolta vengano avanzate richieste di denaro, beni o altre utilità a taluni operatori economici, sottoposti, per esempio, a verifica fiscale, si commette il reato di:;a) Abuso d'Ufficio;b) Peculato;c) Concussione;d) Induzione indebita;3
Nel caso di commissione, all'interno dell'Amministrazione, di un reato di corruzione accertato con sentenza passata in giudicato, quale tipo di «Responsabilità» non assume il Responsabile della prevenzione della corruzione e della trasparenza:;a) Erariale (danno all'immagine della P.A.);b) Dirigenziale;c) Disciplinare;d) Finanziaria;4
Il Nucleo Speciale Anticorruzione, quando riceve la richiesta di una delega dall'A.N.AC.;a) Può svolgere le indagini previa autorizzazione del Comando Generale;b) Richiede in ogni caso l'intervento congiunto degli Ispettori ANAC;"c) Può svolgere
direttamente il controllo in modo autonomo";d) Anche se svolge direttamente il controllo, chiede comunque supporto al Reparto territoriale;3
In linea generale, non sono assoggettati alla disciplina sulla responsabilità amministrativa dipendente da reato:;a) Gli enti pubblici territoriali (quali Regioni, Province, Città metropolitane, Comuni, Comunità montane e isolane);b) Le associazioni non riconosciute di cui all'art. 36 del Codice civile;c) Le società sia di capitali che di persone o cooperative;d) Gli enti a soggettività privata che svolgono un pubblico servizio in virtù di una concessione, convenzione, parificazione o analogo provvedimento amministrativo;1
In materia di contrattualistica pubblica, quale attività non rientra nell'area di collaborazione tra ANAC e Guardia di Finanza?;a) Controlli sugli abusi edilizi;b) Ispezione nei cantieri;c) Controlli SOA (Società Organismi di Attestazione);d) Rating di legalità;1
"Come si chiama il sistema organico di prevenzione della corruzione ""decentrato"" adottato dall'ANAC del quale devono occuparsi le singole amministrazioni pubbliche?";a) P.T.P.A.R. - Programma Trasparenza per la Protezione delle Aree di Rischio e dei rischi specifici;b) P.T.P.C.T. - Piani Triennali di Prevenzione della Corruzione e della Trasparenza;c) P.T.R.C.T. - Piani Triennali di Responsabilità della Prevenzione della Corruzione e della Trasparenza;d) M.P.A.R.C.T. - Mappatura dei Processi delle Aree di Rischio per la Corruzione e la Trasparenza;2
Nella collaborazione con l'ANAC la Guardia di Finanza può esercitare i poteri ad essa attribuiti in materia di IVA ed Imposte dirette?;a) Sì, può formulare richieste, inviti, questionari solo nei confronti delle amministrazioni dello Stato;b) No, non può eseguire accessi presso le amministrazioni dello Stato;c) No, la collaborazione con l'ANAC non prevede accessi, ispezioni, verifiche ed indagini finanziarie, nei confronti di operatori economici;d) Sì, può richiedere agli organi ed alle amministrazioni dello Stato la comunicazione di dati e notizie rilevanti ai fini istruttori;4
Le Autorità indipendenti con funzioni di controllo, come, ad esempio la Banca d'Italia, sono assoggettate alla disciplina sulla responsabilità amministrativa di cui al D. Lgs 231/2001?;a) Si, sempre;b) No, non rientrano nella disciplina della norma sulla responsabilità amministrativa;c) Si, ma solo per i rapporti economici intrattenuti con le società di capitali;d) Si, ma solo per le prestazioni rese nei confronti di enti pubblici territoriali;2
Ai sensi dell'art. 358 del Codice Penale, è incaricato di pubblico servizio:;a) I dirigenti della Polizia di Stato;b) L'autista di un autobus di linea;c) Il giudice;"d) Gli Ispettori
appartenenti alla Guardia di Finanza";2
Ai sensi della legge n. 633/1941, qual è il limite consentito per la riproduzione, per uso personale, di opere dell'ingegno letterarie effettuata mediante fotocopia di ciascun volume o fascicolo di periodico?;a) Dieci per cento, ma necessita comunque dell'autorizzazione dell'autore;b) Quindici per cento;c) È consentita anche oltre il venti per cento purché sia citata la fonte e l'autore;d) Se la riproduzione avviene nei limiti del dieci per cento non è necessario corrispondere i dovuti diritti alla SIAE;2
Il pubblico ufficiale o l'incaricato di pubblico servizio che, abusando della sua qualità o dei suoi poteri, induce Caio, soggetto privato, a dare indebitamente denaro o altra utilità a un terzo, commette il reato previsto:;"a) Di ""Corruzione per un atto contrario ai doveri d'ufficio"" ex art. 319 del Codice Penale";"b) Di ""Estorsione"" ex art. 629 del Codice Penale";"c) Di ""Concussione"" ex art. 317 del Codice Penale";"d) Di ""Corruzione per l'esercizio della funzione"" ex art. 318 del Codice Penale";3
La responsabilità amministrativa è attribuita:;a) Solo ai soggetti privati beneficiari di fondi pubblici indebitamente percepiti;b) A tutti i soggetti pubblici o privati che danneggiano la Pubblica Amministrazione;c) Ai dipendenti pubblici, amministratori e dipendenti di società in house e a particolari categorie di soggetti privati;d) Solo ai dipendenti pubblici;3
A quale dei seguenti Enti non si applica la disciplina della responsabilità amministrativa ex D. Lgs. n. 231/2001?;a) Alle organizzazioni collettive dotate di una certa autonomia organizzativa e aventi lo scopo di lucro;b) Agli Enti forniti di personalità giuridica;"c) Alle società o
associazioni anche prive di personalità giuridica (es. le società di capitali, le società di persone, le associazioni, ecc.)";d) Alle Associazioni Temporanea di Impresa - A.T.I. - in quanto ogni società che ne fa parte è responsabile autonomamente;4
Che cosa non contiene, nel testo e negli allegati, il Piano Nazionale Anticorruzione?;a) Gli obiettivi strategici e le azioni per conseguirli;b) La definizione di corruzione;c) Le procedure selettive e concorsi;d) Le modalità di predisposizione e contenuti minimi dei singoli Piani Triennali per la prevenzione della corruzione e della trasparenza;3
"Ai sensi della normativa in materia di appalti, gare
e contratti pubblici, è definita una ""stazione appaltante"":";a) Una pubblica amministrazione aggiudicatrice;b) Un operatore economico cui è stata aggiudicata o affidata una concessione;c) Un ente di diritto pubblico che offre sul mercato la realizzazione di lavori o opere, la fornitura di prodotti o la prestazione di servizi;d) Un'impresa sulla quale un'amministrazione pubblica aggiudicatrice può esercitare, direttamente o indirettamente, un'influenza dominante;1
In materia di diritto di accesso civico e gli obblghi di pubblicità, trasparenza e diffusione di informazioni da parte delle pubbliche amministrazioni, le notizie soggette a pubblicazione sono:;a) Solo quelle previste dalla c.d. Legge sulla privacy;b) Quelle previste dal testo unico sul pubblico impiego;c) Quelle elencate dal d.lgs. 33/2013;d) State individuate da diverse disposizioni normative intervenute nel tempo;3
Il diritto d'autore attribuito a un'opera anonima è esercitabile in qualunque momento anche a posteriore della pubblicazione dell'opera stessa?;a) No, perché al momento della pubblicazione non è stato registrato l'autore dell'opera;b) Sì, se manifesta il suo nominativo entro due anni dalla pubblicazione dell'opera;c) Sì, è esercitabile in qualsiasi momento;d) No;3
La responsabilità amministrativa delle persone giuridiche:;a) Trattandosi di responsabilità amministrativa, è stata inserita nel Codice civile;b) È contemplata sia nel Codice civile che nel Codice penale;c) In quanto regime di responsabilità in sede penale a carico degli enti, è prevista dal Codice penale;d) E' disciplinata da una specifica normativa di riferimento;4
Il materiale in formato digitale reperibile in rete è protetto da diritto d'autore?;a) No, perché la messa su web dell'opera non necessita di un permesso specifico per ogni atto di utilizzo dell'opera che sia la riproduzione, la rielaborazione o la distribuzione;b) Sì, il materiale disponibile in rete è ad accesso pubblico, ma non di dominio pubblico: essa è quindi tutelata da diritto d'autore;c) Sì, ciò che cambia è solo il modo di trasmissione (telematica) e il supporto (digitale);d) per utilizzare o distribuire materiale disponibile in rete, è necessario avere un'autorizzazione da parte dei titolari dei diritti;1
Il Nucleo Speciale Anticorruzione, nell'ambito degli accertamenti a richiesta dell'A.N.AC.:;a) Può utilizzare l'applicativo M.U.V.;"b) può utilizzare l'applicativo ""Indagini finanziarie"", inoltrando la richiesta di autorizzazione al Re.T.L.A. Speciali";"c) Può utilizzare l'applicativo ""Indagini finanziarie"", inoltrando l'istanza di autorizzazione ai Comandanti Regionali competenti";"d) può utilizzare l'applicativo ""Indagini finanziarie"", inoltrando la richiesta di autorizzazione ai competenti Comandanti Provinciali";3
Ai sensi della legge n. 633/1941, nell'ipotesi di riproduzione di opere dell'ingegno letterarie per uso personale e nei limiti consentiti dalla legge, effettuata mediante fotocopia, i responsabili dei centri di riproduzione che hanno messo a disposizione gli apparecchi fotoproduttori:;a) Non devono corrispondere alcun compenso agli autori ed agli editori delle opere dell'ingegno;b) Devono corrispondere un compenso agli autori ed agli editori delle opere dell'ingegno;c) Non devono corrispondere alcun compenso agli autori ed agli editori delle opere dell'ingegno limitatamente alle prestazioni gratuite;d) Devono corrispondere un compenso agli autori al superamento delle mille copie ed agli editori delle opere dell'ingegno;2
Come si chiama la banca dati del progetto di collaborazione con l'Autorità nazionale anticorruzione (Anac) scritto nelle linee guida operative della Guardia di finanza:;a) Sistema Mo.R.A.P. (Monitoraggio Rischio Appalti Pubblici);b) Sistema Mo.Co.P. (Monitoraggio Contratti Pubblici);c) Telemaco Appalti;d) Infocamere Concessioni e Contratti;2
In tema di anticorruzione, non rientra tra i compiti del Responsabile della prevenzione della corruzione:;a) L'individuazione delle attività rischiose;b) L'accertamento di responsabilità penali o erariali;c) La verifica dell'attuazione e dell'efficacia delle misure di prevenzione;d) La ricezione e approfondimento delle segnalazioni di illeciti provenienti dal personale (c.d. whistleblowing);2
L'Autorità Nazionale Anticorruzione è dotata di poteri sanzionatori?;a) Sì, può irrogare le sanzioni civili;b) Sì, può irrogare le sanzioni penali;c) Sì, può irrogare le sanzioni amministrative pecuniarie;d) No, non irroga nessuna sanzione;3
Qual è l'Autorità Nazionale preposta a vigilare e controllare l'applicazione e l'efficacia delle misure anticorruzione adottate dalle Pubbliche Amministrazioni?;a) L'Autorità per la vigilanza sui contratti pubblici di lavori, servizi e forniture;b) L'Autorità Garante della Concorrenza e del Mercato;c) L'Autorità Nazionale Anticorruzione;d) Consob;3
Il diritto d'autore riferito a un'opera anonima è esercitabile anche in seguito alla divulgazione dell'opera stessa?;a) Sì, se manifesta il suo nominativo entro due anni dalla pubblicazione dell'opera;b) Sì, è esercitabile in qualsiasi momento;c) No;d) No, perché al momento della pubblicazione non è stato registrato l'autore dell'opera;2
Dove è stato istituito il registro pubblico generale delle opere protette ai sensi della legge n. 633/1941 sul diritto d'autore?;a) presso il Ministero dell'Economia e delle Finanze;b) presso il Ministero per i Beni e le Attività Culturali;c) presso il Ministero dello Sviluppo Economico;d) presso l'Agenzia delle Entrate;2
Secondo l'art. 357 del Codice Penale, quale tra i seguenti soggetti non rientra tra i Pubblici Ufficiali:;a) Il custode del museo;b) Il consigliere comunale;c) Il portalettere;d) Il notaio;1
Non rientra tra le competenze dei Referenti anticorruzione:;a) La segnalazione di casi di assenteismo dal lavoro;b) Lo svolgimento di attività di supporto informativo nei confronti del Responsabile sull'effettiva attuazione della normativa anticorruzione;c) L'osservanza delle misure di prevenzione richiamate nel Piano Triennale;"d) La valutazione alla ""gestione del rischio"" nei processi per i quali hanno autonomia decisionale, proponendo le opportune integrazioni al Piano triennale";1
I militari del Corpo in servizio con compiti di prevenzione, ricerca e repressione delle violazioni in materia di diritto d'autore che sorprendono una persona dedita alla vendita di dischi, nastri o supporti contenenti fonogrammi o videogrammi di opere musicali, procedono:;a) Al sequestro amministrativo delle videocassette ex- art. 13 legge n.689/1981 per violazione art. 171 ter legge n. 633/1941;b) Al sequestro delle videocassette ex. art. 354 c.p.p. per violazione dell'art. 171 ter legge n. 633/1941;"c) Al verbale di
constatazione per cautelare le videocassette per violazione art. 171 ter legge n. 633/1941";"d) Al verbale di
constatazione dei luoghi per rilevare le videocassette in violazione all'art. 171 ter legge n. 633/1941";2
In materia di prevenzione della corruzione, quale attività non rientra nell'area di collaborazione tra ANAC e Guardia di Finanza?;a) Conflitto interessi incompatibilità di incarichi;b) Controlli sul rispetto del Piano Nazionale Anticorruzione;c) Controlli obblighi di trasparenza;d) Anomalie nella gestione di istituti di credito o finanziari;4
Quale tra le seguenti attività non rientra nell'area di rispettiva competenza dei Referenti anticorruzione?;a) Definizione delle procedure di selezione e formazione del personale;b) Svolgono attività di supporto informativo nei confronti del Responsabile sull'effettiva attuazione della normativa anticorruzione;c) Osservano le misure di prevenzione richiamate nel Piano Triennale;"d) Procedono alla ""gestione del rischio"" nei processi per i quali hanno autonomia decisionale, proponendo le opportune integrazioni al Piano triennale";1
Il reato di rivelazione ed utilizzazione di segreti d'ufficio (art. 326 c.p.):;a) È posto a tutela della privacy;b) È un reato contro la pubblica amministrazione;c) Tutela la segretezza delle informazioni pubbliche;d) Tutela la segretezza delle informazioni pubbliche e private;2
Quale Forza di Polizia è richiamata a intervenire nella norma che prevede la collaborazione con l'Autorità Nazionale Anticorruzione?;a) La Guardia di Finanza e la Polizia di Stato sono espressamente richiamate dalla legge;b) La Guardia di Finanza è l'unica Forza di Polizia espressamente richiamata dalla legge;c) La Guardia di Finanza e l'Arma dei Carabinieri sono espressamente richiamate dalla legge;d) La norma non prevede espressamente l'intervento delle Forze di Polizia che possono agire solo su delega dell'Autorità Giudiziaria;2
Come si misura il fenomeno della corruzione?;a) Quantificando il danno erariale derivante dal reato di corruzione;b) Mediante un indice di percezione della corruzione;c) Valutando il numero dei soggetti denunciati per i reati corruttivi;d) Accertando il numero dei soggetti denunciati che appartengono alla P.A.;2
Nell'ambito del diritto di paternità dell'opera, rientra la facoltà dell'autore di far circolare la propria opera in forma anonima o sotto pseudonimo?;a) Sì, solo in presenza di atti di usurpazione;b) Sì, conservando il diritto di rilevarsi e di far riconoscere in qualsiasi momento la sua qualità di autore;c) No, non è prevista l'opera in forma anonima;d) Sì, solo se l'autore è autore e rivenditore dell'opera;2
Ai sensi della legge n. 633/1941, nel caso di pubblicazione di un elaborato scientifico, in versione cartacea o on line, il diritto d'autore sarà regolamentato nel contratto di edizione stipulato tra:;a) L'autore e l'editore;b) L'editore e la S.I.A.E.;c) L'editore e l'acquirente;d) L'autore e la S.I.A.E.;1
Il complesso delle opere di riproduzione grafica è anche detto:;a) Reprografia;b) File sharing;c) Nessuna delle alternative proposte è corretta;d) SIAE;1
Il surface linking (link che consiste nel trasferire il visitatore alla home page di un altro sito) è lecito solo se autorizzato dall'autore.;a) No, è sempre lecito;b) Non vi è menzione nell'ordinamento giuridico;c) Sì;d) No, non è mai consentito;1
La tesi di laurea è tutelata dalla legge sul diritto d'autore?;a) No, in quanto la tesi se pur considerata espressione del lavoro intellettuale, non è tutelata dal diritto d'autore;b) No, è un documento amministrativo necessario solo ai fini del conseguimento del titolo universitario;c) No, perché lo studente o il dottorando, autore della tesi, non ha alcuna titolarità dei diritti su di essa;d) Sì, perché è un opera intellettuale di carattere creativo a contenuto scientifico;4
Le richieste di collaborazione della Guardia di Finanza all'A.N.AC. possono essere riferite:;"a) solo ad attività
congiunte a supporto degli ispettori dell'Autorità Nazionale Anticorruzione, cui compete la direzione del servizio oggetto di preventivo raccordo";b) ad attività ispettive da svolgere in autonomia dai militari della Guardia di Finanza e ad attività congiunte con gli ispettori dell'Autorità Nazionale Anticorruzione;"c) solo ad attività
congiunte a supporto degli ispettori dell'Autorità Nazionale Anticorruzione, cui compete la direzione del servizio senza preventivo raccordo";d) solo ad interventi da svolgere in autonomia dai militari del Corpo, con attivazioni interamente rimesse al Nucleo Speciale Anticorruzione e/o alle Unità operative eventualmente incaricate;2
La confisca per equivalente ex art. 322-ter del Codice Penale è ipotizzata per il reato di cui:;a) All'art. 323 del Codice Penale (abuso d'ufficio);b) All'art. 317 del Codice Penale (concussione);c) All'art. 640-bis del Codice Penale (truffa aggravata per il conseguimento di erogazioni pubbliche);d) All'art. 322 del Codice Penale (istigazione alla corruzione);2
La prerogativa necessaria per la competenza della Corte dei Conti è la sussistenza di:;a) Elemento oggettivo del danno erariale ed elemento soggettivo del dolo o colpa;b) Danno erariale, rapporto di impiego/servizio, dolo o colpa, nesso di causalità;c) Danno erariale, dolo o colpa del pubblico dipendente, nesso di causalità;d) Solo danno erariale;2
Il pubblico ufficiale il quale, abusando della sua qualità, costringe taluno a promettere indebitamente, a un terzo, denaro o altra utilità, commette il delitto di:;a) Corruzione per un atto contrario ai doveri d'ufficio, ai sensi dell'art. 319 del Codice Penale;b) Concussione, previsto dall'art. 317 del Codice Penale;c) Induzione indebita a dare o promettere utilità, ai sensi dell'art. 319-quater del Codice Penale;d) Corruzione per esercizio della funzione, ai sensi dell'art. 318 del Codice Penale;2
Non rientra tra gli obiettivi della strategia nazionale anticorruzione:;a) Aumentare la capacità di scoprire casi di corruzione;b) Creare una strategia di prevenzione della corruzione in materia di contabilità pubblica con la Corte dei Conti;c) Creare un contesto sfavorevole alla corruzione;d) Ridurre le opportunità che si manifestano casi di corruzione;2
L'A.N.A.C. per lo svolgimento dei propri poteri conoscitivi:;a) Esercita poteri ispettivi mediante richiesta di notizie, informazioni e atti e documenti alla pubbliche amministrazioni, di norma per il tramite del responsabile degli Enti Pubblici;b) Esercita poteri ispettivi mediante richiesta di notizie, informazioni e atti e documenti alla pubbliche amministrazioni, di norma per il tramite dell'Autorità Giudiziaria;c) si avvale dei poteri ispettivi grazie alla richiesta di notizie, informazioni e atti e documenti alle pubbliche amministrazioni, di norma per il tramite del Responsabile della prevenzione della corruzione;d) Esercita poteri ispettivi mediante richiesta di notizie, informazioni e atti e documenti alla pubbliche amministrazioni, di norma per il tramite dei responsabili della Corte dei Conti;3
Chi può commettere i reati presupposto previsti dal D.Lgs 231/2001?;a) Le persone fisiche che commettono un reato nel prevalente interesse proprio;b) I soggetti che operano per nome e per conto dell'Ente in virtù di un mandato e/o di qualsiasi accordo di collaborazione o conferimento di incarichi;c) Le persone che esclusivamente non rivestono funzioni di rappresentanza, di amministrazione o di direzione dell'ente;d) Le persone fisiche che abbiano agito nell'interesse esclusivo di terzi;2
In base alla normativa vigente, a chi sono attribute le competenze operative e gestionali in materia di diritto d'autore e la disciplina della proprietà letteraria e di promozione delle attività culturali?;a) Ministero delle Imprese e del Made in Italy;b) Ministero dell'Economia e delle Finanze;c) Ministero della cultura;"d) Ministero
dell'Università e della Ricerca";3
A chi sono attribuite specifiche funzioni in materia di tutela del diritto d'autore e della proprietà intellettuale per quanto riguarda il commercio elettronico e l'ambiente digitale?;a) Autorità garante della concorrenza e del mercato (AGCM);b) Agenzia per l'Italia digitale (AGID);c) Autorità per le Garanzie nelle Comunicazioni (AGCOM);d) Autorità garante per la protezione dei dati personali (GPDP);3
In base a quale normativa sono demandati alla Guardia di Finanza i compiti di prevenzione, ricerca e repressione delle violazioni in materia, tra l'altro, di diritti d'autore, know-how, brevetti, marchi ed altri diritti di privativa industriale, relativamente al loro esercizio e sfruttamento economico?;a) Testo unico n. 917 del 1986;b) D.P.R. n. 633 del 1972;c) D.Lgs. n. 68 del 2001;d) D.P.R. n. 600 del 1973;3
A livello centrale, quale reparto svolge funzioni di analisi di rischio, mediante l'incrocio di banche dati, studio dei sistemi di frode, elaborazione di metodologie operative nonché attività di servizio in materia di violazioni della proprietà intellettuale?;a) Nucleo Speciale Tutela Entrate e Repressione frodi fiscali;b) Nucleo Speciale Beni e Servizi;c) Nucleo Speciale Spesa Pubblica e Repressione frodi comunitarie;d) Nucleo Speciale Antitrust;2
Ai sensi di quale articolo del codice civile formano oggetto del diritto di autore le opere dell'ingegno di carattere creativo che appartengono alle scienze, alla letteratura, alla musica, alle arti figurative, all'architettura, al teatro e alla cinematografia qualunque ne sia il modo o la forma di espressione?;a) Art. 2570 C.C.;b) Art. 2575 C.C.;c) Art. 2598 C.C.;d) Art. 2612 C.C.;2
Il diritto di inedito è il diritto di pubblicare opere inedite cioè non ancora diffuse. Tale diritto è esercitabile anche dagli eredi in assenza dell'autore?;a) Sì;b) No;c) Sì, solo dopo settant'anni dalla prima pubblicazione;d) Sì, solo dopo la sua morte e dopo il termine del settantesimo anno solare;1
In che misura è consentita la fotocopiatura delle opere d'ingegno?;a) Consentita nei limiti del 60%;b) Non è mai consentita;c) Consentita solo se necessaria a superare un concorso pubblico;d) E' consentita nei limiti del 15%;4
Quali sono le due previste forme di contratto nel diritto di pubblicazione tramite il quale l'autore concede ad un editore l'esercizio del diritto di pubblicare un'opera?;a) Contratto di riproduzione e di pubblicazione;"b) Contratto di
riservatezza e di esclusività";c) Contratto per edizione e a termine;d) Contratto di somministrazione e di vendita;3
La normativa sul diritto d'autore trova fondamento negli articoli della Costituzione italiana?;a) Sì;b) No, solo negli articoli della Legge sul Diritto D'Autore;c) No, solo negli articoli del TUDA - Testo Unico Diritto d'Autore;d) No, solo negli articoli della Legge istitutiva della SIAE;1
Non rientrano tra i diritti patrimoniali su un'opera:;a) Il diritto di pubblicazione;b) Il diritto di paternità dell'opera;c) Il diritto di riproduzione;d) Il diritto di trascrizione;2
Il protocollo di rete file sharing, che consente di inviare e ricevere file tra due computer uno dei quali deve fare da server, definisce reato scaricare musica da un sito internet?;a) È un illecito civile;b) È un illecito amministrativo;c) No, è consentito solo per i file sharing;d) Sì, è reato;4
Per la Legge sul diritto d'autore non rientra tra i diritti patrimoniali su un'opera:;a) Il diritto di traduzione o elaborazione;b) Il diritto di trascrizione;"c) Il diritto di
comunicazione dell'opera";d) Il diritto di rivelazione;4
I diritti patrimoniali si estinguono:;a) Trascorsi vent'anni dalla morte dell'autore;b) Trascorsi settant'anni dalla morte dell'autore;c) Trascorsi cinquant'anni dalla morte dell'autore;d) Trascorsi trent'anni dalla morte dell'autore;2
Per la legge sul diritto d'autore, qual è l'età minima prevista per l'autore che ha la capacità di compiere tutti gli atti giuridici relativi alle opere da lui create e di esercitare le azioni che ne derivano:;a) Non prevede limiti di età;b) Diciotto anni;c) Ventuno anni;d) Sedici anni;4
I principali diritti esclusivi di utilizzazione economica dell'opera concessi in esclusiva dalla legge all'autore della creazione sono:;a) Il diritto di riproduzione;b) Il diritto di sfruttamento dopo i 70 anni dalla morte dell'autore;c) Il diritto di diffusione;"d) Il diritto di
distribuzione, di noleggio e di prestito";2
A quale Autorità sono devolute competenze che permettono di decidere su ricorsi proposti da parti private in materia di violazione di diritti d'autore ed i diritti all'espressione ed alla informazione?;a) Agenzia per l'Italia digitale (AGID);b) Autorità garante della concorrenza e del mercato (AGCM);c) S.I.A.E.;d) Autorità Garante delle Comunicazioni (A.G.Com.);4
A chi si applica il contrassegno SIAE come strumento di autenticazione e di garanzia dei supporti contenenti opere protette da diritto d'autore:;a) Si applica ai programmi per elaboratore distribuiti gratuitamente con il consenso del titolare dei diritti;b) Si applica anche a tutti i programmi per elaboratore;c) Si applica solo ai programmi per elaboratore distribuiti con codice sorgente aperto - open source;d) Non si applica ai programmi per elaboratore;2
Quale tra i seguenti criteri di attribuzione non deriva la responsabilità da reato dell'ente sotto il profilo oggettivo?;"a) Nell'interesse o a vantaggio dell'ente stesso;";b) Dalla commissione di un reato (c.d. presupposto);c) Da parte di una persona fisica appartenente all'ente;d) Nell'interesse o a vantaggio del soggetto privato;4
Quali tra i seguenti compiti del Responsabile della prevenzione della corruzione e della trasparenza non rientra nella propria competenza:;a) Emanare l'atto di indirizzo per le pubbliche amministrazioni ai fini dell'adozione di misure di prevenzione della corruzione;b) Verificare l'efficace attuazione del piano e la sua idoneità allo scopo;c) Verificare, d'intesa con i dirigenti competenti, l'effettiva rotazione degli incarichi negli uffici preposti allo svolgimento delle attività per le quali è più elevato il rischio che siano commessi reati di corruzione;"d) Programmare,
nell'ambito del P.T.P.C.T., le attività necessarie a garantire la corretta attuazione delle disposizioni in tema di trasparenza e la connessa attività di monitoraggio";1
In materia di anticorruzione, ai sensi del d.lgs. 39/2013, l'incompatibilità:;a) Determina la decadenza dall'incarico e la risoluzione del contratto;b) Riguarda anche dipendenti di società private;c) Determina la revisione dell'incarico e la nomina dei nuovi componenti;d) Comporta la nullità del contratto;1
"La ""responsabilità amministrativa delle persone giuridiche"":";a) In quanto regime di responsabilità in sede penale a carico degli enti, è prevista dal codice penale;b) Trattandosi di responsabilità amministrativa, è stata inserita nel codice civile;c) Ha una specifica normativa di riferimento: Dlgs. 231/2001;d) È contemplate sia nel codice civile che nel codice penale;3
Quale tra i seguenti soggetti non sono destinatari della disciplina del d.lgs. N. 231/2001?;a) Le imprese familiari;b) Gli enti forniti di personalità giuridica;c) Le società, comprese quelle unipersonali e quelle fallite;d) Le associazioni anche prive di personalità giuridica;1
Nei casi stabiliti dalla legge o quando ne sia autorizzato con deliberazione del Consiglio dei Ministri, l'impiegato pubblico può esercitare:;a) Esercizio della professione;b) Esercizio di attività commerciali o industriali;c) Attività lavorative che non interferiscono con il regolare svolgimento del servizio;d) Assunzione di impieghi alle dipendenze di privati;3
Che cosa si intende per contraffazione dell'opera?;a) E' l'azione di chi sostituisce la paternità dell'opera con altro soggetto senza il consenso dell'autore;b) E' l'azione di chi si appropria di un'opera altrui, o di una sua parte e/o di una sua elaborazione;c) E' la riproduzione totale o parziale dell'opera originaria, attraverso una sua elaborazione non creativa, oppure creativa ma abusiva e usurpatrice di paternità;d) E' lo sfruttamento economico dell'opera che avviene senza il consenso dell'autore;4
Il diritto d'autore, spetta a taluni soggetti pubblici (Amministrazioni dello Stato, Province, Comuni) e privati (salvo diverso accordo con gli autori delle opere pubblicate) senza scopo di lucro (quali ad esempio le Università) per le raccolte dei loro atti e sulle loro pubblicazioni?;a) Sì, purchè gli atti e le pubblicazioni siano registrate alla Camera di commercio;b) No, perché non rientrano nelle opere dell'ingegno di carattere creativo;c) No, per loro natura pubblica non possono essere riconosciuti i diritti patrimoniali;d) Sì, ai sensi dell'articolo 11 della Legge 633/1941;4
Presso quale Ente è istituito il registro pubblico generale delle opere protette ai sensi della legge n. 633/1941?;a) Presso il Ministero dell'Economia e delle Finanze;b) Presso il Ministero della Cultura;c) Presso l'Agenzia delle Entrate;d) Presso il Ministero dello Sviluppo Economico;2
"I reati ambientali (inclusi i c.d. ""eco-reati"") rientrano tra i reati presupposto previsti dalla normativa D.Lgs. 231/2001?";a) Si, sono previsti dall'art. 25 undecies del D.Lgs. 231/2001;b) No;c) No, il sistema sanzionatorio è rappresentato solo da misure interdittive;d) No, il sistema sanzionatorio è rappresentato solo da sanzioni pecuniarie;1
"La maggior parte della distribuzione illegale di opere protette da diritto d'autore avviene su siti web e social network. I ""siti vetrina"" che espongono i contenuti illeciti nascondono anche un sistema di profitto derivante da:";a) Proventi derivanti dalla vendita di spazi pubblicitari;b) Proventi derivanti dalla consultazione di banche dati;c) Proventi derivanti dalla gestione di piattaforme informatiche;d) Proventi derivanti dal download e lo streaming per uso privato;1
Cos'è il Patto d'Integrità in materia di contratti pubblici?;a) Non è un documento previsto dalle norme sulla Prevenzione della corruzione;"b) È un documento firmato tra tutte le ditte
aggiudicatarie dell'appalto con il quale si prevedono il rispetto delle norme anticorruzione ed eventuali sanzioni nel caso in cui qualcuno cerchi di eluderle";c) È il documento che l'Amministrazione pubblica richiede all'assegnatario della gara di appalto per il rispetto delle norme stabilite;d) È un documento che l'Amministrazione pubblica richiede ai partecipanti alle gare di appalto e prevede un controllo incrociato e sanzioni nel caso in cui qualcuno dei partecipanti cerchi di eluderlo;4
In materia di prevenzione della corruzione, l'ANAC esercita poteri conoscitivi. Quali tra i seguenti compiti non rientra nelle loro incombenze:;a) Svolge un importante ruolo di interpretazione della disciplina vigente, nei propri atti di indirizzo e regolazione, nello svolgimento di attività consultive, nell'esercizio delle attività di vigilanza;b) Svolge indagini di polizia tributaria aventi ad oggetto il fenomeno corruttivo;c) Analizza le cause e i fattori della corruzione e individua gli interventi che possono favorire la prevenzione e il contrasto e riferisce al Parlamento;d) Adotta regolamenti sull'esercizio dei propri poteri sanzionatori e sull'esercizio della propria attività di vigilanza;2
Il reato di corruzione ex art. 319-quater C.P. si consuma quando il pubblico ufficiale:;a) È costretto a compiere un atto contrario ai suoi doveri d'ufficio;b) Induce taluno a dare o a promettere indebitamente, a lui o a un terzo, denaro o altra utilità;c) È indotto a compiere, attraverso la corresponsione di denaro o altra utilità, un atto contrario ai propri doveri;d) Costringe taluno a dare o promettere somme di denaro;2
Le Pubbliche Amministrazioni possono conferire incarichi retribuiti a dipendenti di altre amministrazioni pubbliche?;a) Sì, possono conferire incarichi senza la previa autorizzazione dell'amministrazione di appartenenza dei dipendenti stessi;"b) No, non possono
conferire incarichi senza la previa autorizzazione dell'amministrazione di appartenenza dei dipendenti stessi";c) Sì, possono conferire incarichi e non costituisce in ogni caso infrazione disciplinare per il funzionario;d) Sì, possono conferire incarichi senza la previa autorizzazione dell'amministrazione di appartenenza dei dipendenti stessi purchè sia svolto senza alcun corrispettivo;2
E' sottoposta alla responsabilità amministrativa ex D. Lgs. n. 231/01 se la violazione presupposta delinea:;"a) Una violazione
amministrativa di natura tributaria";b) Un delitto contro l'ordine pubblico;c) Un delitto contro la personalità dello Stato;d) Il reato di concussione;4
I delitti contro la Pubblica Amministrazione commessi dal pubblico ufficiale o dall'incaricato di pubblico servizio:;a) Comportano in ogni caso un danno all'erario da segnalare alla Corte dei Conti;b) Sono quelli che hanno come soggetto danneggiato un ente pubblico;c) Sono disciplinati nel Libro II, Titolo II del codice penale;d) Sono puniti con una sanzione amministrativa;3
Dove è istituito, ai sensi della Legge sul diritto d'autore, il registro pubblico generale delle opere protette?;a) Presso il Ministero della Cultura;b) Presso la Camera di Commercio;c) Presso il Ministero dell'Economia e delle Finanze;d) Presso l'Ufficio Brevetti;1
Chi svolge, ex art 182 bis sul diritto d'autore, i compiti di vigilanza tesi alla prevenzione e all'accertamento delle violazioni alla Legge n. 633/1941?;a) La S.I.A.E. unitamente all'Ufficio brevetti, nell'ambito delle rispettive competenze previste dalla legge;b) Il Ministero dell'economia e delle finanze unitamente all'Agcom, nell'ambito delle rispettive competenze previste dalla legge;c) La S.I.A.E. unitamente all'Autorità per le garanzie nelle comunicazioni (AGCOM), nell'ambito delle rispettive competenze previste dalla legge;d) L'Agenzia delle entrate unitamente alla S.I.A.E.;3
Per la Legge sul diritto d'autore, a quanti anni l'autore di un opera ha la capacità di compiere tutti gli atti giuridici relativi alle opere da lui create?;a) Al compimento dei ventuno anni di età;b) Al compimento dei diciotto anni di età;c) Al compimento dei sedici anni di età;d) La norma non prevede limiti di età;3
Quali tra le seguenti disposizioni non trovano in Italia tutela legislativa nella Legge 633/1941:;a) Enti di diritto pubblico per la protezione e l'esercizio dei diritti di autore;b) Disposizioni sui diritti connessi all'esercizio del diritto di autore;c) Disposizioni sui diritti del costitutore di una banca di dati;d) Disposizioni sulle attività creative dell'autore;4
Da quale norma sono previste le tutele per i soggetti che segnalano fatti illeciti cd. Whistleblowing:;a) Sono previsti dai regolamenti A.N.A.C. solo se esiste un concreto pericolo di ritorsione;b) Dal codice penale;c) Dal D.Lgs. n. 24/2023;d) Regolamenti A.N.A.C.;3
Gli ordini professionali sono tenuti ad adottare misure di prevenzione della corruzione ai sensi della legge 190/2012?;a) Sì, purchè gli ordini e collegi professionali di limitate dimensioni non siano appartenenti alla medesima categoria;b) No, gli ordini professionali non sono tenuti all'adozione di un PTPCT o di misure di prevenzione della corruzione;c) Sì, purchè siano appartenenti a categorie professionali disomogenee.;d) Si, gli ordini professioni rientrano fra i soggetti tenuti all'applicazione delle misure di prevenzione della corruzione.;4
Nel caso di alcuni militari che, in diverse occasioni, abusando della propria posizione e promettendo favori e coperture fiscali, costringono o comunque inducono un ristoratore ad offrire loro gratuitamente numerosi pasti, commettono il reato di:;a) Abuso d'Ufficio;b) Peculato;c) Induzione indebita;d) Corruzione;3
La disciplina della responsabilità amministrativa da reato si può estendere alle imprese individuali?;a) Sì, si può estendere ai collaboratori e ai familiari delle imprese individuali;b) Sì, si può estendere alle imprese individuali;c) No, non si può estendere alle imprese individuali;d) Sì, se si incorre in reati commessi, a vantaggio o nell'interesse dell'impresa individuale;3
A quale tipologia di soggetti non si applicano le disposizioni contenute nel D.Lgs. 231/2001?;a) Le disposizioni contenute nel D.Lgs. 231/2001 non si applicano alle Società per azioni;b) Le disposizioni contenute nel D.Lgs. 231/2001 non si applicano alle Società Semplici;c) Le disposizioni contenute nel D.Lgs. 231/2001 non si applicano agli imprenditori individuali, non costituiti in forma societaria;d) Le disposizioni contenute nel D.Lgs. 231/2001 non si applicano alle Società a responsabilità limitata;3
Ogni quanto viene aggiornato e qual è la durata del Piano Nazionale Anticorruzione?;a) E' aggiornato ogni tre anni ed ha durata annuale;"b) E' aggiornato
annualmente ed ha durata triennale";c) E' aggiornato ogni semestre ed ha durata triennale;"d) E' aggiornato
annualmente ed ha durata biennale";2
Quale delle seguenti sanzioni amministrative non è applicabile all'ente in base alla responsabilità da reato ex D.lgs. 231/2001?;"a) L'interdizione
dall'esercizio dell'attività";b) La concussione;c) La confisca;d) La sospensione o la revoca delle autorizzazioni, licenze o concessioni funzionali alla commissione dell'illecito;2
Con il divieto di pantouflage si preclude ai dipendenti pubblici, che abbiano esercitato funzioni di responsabilità, di instaurare rapporti di lavoro con i soggetti privati destinatari dell'attività della pubblica amministrazione di appartenenza per un periodo di:;a) Due anni;b) Tre anni;c) Un anno;d) Cinque anni;2
Quale delle seguenti fasi del processo di gestione del rischio di corruzione non rientra nelle attività di elaborazione del piano anticorruzione?;a) Pubblicazione delle segnalazioni di illeciti denunciate da dipendenti pubblici;b) Mappatura dei processi per l'individuazione delle aree di rischio;c) Individuazione dei fattori che possono agevolare il verificarsi di eventi di corruzione (c.d. risk assesment);d) Trattamento del rischio (c.d. risk management) ossia l'individuazione delle misure più idonee per neutralizzarlo o ridurlo;1
Uno degli strumenti preventivi elaborato per la tutela del dipendente, pubblico e privato, che segnala un illecito o una irregolarità commesso nell'ambito lavorativo nel quale è inserito, prende il nome di:;a) Whistleblowing;b) Risk assessment;c) Risk management;d) Rating di legalità;1
Ai sensi dell'art. 9 del D. Lgs. n. 231/2001, quale tra le seguenti sanzioni non rientrano tra gli illeciti amministrativi dipendenti da reato applicabili all'Ente:;a) La confisca;b) La sanzione pecuniaria;c) Le sanzioni interdittive;d) Le sanzioni per indebita percezione di erogazioni, truffa in danno dello Stato o di un ente pubblico;4
Con riferimento alla legge n. 633/1941, cosa protegge il diritto d'autore?;a) Protegge unicamente la copiatura dell'opera scritta e l'idea in sé;b) Protegge unicamente la forma nella quale viene espressa un'idea ma non l'idea in sé;c) Protegge la diffusione dell'opera a carattere pubblico;"d) Protegge la diffusione
dell'opera fino a 50 anni
dopo la morte dell'autore";2
Nell'attuale disciplina dei rapporti tra l'Autorità Nazionale Anticorruzione (ANAC) e la Guardia di Finanza, quale istruzione è prevista dal vigente protocollo di intesa tra le due Amministrazioni:;a) I militari del Corpo hanno esclusiva competenza sulle indagini in materia di appalti pubblici;b) Qualunque esigenza conoscitiva riferibile alle competenze e alle funzioni dell'Autorità Nazionale Anticorruzione deve essere sempre rappresentata all'Autorità, a cura dei reparti operanti del Corpo, per il tramite del Nucleo Speciale Anticorruzione;"c) Nel caso di urgente necessità di attingere elementi informativi dalla ""Banca Dati Nazionale dei Contratti Pubblici"" gestita dall'ANAC, i reparti operativi del Corpo hanno facoltà di interessare direttamente il Nucleo Speciale Anticorruzione";"d) Qualora determinati atti istruttori siano delegati alla componente territoriale del Corpo, o ad altro reparto della componente ""speciale"", l'esito dei citati atti deve essere sempre comunicato direttamente all'Autorità Giudiziaria";2
Per l'esercizio della protezione sul diritto di autore vi sono previsti specifici obblighi di deposito e registrazione dell'opera?;a) No, non vi è alcun obbligo previsto;b) Nessuna delle alternative proposte è corretta;c) Vi è solo l'obbligo di registrazione;d) Sì;1
Quale è la normativa di riferimento del Codice della Trasparenza nella Pubblica Amministrazione?;a) D.lgs. 39/2013;b) D.lgs. 33/2013;c) D.l. 90/2014;d) D.lgs. 165/2001;2
Chiunque offre o promette denaro od altre utilità non dovuti ad un pubblico ufficiale o ad un incaricato di un pubblico servizio per l'esercizio delle sue funzioni, qualora l'offerta o la promessa non sia accettata, soggiace al reato di:;a) Istigazione alla corruzione, secondo quanto previsto dall'art. 322 del Codice Penale;b) Tentativo di corruzione per un atto contrario ai doveri d'ufficio, ai sensi degli artt. 56 e 319 C.P;c) Tentativo di corruzione per l'esercizio della funzione, ai sensi degli artt. 56 e 318 C.P;d) Non è previsto nessun reato perché non si è concretizzata l'offerta o la promessa di denaro;1
Quali sono i principali poteri utilizzati dai militari della Guardia di Finanza nelle attivazioni dell'A.N.AC.?;a) I poteri di Polizia Valutaria;b) I poteri di polizia tributaria;c) I poteri di Polizia Giudiziaria;d) I poteri delegati dall'A.N.AC.;2
Il soggetto comune che è punito ai sensi dell'art. 646 del codice penale che tipo di illecito compie?;"a) Il reato di
""Appropriazione indebita""";"b) Il reato di ""Usura""";"c) Il reato di ""Riciclaggio""";"d) il reato di ""Ricettazione""";1
Quale regolamentazione prevede il compito di vigilare e reprimere qualsiasi violazione di carattere economico finanziario in materia di diritti d'autore demandato alla Guardia di Finanza?;a) Il Testo Unico sui Diritti d'Autore - T.U.D.A.;b) Il Decreto Legislativo n. 68 del 2001;c) La legge istitutiva della S.I.A.E.;d) L'Autorità per le Garanzie nelle comunicazioni;2
L'ente non è responsabile per i reati commessi nel suo interesse o a suo vantaggio se:;a) È stato commesso da persone sottoposte alla direzione o alla vigilanza di uno dei soggetti che rivestono funzioni di rappresentanza, di amministrazione o di direzione dell'ente;b) È stato commesso da persone che rivestono funzioni di rappresentanza, di amministrazione o di direzione dell'ente;c) Le persone che rivestono funzioni di rappresentanza, di amministrazione o di direzione dell'ente hanno commesso il reato eludendo fraudolentemente i modelli di organizzazione e di gestione;d) Se le persone che rivestono funzioni di rappresentanza, di amministrazione o di direzione dell'ente hanno agito nell'interesse esclusivo proprio o di terzi;3
Chiunque proceda all'acquisto, abusivamente utilizza e riproduce in tutto o in parte prodotti protetti dal diritto d'autore, ex-art. 174 ter, legge 633/41, è punito, purché il fatto non concorra con altri reati, con l'applicazione:;a) Della sanzione amministrativa penale dell'arresto e ammenda e con le sanzioni accessorie della confisca del materiale e della pubblicazione del provvedimento su un giornale quotidiano a diffusione nazionale;"b) Della sanzione
amministrativa pecuniaria di 154,00 euro e con le sanzioni accessorie della confisca del materiale e della pubblicazione del provvedimento su un giornale quotidiano a diffusione nazionale";"c) Della sanzione
amministrativa pecuniaria di euro 254 e con le sanzioni accessorie della confisca del materiale e della pubblicazione del provvedimento su un giornale quotidiano a diffusione nazionale";d) Della multa da 500,00 a 2.500,00 euro e con le sanzioni accessorie della confisca del materiale;2
Quali compiti non rientrano nelle competenze del Responsabile della prevenzione della corruzione e della trasparenza:;a) Elaborare la relazione annuale sull'attività svolta, assicurandone la pubblicazione;b) Svolgere stabilmente un'attività di controllo sull'adempimento da parte dell'amministrazione degli obblighi di pubblicazione sul sito istituzionale, assicurando la chiarezza e l'aggiornamento delle informazioni pubblicate;c) Indicare agli uffici competenti all'esercizio dell'azione disciplinare i nominativi dei dipendenti che non hanno attuato correttamente le misure in materia di prevenzione della corruzione e di trasparenza;d) Introdurre il Piano Nazionale Anticorruzione (P.N.A.);4
Il tratto caratteristico dei delitti di corruzione impropria (art. 318 c.p.) è dato dal c.d. pactum sceleris, cioè dall'accordo raggiunto tra:;a) Il pubblico ufficiale o all'incaricato di pubblico servizio ed il privato;b) Il pubblico ufficiale o all'incaricato di pubblico servizio ed il suo superiore;c) Privati;d) Pubblici Ufficiali di diverse Amministrazioni pubbliche;1
Nell'esecuzione delle indagini di polizia giudiziaria d'iniziativa e delegate, nonché di interventi amministrativi a tutela dei diritti d'autore, la Guardia di Finanza contrasta:;a) Ogni forma abusiva di duplicazione, riproduzione, trasmissione o diffusione in pubblico, vendita, distribuzione, noleggio di opere coperte dalla normativa sul diritto d'autore in violazione degli artt. 171 e ss. della Legge n. 633/1941;b) Ogni forma abusiva di duplicazione, riproduzione, di trasmissione o diffusione in pubblico, vendita, distribuzione, noleggio di opere coperte da diritto d'autore in violazione delle norme previste dal D. Lgs. n. 159/2011;"c) Ogni forma di
trasmissione o diffusione in pubblico, vendita, distribuzione ma non di abusiva duplicazione, riproduzione, noleggio di opere coperte da diritto d'autore in violazione della Legge n. 212/2000";d) Ogni forma di contraffazione, quanto piuttosto di vendite commerciali ingannevoli, potenzialmente in grado di configurare il reato di frode in commercio o, in via subordinata, di vendita di prodotti industriali con segni mendaci;1
"Con riferimento ai reati presupposto del D.Lgs. n. 231/2001 concernenti la ""responsabilità amministrativa da reato"", quale tra le seguenti affermazioni non è corretta?";a) Tra i reati presupposto del D.Lgs. n. 231/2001 ci sono i delitti di criminalità organizzata;b) Tra i reati presupposto del D.Lgs. n. 231/2001 non ci sono i reati tributari;c) Tra i reati presupposto del D.Lgs. n. 231/2001 ci sono i reati di abuso di mercato;d) Tra i reati presupposto del D.Lgs. n. 231/2001 ci sono i reati societari;2
Per quali fattispecie di reati presupposto è ipotizzabile la responsabilità del reato per gli enti ex-D.lgs. 231/2001?;a) Nel caso in cui l'autore del reato ha commesso il fatto nel prevalente interesse esclusivo proprio o di terzi;b) Falsità in monete;c) Delitti di criminalità organizzata;d) Reati di abuso di mercato;1
Presso la Presidenza del Consiglio dei Ministri è istituito un registro pubblico generale delle opere protette ai sensi della legge n. 633/1941?;a) No, è attualmente tenuto dal Ministero della Cultura, il cui Ufficio si trova presso la Biblioteca Nazionale Centrale di Roma;b) No, è attualmente tenuto presso il Ministero dell'Economia e delle Finanze;c) No, è attualmente tenuto presso il Ministero dell'Industria;d) No, è attualmente tenuto presso l'Agenzia delle Entrate;1
Per il D.Lgs. 231/2001, l'ente non ha responsabilità amministrativa se:;a) Se il reato è stato commesso da persone sottoposte alla direzione che rivestono funzioni di rappresentanza, di amministrazione o di direzione dell'ente hanno agito a vantaggio dell'ente;b) Se le persone che rivestono funzioni di rappresentanza, di amministrazione o di direzione dell'ente o di una sua unità organizzativa dotata di autonomia finanziaria e funzionale, hanno agito nell'interesse esclusivo proprio o di terzi;c) Se l'organo dirigente non ha adottato ed efficacemente attuato, prima della commissione del fatto, modelli di organizzazione e di gestione idonei a prevenire reati della specie di quello verificatosi;d) Se vi è stata omessa o insufficiente vigilanza da parte dell'organismo dell'ente dotato di autonomi poteri di iniziativa e di controllo;2
Non Sono escluse dall'applicazione della normativa del D.Lgs 231/2001:;a) I condomini, i consorzi con attività interna, i fondi patrimoniali tra i coniugi e i trust;b) Le imprese familiari che sono comunemente ricomprese tra le imprese individuali;c) Le associazioni in partecipazione che non determinano la formazione di un soggetto nuovo o la costituzione di un patrimonio autonomo;d) Le associazioni anche prive di personalità giuridica;4
Chi può esercitare il diritto di accesso civico?;a) Può essere richiesto solo da soggetti portatori di specifico interesse;b) L'accesso civico può essere esercitato da tutti i cittadini qualora la pubblica amministrazione non abbia adempiuto all'obbligo di trasparenza previsto;c) Può essere eseguito da chiunque dietro compenso e con la necessità di motivazioni specifiche su informazioni di rilevanza;d) Può essere eseguito da chiunque per acquisire informazioni di una certa segretezza;2
Quale sanzione non è applicabile all'ente in base alla responsabilità da reato ex D.lgs. 231/2001?;a) La confisca dei beni;b) Nel caso in cui l'autore del reato ha commesso il fatto nel prevalente interesse esclusivo proprio o di terzi;c) L'interdizione dall'esercizio dell'attività;d) La sanzione pecuniaria;2
