La Banca dati ISEE dell'INPS:;a) consente solo la funzione di simulazione del calcolo ISEE;b) non è accessibile alla Guardia di Finanza;c) consente la consultazione delle dichiarazioni ISEE, nonché l'accesso alla funzione di simulazione del calcolo di tale indice;d) è accessibile alla Guardia di Finanza ma solo previo nulla osta dell'A.G.;3
la Guardia di Finanza comunica gli esiti dell'attività ispettiva nel settore delle Prestazioni sociali agevolate:;a) alla Ragioneria Generale dello Stato;b) alla sede INAIL territorialmente competente;c) all'ISTAT;d) alla sede INPS territorialmente competente;4
Il reddito di inclusione:;a) ai sensi del decreto legge 28 gennaio 2019 n 4 convertito, con modificazioni, dalla Legge 28 marzo 2019 n 26, dal 01.03.2019 è stato sostituito dal reddito di cittadinanza;b) dal 01.03.2016 è stato sostituito dal reddito di cittadinanza;c) dal 01.03.2014 è stato sostituito dal reddito di cittadinanza;"d) è stato abolito dal
01.01.2022";1
In tema di Reddito di Cittadinanza, nel caso in cui il nucleo familiare abbia percepito il beneficio economico del Rdc in misura maggiore rispetto a quanto gli sarebbe spettato, per effetto di dichiarazione mendace in sede di DSU o di altra dichiarazione nell'ambito della procedura di richiesta del beneficio:;a) occorre restituire solo l'ultima mensilità di RdC percepita;b) vi è la decadenza dal beneficio ma solo a partire dall'anno successivo;c) non vi è la decadenza dal beneficio;d) vi è la decadenza dal beneficio;4
Il reddito di cittadinanza:;a) è una misura eccezionale di sostegno economico legata alla pandemia da COVID 19;b) è un sostegno economico finalizzato al reinserimento nel mondo del lavoro e all'inclusione sociale;c) è stata una misura eccezionale di sostegno economico che ha cessato di efficacia al 31.12.2019;d) è stata una misura eccezionale di sostegno economico che ha cessato di efficacia al 31.12.2020;2
L'ISEE Università:;a) è una tipologia di ISEE ancora in fase di studio;b) non è previsto da nessuna norma;c) è utilizzato dallo studente che vuole accedere alle prestazioni per il diritto allo studio universitario;d) è stato abolito nel 2018;3
L'ISEE ordinario:;a) contiene le principali informazioni sulla situazione anagrafica, reddituale e patrimoniale del nucleo familiare;b) contiene le principali informazioni sulla situazione anagrafica del nucleo familiare;c) contiene le principali informazioni sulla situazione reddituale del nucleo familiare;d) contiene le principali informazioni sulla situazione patrimoniale del nucleo familiare;1
Con quali risorse finanziarie è finanziato il Servizio sanitario nazionale?;a) il bilancio dello Stato, finanzia il fabbisogno sanitario attraverso le entrate dei monopoli;"b) attraverso entrate proprie delle aziende del Servizio sanitario nazionale; fiscalità generale delle Regioni; compartecipazione delle Regioni a statuto speciale e delle Province autonome; bilancio dello Stato.";c) il bilancio dello Stato, finanzia il fabbisogno sanitario attraverso l'imposta sul valore aggiunto;d) il bilancio dello Stato, finanzia il fabbisogno sanitario attraverso le accise sui carburanti.;2
L'attività di controllo della Guardia di Finanza nel settore delle frodi al Servizio Sanitario Nazionale:;a) è prevista solo ed esclusivamente in collaborazione con i N.A.S. dell'Arma dei Carabinieri;b) è prevista solo ed esclusivamente su delega dell'A.G.;c) rientra tra i numerosi compiti istituzionali del Corpo;d) è prevista solo ed esclusivamente su richiesta dell'Agenzia Italiana del Farmaco (AIFa);3
"il piano operativo ""prestazioni sociali"" prevede che la Guardia di Finanza:";a) contrasti esclusivamente le attività illecite commese nell'ambito delle Regioni;b) contrasti esclusivamente le attività illecite commese nell'ambito delle ASSL;c) effettui attività di controllo esclusivamente nei confronti di soggetti, percettori di prestazioni sociali agevolate, con precedenti fiscali;d) contrasti le condotte di indebita richiesta, percezione e/o fruizione di prestazioni sociali agevolate e non agevolate, spettanti a cittadini in condizione economica e sociale svantaggiata.;4
Ai sensi del comma 2 dell'art. 2 del D.P.C.M n.159 /2013, come avviene il calcolo dell'indicatore della situazione economica equivalente ISEE?;a) avviene sommando l'indicatore della situazione reddituale ed il quaranta per cento dell'indicatore della situazione patrimoniale.;b) avviene sommando l'indicatore della situazione patrimoniale ed il venti per cento dell'indicatore della situazione reddituale.;c) avviene sommando l'indicatore della situazione reddituale ed il cinquanta per cento dell'indicatore della situazione patrimoniale.;"d) avviene con riferimento al nucleo familiare di appartenenza del richiedente, come rapporto tra l'indicatore della situazione economica e il parametro della scala di equivalenza
corrispondente alla specifica composizione del nucleo familiare.";4
In materia previdenziale, l'irrogazione delle sanzioni amministrative e il recupero dell'indebito compete:;a) all'INPS;b) all'INAIL;c) ai Sindacati;d) alle ASL;1
I controlli in materia di contributi previdenziali, rientrano nell'attività istituzionale nel comparto:;a) Polizia giudiziaria;b) polizia doganale;c) Polizia comunitaria;d) Polizia economico- finanziaria;4
Per poter beneficiare del Reddito di cittadinanza occorre soddisfare:;a) soltanto requisiti relativi al godimento di beni durevoli;b) soltanto requisiti di cittadinanza, residenza e soggiorno;c) soltanto requisiti reddituali e patrimoniali;"d) Requisiti di
cittadinanza, residenza e soggiorno - Requisiti reddituali e patrimoniali - Requisiti relativi al godimento di beni durevoli - Requisiti di compatibilità";4
In base al contenuto dell'articolo 1 - comma 3 - del D.Lgs. 502/1992, le prestazioni sanitarie, comprese nei livelli essenziali di assistenza sono garantite dal Servizio sanitario nazionale:;a) a titolo gratuito o con partecipazione alla spesa, nelle forme e secondo le modalità previste dalla legislazione vigente.;b) a titolo gratuito, solo ai cittadini sprovvisti di assicurazione sanitaria;c) a titolo gratuito solo per i rifugiati politici;d) a titolo gratuito, sempre e per tutti;1
Ai sensi dell'articolo 1 del D.P.C.M. n. 159/2013, si intende per I.S.E.E.:;a) indice soggetto economico equivalente;b) indice situazione equa ed equivalente;c) indicatore della situazione economica equivalente;d) indice servizi economici essenziali;3
Ai sensi del D.LGS 109/1998, la valutazione della situazione economica del richiedente e':;a) determinata con riferimento alle informazioni relative al solo richiedente e non al suo nucleo familiare di appartenenza;b) determinata con riferimento alle informazioni relative al nucleo familiare di appartenenza, quale risulta alla data di presentazione della dichiarazione sostitutiva unica.;c) determinata sulla base di un algoritmo gestito dall'Agenzia delle Entrate;d) prevista solo nel caso di presenza di persone inabili all'interno del nucleo familiare;2
"L'attività della Guardia di Finanza nell'ambito del piano operativo ""spesa sanitaria"", si concretizza nell'esecuzione:";a) esclusivamente di indagini delegate dal Ministero della Salute;b) di indagini di polizia giudiziaria, di interventi amministrativi d'iniziativa nei confronti di operatori economici operanti in convenzione con il Servizio Sanitario Nazionale, di indagini delegate dalle Procure Generale e Regionali della Corte dei Conti;c) esclusivamente di indagini di polizia giudiziaria delegate dalle Procure Regionali della Corte dei Conti;d) esclusivamente di indagini di polizia giudiziaria delegate dall'A.G.;2
"I Livelli Essenziali di Assistenza - ""L.E.A."" si sostanziano:";a) nelle prestazioni e nei servizi che il Servizio Sanitario Nazionale (SSN) eroga in regime di extramoenia;b) nelle prestazioni e nei servizi che il Servizio Sanitario Nazionale (SSN) eroga in regime di intramoenia;c) nelle prestazioni e nei servizi che il Servizio Sanitario Nazionale (SSN) eroga gratuitamente;d) nelle prestazioni e nei servizi che il Servizio sanitario nazionale (SSN) è chiamato a fornire a tutti i cittadini, gratuitamente o dietro pagamento di una quota di partecipazione (ticket), con le risorse pubbliche raccolte attraverso la fiscalità generale (tasse).;4
Il pagamento, quando dovuto, del ticket sanitario:;a) può essere rateizzato per non più di 6 rate mensili;b) deve avvenire sempre tramite denaro contante;c) deve avvenire solo e sempre tramite carta di credito;"d) rappresenta il mezzo con il quale gli assistiti contribuiscono o ""partecipano"" al costo delle prestazioni sanitarie di cui usufruiscono.";4
L'ISEE corrente:;a) fa riferimento al reddito dell'ultimo mese trascorso nell'anno in corso;b) fa riferimento al reddito dell'anno in corso;c) fa riferimento al reddito dell'ultimo trimestre dell'anno in corso;d) fa riferimento al reddito dell'ultima dichiarazione che a sua volta si riferisce all'anno precedente;4
L'indicatore della situazione economica equivalente - I.S.E.E., rappresenta:;a) è la metà del valore dell'Indicatore della Situazione Economica (I.S.E.);b) il triplo del valore dell'Indicatore della Situazione Economica (I.S.E.);c) il valore dell'Indicatore della Situazione Economica (I.S.E.) rapportato alla composizione del nucleo familiare, tramite le scale di equivalenza;d) è un quarto del valore dell'Indicatore della Situazione Economica (I.S.E.);3
Quale ente pubblico detiene il Casellario dell'Assistenza, il quale costituisce l'anagrafe generale delle posizioni assistenziali e comprende sia le prestazioni sociali agevolate condizionate all'ISEE, sia le prestazioni sociali non condizionate all'ISEE?:;a) l'Agenzia delle Entrate;b) il Ministero del Lavoro e delle Politiche Sociali;c) l'INAIL;d) l'INPS;4
Ai sensi dell'articolo 1 - comma 1 - del D.P.C.M n.159 /2013, si intende per DSU:;a) Dichiarazione sostituiva unica.;b) Distretto sociale unico;c) Dichiarazione sostituiva univoca;d) Distretto sanitario unico.;1
E' lasciata facolta' al cittadino di presentare entro il periodo di validita' della DSU una nuova dichiarazione?;a) Si, qualora intenda far rilevare i mutamenti delle condizioni familiari ed economiche ai fini del calcolo dell'ISEE del proprio nucleo familiare;b) Si, ma solo in caso di mutamenti delle condizioni familiari rilevanti;c) No, perché l'esercizio di questa facoltà inflazionerebbe il carico lavorativo dell'INPS.;d) No, in nessun caso.;1
In tema di prestazioni sociali agevolate, gli strumenti per la verifica della sussistenza dei requisiti prescritti per poter accedere alle prestazioni medesime, sono:;a) l'ISEP (Indicatore della situazione economica Presunta) e l'I.S.E.R. (Indicatore della situazione economica Reddituale);b) l'I.S.E. (Indicatore della Situazione Economica) e l'ISEP (Indicatore situazione economica presunta);c) l'I.S.E. (Indicatore della Situazione Economica) e l'I.S.E.E. (Indicatore della Situazione Economica Equivalente);d) l'I.S.E.F. (Indicatore della situazione economica Familiare) e l'I.S.E.E. (Indicatore della Situazione Economica Equivalente);3
Quale Ente riconosce l'erogazione del Reddito di cittadinanza?;a) L'INPS;b) L'INAIL territorialmente competente;c) L'agenzia delle entrate territorialmente competente;d) Il CAF;1
"Qual è l'obiettivo del piano operativo ""spesa previdenziale""?";a) contrastare le condotte di peculato aventi ad oggetto risorse finanziarie del Ministero della Salute, a copertura di rischi d'invalidità, vecchiaia, superstiti, disoccupazione, infortuni professionali, malattia e tutela della maternità;b) contrastare le condotte di indebita percezione di risorse finanziarie destinate alla spesa previdenziale, finanziate dalla Comunità Europea;c) contrastare le condotte di indebita richiesta e/o percezione, truffa e truffa aggravata aventi ad oggetto risorse finanziarie messe a disposizione degli Enti previdenziali, destinate all'erogazione di prestazioni di denaro a copertura dei rischi di invalidità, vecchiaia, superstiti, disoccupazione, infortuni professionali, malattia e tutela della maternità;d) contrastare le condotte di indebita richiesta e/o percezione, truffa aggravata aventi ad oggetto risorse finanziarie delle Prefetture, a copertura di rischi d'invalidità, vecchiaia, superstiti, disoccupazione, infortuni professionali, malattia e tutela della maternità;3
Lo strumento dell'I.S.E.E. ovvero l'Indicatore della Situazione Economica Equivalente:;a) non tiene conto del numero di figli a carico e dell'eventuale presenza di persone con disabilità;b) tiene conto solo del numero di figli a carico purché minori di anni tre;c) tiene conto solo dell'eventuale presenza di persone con disabilità;d) rappresenta il valore dell'indicatore di situazione economica (ISE) rapportato alla composizione del nucleo familiare per mezzo delle scale di equivalenza;4
In tema di ISEE, è comunque lasciata facoltà agli enti erogatori di chiedere la presentazione di una DSU aggiornata?;a) Si, nel caso di informazioni circa variazioni del nucleo familiare;b) Si ma solo nel caso di procedimento penale a carico del beneficiario;c) Si ma solo in caso di cambio del Dirigente INPS che ha istruito la pratica;d) No, mai.;1
E' competente all'erogazione del reddito di cittadinanza per il 2023 e Assegno di inclusione dal 1° gennaio 2024:;a) Le Regioni;b) L'INPS;c) L'Agenzia delle Entrate;d) L'INAIL;2
L'articolo 3 - comma 3 - del D.P.C.M n.159/2013 stabilisce che i coniugi con differente residenza anagrafica costituiscono nuclei familiari distinti, esclusivamente nei seguenti casi:;a) Quando il Tribunale Apostolico della Sacra Rota, abbia dichiarato nullo il matrimonio religioso.;b) In caso di trasferimento all'estero di uno dei coniugi per un periodo non inferiore ad un mese e non superiore a due mesi;c) Quando è stata pronunciata separazione giudiziale o è intervenuta l'omologazione della separazione consensuale ovvero quando è stata ordinata la separazione.;d) In caso di trasferimento all'estero di uno dei coniugi per un periodo non inferiore ad un mese e non superiore a tre mesi;3
Il controllo sulla legittimità della percezione di prestazioni sociali agevolate erogate ai cittadini richiedenti:;a) Sono oggetto di controllo da parte della Presidenza del Consiglio dei Ministri;b) Non sono oggetto di controllo da parte della Guardia di Finanza;c) Sono oggetto di controllo da parte della Guardia di Finanza ma solo previa richiesta dell'A.G.;d) rientra tra i compiti della Guardia di Finanza;4
L'articolo 7 - comma 1 - del D.L. 4/2019, punisce con la reclusione da due a sei anni, salvo che il fatto non costituisca più grave reato:;"a) l'omessa
comunicazione delle variazioni del patrimonio, anche se provenienti da attività irregolari";b) chiunque, al fine di percepire indebitamente il Reddito di Cittadinanza, rende o utilizza dichiarazioni o documenti falsi o attestanti cose non vere, ovvero omette informazioni dovute;"c) l'omessa
comunicazione di altre informazioni dovute e rilevanti ai fini della revoca o della riduzione del beneficio";"d) l'omessa
comunicazione delle variazioni del reddito, anche se provenienti da attività irregolari";2
La Banca Dati delle Prestazioni Sociali Agevolate, all'interno del Portale INPS-ISEE:;a) è alimentata prevalentemente dalle informazioni del Ministero dell'Economia e delle Finanze;b) è gestita dal Ministero della Salute;c) è accessibile alla Guardia di Finanza;d) appartiene al Ministero dello Sviluppo Economico;3
Gli strumenti utilizzati per valutare la situazione economica dei richiedenti ai fini dell'erogazione delle prestazioni sociali agevolate sono:;a) l'IPSE (Indicatore Presunto della Situazione Economica);b) l'ISEP (Indicatore della Situazione Economica Patrimoniale);c) l'ISEF (Indicatore della Situazione Economica Familiare);d) l'ISE - (Indicatore della Situazione Economica) e l'ISEE (Indicatore della Situazione Economica Equivalente);4
Le prestazioni sociali agevolate:;a) sono tutte le attività di erogazione dei servizi assistenziali, esclusivamente gratuiti;b) sono erogate in favore di soggetti iscritti all'A.I.R.E. (Anagrafe degli Italiani Residenti all'Estero);c) sono oggetto di controllo da parte del Ministero della Salute;d) rientrano tra le materie oggetto di controllo da parte della Guardia di Finanza;4
Il Piano Operativo Spesa Sanitaria:;a) ha lo scopo esclusivo diprevenire e contrastare lefattispecie criminali dellatruffa e della truffa aggravata perpetrate in danno delle risorsefinanziarie delle Regioni;b) ha lo scopo di preveniree contrastare le fattispeciedi malversazione, indebitarichiesta e/o percezione, truffa, truffa aggravata e, comunque, qualsiasi altracondotta perpetrata in danno delle risorse finanziarie messe a disposizione del ServizioSanitario Nazionale;c) ha lo scopo esclusivo diprevenire e contrastare lefattispecie criminali dellatruffa e della truffa aggravata perpetrate in danno delle risorsefinanziarie delle ASSL;d) ha lo scopo esclusivo diprevenire e contrastare lefattispecie criminali dellatruffa e della truffa aggravata perpetrate in danno delle risororsefinanziarie dell'Agenzia Italiana del Farmaco;2
L'attività del Corpo, con specifico riferimentoall'accertamento delle indebite percezioni diprestazioni sociali agevolate, si esplica mediante:;a) esclusivamente indagini(delegate o d'iniziativa) dipolizia giudiziaria con glistrumenti previsti dal c.p.p.;b) esclusivamente ilmodulo ispettivo tipico deicontrolli di carattereamministrativo.;"c) esclusivamente delegheistruttorie assegnate dalleProcure regionali dellaCorte dei Conti;";"d) indagini (delegate od'iniziativa) di poliziagiudiziaria con glistrumenti previsti dal codice di procedura penale- deleghe istruttorie assegnate dalle Procure regionali della Corte deiConti; - il modulo ispettivo tipico dei controlli di carattere amministrativo.";4
Nei confronti dei soggetti indebitamente beneficiaridelle erogazioni di prestazioni sociali agevolate:;a) può essere applicata lasola decadenza dai beneficiche conseguono a unprovvedimento emanato sulla base di autocertificazioni non veritiere;b) possono essere applicatele sanzioni amministrativepreviste dall'art. 316-tercomma 2 codice penale e leggi speciali, le sanzioni penali ex art. 316-ter co. 1 e 640 co. 2 n) 1 c.p. nonché la decadenza dai benefici che conseguono a un provvedimento emanato sulla base di autocertificazioni non veritiere;c) possono essere applicatele sole sanzioni penali exart. 316-ter co. 1 e 640 co. 2n) 1 c.p.;d) possono essere applicatele sole sanzioniamministrativecontemplate dall'art. 316-ter co. 2 c.p. e leggi speciali (D.L. n. 78/2010, D. Lgs. n. 147/2017 e D. Lgs. n. 68/2012);2
Il Reddito Minimo Garantito (RMG) consiste:;a) è un sistema dideduzioni fiscali dal reddito concesse alle persone che si trovano in una particolare situazione di bisogno;b) nell'erogazionemonetaria prevista su base individuale e destinata a tutte le persone che si trovano in una particolare condizione di bisogno, al di sotto di una certa soglia di povertà, per accompagnarle al superamento di questa condizione e garantire loro una esistenza libera e dignitosa;c) è un sistema didetrazioni d'imposta concesse alle persone che si trovano in una particolare situazione di bisogno;d) è il cd. reddito dicittadinanza;2
Coloro i quali percepiscono la pensione di un parente defunto in quanto non hanno comunicato all'ente erogatore la scomparsa del soggetto legittimato a ricevere la pensione commettono:;a) reato ex art. 316 ter Codice Penale;"b) violazione
amministrativa sanzionata con pena pecuniaria fissa";c) reato ex art. 640 bis C.P.;"d) violazione
amministrativa sanzionata con pena pecuniaria da un minimo di € 1.000 ad un massimo di € 6.000";1
"Ai sensi del comma 3 dell'art. 1 D. Lgs. 502/1992""L'individuazione dei livelli essenziali e uniformidi assistenza assicurati dal Servizio sanitarionazionale, per il periodo di validità del Piano
sanitario nazionale, è effettuata contestualmente
all'individuazione delle risorse finanziarie destinate al Servizio sanitario nazionale:";"a) nel rispetto dellecompatibilita' finanziariestabilite dalle singoleregioni""";"b) senza tener conto delcontenuto del Documentodi programmazioneeconomico finanziaria""";"c) nel rispetto dellecompatibilita' finanziariedefinite per l'intero sistemadi finanza pubblica nel Documento di programmazione economico finanziaria""";"d) nel rispetto dellecompatibilita' finanziariestabilite dalle singoleregioni nel loro piano quinquennale""";3
Nell'ambito delle prestazioni sociali agevolate:;a) per l'esecuzione deicontrolli è necessarioprocedere alla preventivaacquisizione del nulla ostadel ComandanteInterregionale;b) per l'esecuzione deicontrolli è necessarioprocedere alla preventivaacquisizione del nulla ostadel Comando Provinciale;c) per l'esecuzione deicontrolli è necessarioprocedere alla preventivaacquisizione del nulla ostadel Comandante Regionale;d) per l'esecuzione deicontrolli non è necessarioprocedere alla preventivaacquisizione del nulla ostadel Comando Provinciale;4
Ai sensi dell'articolo 4 comma 2 del Protocollod'intesa relativo ai rapporti di collaborazione tral'Ispettoratio Nazionale del Lavoro e la Guardia diFinanza:;a) il Capodell'IspettoratoTerritorialedel Lavoro e ilComandante Provincialedella Guardia di Finanzaterranno incontri concadenza triennale per loscambio di dati e diinformazioni, anche con lafinalità di uncoordinamento dell'attivitàdi vigilanza volto adevitare la sovrapposizionedi interventi ispettivi, nonché per laprogrammazione dieventuali interventicontestuali che dovranno, in ogni caso, essere posti inessere mediante modalitàdi verbalizzazioneseparata.;b) il Capodell'IspettoratoTerritorialedel Lavoro e ilComandante Provincialedella Guardia di Finanzaterranno incontri concadenza annuale per loscambio di dati e diinformazioni, anche con lafinalità di uncoordinamento dell'attivitàdi vigilanza volto adevitare la sovrapposizionedi interventi ispettivi, nonché per laprogrammazione dieventuali interventicontestuali che dovranno, in ogni caso, essere posti inessere mediante modalitàdi verbalizzazioneseparata.;c) il Capodell'IspettoratoTerritorialedel Lavoro e ilComandante Provincialedella Guardia di Finanzaterranno incontri concadenza biennale per loscambio di dati e diinformazioni, anche con lafinalità di uncoordinamento dell'attivitàdi vigilanza volto adevitare la sovrapposizionedi interventi ispettivi, nonché per laprogrammazione dieventuali interventicontestuali che dovranno, in ogni caso, essere posti inessere mediante modalitàdi verbalizzazioneseparata.;d) il Capodell'IspettoratoTerritorialedel Lavoro e ilComandante Provincialedella Guardia di Finanzaterranno incontri concadenza quadrimestraleper lo scambio di dati e diinformazioni, anche con lafinalità di uncoordinamento dell'attivitàdi vigilanza volto adevitare la sovrapposizionedi interventi ispettivi, nonché per laprogrammazione dieventuali interventicontestuali che dovranno, in ogni caso, essere posti inessere mediante modalitàdi verbalizzazioneseparata.;4
Tramite la Dorsale Informatica:;a) è possibile accedere allabanca dati ISEE dell'INPS;b) non è possibile accederealla banca dati ISEE dell'INPS;c) è possibile accedere allabanca dati ISEE dell'INPS ma solo previa autorizzazione delComandanteInterregionale;d) è possibile accedere allabanca dati ISEE dell'INPS ma solo previa autorizzazione dell'A.G.;#RIF!
Chi è tenuto a contrastare gli effetti finanziari, conseguenti all'erogazione di livelli di assistenza sanitaria superiori a quelli uniformi di cui all'art. 1 del D. Lgs. 502/1992 ?;a) I cittadini residenti nelle regioni limitrofe;b) Le regioni con risorse proprie.;c) Lo Stato Centrale.;d) Il Ministero dell'Economia e delle Finanze;2
L'Ispettorato Nazionale del Lavoro, per la segnalazione di informazioni, notizie ed elementi utili per la prevenzione e la repressione dei diversi fenomeni di lavoro irregolare, compresi quelli attinenti al lavoro marittimo, si relazionerà, come referente della Guardia di Finanza, con il Nucleo Speciale Entrate che provvederà:;a) all'interessamento ovvero al raccordo dei Comandi Regionali territorialmente competenti per lo sviluppo di eventuali autonome attività ispettive;b) all'interessamento ovvero al raccordo dei Comandi Provinciali e dei Reparti Operativi Aeronavali territorialmente competenti per lo sviluppo di eventuali autonome attività ispettive;c) all'interessamento ovvero al raccordo dei Comandi Regionali territorialmente competenti e del Nucleo Speciale Antitrust per lo sviluppo di eventuali autonome attività ispettive;"d) all'interessamento ovvero al raccordo dei Comandi Regionali territorialmente competenti e del Nucleo Speciale Beni e Servizi per lo
sviluppo di eventuali autonome attività ispettive";2
Ai sensi del Protocollo d'intesa realtivo ai rapporti di collaborazione tra L'Ispettorato Nazionale del Lavoro e la Guardia di Finanza, l'Ispettorato, per la segnalazione di informazioni, notizie ed elementi utili per la prevenzione e la repressione dei diversi fenomeni di lavoro irregolare, compresi quelli attinenti al lavoro marittimo, si relazionerà, come referente della Guardia di Finanza:;a) con il G.I.C.O.;b) con il Nucleo Speciale di Polizia Valutaria;c) con il Nucleo Speciale Entrate;d) con il Comandante Regionale territorialmente competente;3
In tema di Reddito di cittadinanza, ai sensi dell'articolo 7 comma 1 del D.L. n. 4/2019, salvo che il fatto costituisca piu' grave reato, chiunque, al fine di ottenere indebitamente il beneficio, rende o utilizza dichiarazioni o documenti falsi o attestanti cose non vere, ovvero omette informazioni dovute, e' punito:;a) con la reclusione da quattro a otto anni.;b) con la reclusione da due a sei anni.;c) con la reclusione da uno a due anni.;d) con la reclusione da uno a otto anni.;2
Il Reddito di Inclusione, ai sensi del decreto legge 28 gennaio 2019 n 4 convertito, con modificazioni, dalla Legge 28 marzo 2019 n 26:;a) è stato dimezzato nell'importo;b) è alternativo al Reddito di Cittadinanza;c) è cumulativo col Reddito di Cittadinanza;d) è stato sostituito dal Reddito di Cittadinanza;4
In tema di Reddito di Cittadinanza, i CAF che rilasciano il visto di conformità o l'asseverazione infedele:;a) sono soggetti a sanzione amministrativa da € 1.000 a € 10.000;b) sono soggetti a sanzione amministrativa da € 258 a € 2.582;c) sono soggetti a sanzione amministrativa da € 10.000 a € 100.000;d) sono soggetti a sanzione amministrativa da € 100 a € 1000;2
Il reddito di cittadinanza assume la denominazione di Pensione di Cittadinanza:;a) se tutti i componenti del nucleo familiare abbiano età pari o superiore a 70 anni o se nel nucleo familiare sono presenti anche persone di età inferiore a 70 anni in condizione di disabilità grave o non autosufficienza;b) se tutti i componenti del nucleo familiare abbiano età pari o superiore a 65 anni o se nel nucleo familiare sono presenti anche persone di età inferiore a 65 anni in condizione di disabilità grave o non autosufficienza;c) se tutti i componenti del nucleo familiare abbiano età pari o superiore a 60 anni o se nel nucleo familiare sono presenti anche persone di età inferiore a 60 anni in condizione di disabilità grave o non autosufficienza;d) Qualora tutti i componenti del nucleo familiare abbiano età pari o superiore a 67 anni, oppure se nel nucleo familiare sono presenti anche persone di età inferiore a 67 anni in condizione di disabilità grave o non autosufficienza;4
Il reddito di emergenza di cui al decreto-legge 19 maggio 2020, n. 34:;a) non spetta se nel nucleo familiare vi sono figli minori;b) spetta anche se nel nucleo familiare vi sono percettori di reddito di cittadinanza o pensione di cittadinanza;c) non spetta se nel nucleo familiare vi sono percettori di reddito di cittadinanza o pensione di cittadinanza;d) non spetta ai nuclei familiari composti da meno di cinque persone;3
"Il piano operativo ""ticket sanitario"" ha la funzione di:";a) contrastare le condotte di corruzione nel settore sanitario;b) contrastare le condotte di indebita esenzione del pagamento delle imposte dirette, anche in relazione alla fruizione di prestazioni fiscali di varia natura erogate a cittadini in possesso dei previsti requisiti reddituali;c) contrastare le condotte di indebita esenzione del pagamento dell'IVA, anche in relazione alla fruizione di prestazioni fiscali di varia natura erogate a cittadini in possesso dei previsti requisiti reddituali;d) combattere le condotte di indebita esenzione dal pagamento dei ticket sanitari;4
L'ISEE:;"a) non tiene conto
dell'eventuale presenza di persone con disabilità";b) è l'Indicatore della Situazione Economica;c) non tiene conto del numero di figli a carico;"d) è lo strumento di valutazione, attraverso criteri unificati, della situazione economica di coloro che
richiedono prestazioni sociali agevolate";4
In tema di Reddito di Cittadinanza, ai sensi dell'articolo 7 comma 2 del D.L. n. 4/2019, l'omessa comunicazione delle variazioni del reddito o del patrimonio, anche se provenienti da attivita' irregolari, nonche' di altre informazioni dovute e rilevanti ai fini della revoca o della riduzione del beneficio entro i termini previsti dall'articolo 3 della stessa norma è punita:;a) con la reclusione da due a sei anni.;b) con la reclusione da due a quattro anni.;c) con la reclusione da uno a sei anni.;d) con la reclusione da uno a tre anni.;4
Il Reddito di Emergenza:;a) è stato deliberato dal Parlamento Europeo;"b) è un sostegno
straordinario al reddito, non subordinato all'ISEE";c) è una proposta di legge che non è mai stata attuata;"d) è un sostegno
straordinario al reddito, subordinato all'ISEE";4
Il Reddito di emergenza è stato introdotto con:;a) D.L. 19 maggio 2019 n. 34;b) D.L. 19 maggio 2015 n. 34;c) D.L. 19 maggio 2020 n. 34;d) D.L. 19 maggio 2017 n. 34;3
L'articolo 5 del decreto legge 6 dicembre 2011, n. 201, ha stabilito la costituzione di una banca dati delle PSA, destinata a raccogliere, tra l'altro, tutti i dati relativi agli enti erogatori e ai soggetti beneficiari di prestazioni sociali agevolate, presso:;a) Le Procure regionali delle Corte dei Conti;b) L'INPS;c) Le Regioni;d) Le sedi comunali;2
"L'indicatore della situazione economica equivalente viene definito anche ""ISEE corrente""?";"a) Si, perché ""l'ISEE corrente"" è quello in corso di validità.";b) No. L' ISEE corrente consiste in un ISEE aggiornato dei redditi e trattamenti degli ultimi 12 mesi quando si siano verificate rilevanti variazioni del reddito ovvero di eventi avversi come la perdita del posto di lavoro o l'interruzione dei trattamenti;c) No, perché l'ISEE corrente non è contemplato a livello normativo.;d) No. L' ISEE corrente consiste in un ISEE aggiornato autonomamente dall'INPS per fini interni;2
L'ISE:;a) è la somma dell'indicatore della situazione reddituale e del sessanta per cento dell'indicatore della situazione patrimoniale;b) è la somma dell'indicatore della situazione reddituale e del quaranta per cento dell'indicatore della situazione patrimoniale;c) è la somma dell'indicatore della situazione reddituale e del venti per cento dell'indicatore della situazione patrimoniale;d) è la somma dell'indicatore della situazione reddituale e del cinque per cento dell'indicatore della situazione patrimoniale;3
La Guardia di Finanza ai sensi dell'art. 50 del D.L. n. 269/2003, convertito nella L. 326/2003 è competente nell'esecuzione di controlli in materia di:;a) Farmaci scaduti;b) Tessera sanitaria a banda magnetica;c) Servizi socio sanitari domiciliari;d) farmaci sperimentali;2
Il Reddito di Emergenza:;a) è compatibile con la presenza nel nucleo familiare di percettori di Pensione di Cittadinanza;b) è compatibile con la presenza nel nucleo familiare di percettori di Reddito di Cittadinanza o Pensione di Cittadinanza;c) è compatibile con la presenza nel nucleo familiare di percettori di Reddito di Cittadinanza;d) non è compatibile con la presenza nel nucleo familiare di percettori di Reddito di Cittadinanza o Pensione di Cittadinanza;4
Beneficiario del Reddito di Cittadinanza:;a) è l'intero nucleo familiare;b) è solo il singolo richiedente;c) è solo il richiedente con più di 67 anni di età;d) è solo il richiedente con più di 68 anni di età;1
Il Reddito di inclusione è stato sostituito dal Reddito di cittadinanza?;a) Si. Ai sensi della Legge 299/2015;b) Si. Ai sensi del DPR 696/2015;c) Si. A partire dal 01.03.2019, ai sensi del decreto legge 28 gennaio 2019 n 4 convertito, con modificazioni, dalla Legge 28 marzo 2019 n 26;d) No.;3
L'ISEE sociosanitario:;a) è stato abolito nel 2018;b) è richiesto dallo studente che vuole accedere alle prestazioni per il diritto allo studio universitario;c) non è previsto;"d) è richiesto per l'accesso alle prestazioni sociosanitarie come l'assistenza domiciliare per le persone con disabilità e/o non
autosufficienti";4
Beneficiario del Reddito di Emergenza:;a) è solo il cittadino extracomunitario in Italia con lo status di rifugiato;b) è anche il cittadino italiano iscritto all'AIRE;c) è solo la persona disoccupata;d) non è il singolo richiedente ma l'intero nucleo familiare;4
La Guardia di Finanza è destinataria di liste selettive dei beneficiari di prestazioni sociali agevolate da parte:;a) dell'INPS;b) delle ASL;c) dall'INAIL;d) dall'Agenzia delle Entrate;1
Per gli accessi, ispezioni e verifiche effettuati nell'ambito di servizi attinenti a materie diverse da quella tributaria, i militari operanti:;a) Non sono tenuti a informare il soggetto sottoposto a indagine delle conseguenze che l'art. 32/600 fa discendere dalla mancata comunicazione di notizie e dati e/o dalla mancata esibizione/trasmissione di atti, documenti, libri o registri;b) Devono osservare il vincolo del limite massimo di permanenza presso la sede del contribuente (30 giorni, eventualmente prorogabili per ulteriori 30);c) Debbono assicurare l'attuazione delle prescrizioni dettate dalle norme potestative tributarie (artt. 52/633 e 33/600), nonché, ricorrendone i presupposti, di quelle previste dalla legge n. 689/1981;d) Devono osservare il vincolo del limite massimo di permanenza presso la sede del contribuente (60 giorni, eventualmente prorogabili per ulteriori 30);3
Beneficiario del reddito di emergenza:;a) è solo il richiedente purchè di età maggiore a 70 anni;b) è solo il richiedente;c) è solo il richiedente purchè di età maggiore a 67 anni;d) è l'intero nucleo familiare del richiedente;4
Come viene determinato l'importo complessivo delle risorse del Servizio sanitario nazionale?;a) Con una legge statale che determina nel quinquennio il fabbisogno sanitario al cui finanziamento concorre lo Stato.;b) Con una legge statale che determina annualmente il fabbisogno sanitario al cui finanziamento concorre lo Stato.;c) Con una legge regionale che determina annualmente il fabbisogno sanitario al cui finanziamento concorre lo Stato.;d) Con una legge regionale che determina nel quinquennio il fabbisogno sanitario al cui finanziamento concorre lo Stato.;2
"In tema di reddito di cittadinanza, ai sensi dell'articolo 7 comma 11 del D.L. 4/2019 il Rdc puo' essere richiesto dal richiedente ovvero da altro componente il
nucleo familiare:";a) solo decorsi diciotto mesi dalla data del provvedimento di revoca o di decadenza, ovvero, nel caso facciano parte del nucleo familiare componenti minorenni o con disabilità, come definita a fini ISEE, decorsi sei mesi dalla medesima data.;b) solo decorsi tre mesi dalla data del provvedimento di revoca o di decadenza, ovvero, nel caso facciano parte del nucleo familiare componenti minorenni o con disabilità, come definita a fini ISEE, decorsi due mesi dalla medesima data.;c) solo decorsi quattro mesi dalla data del provvedimento di revoca o di decadenza, ovvero, nel caso facciano parte del nucleo familiare componenti minorenni o con disabilità, come definita a fini ISEE, decorsi due mesi dalla medesima data.;d) solo decorsi sei mesi dalla data del provvedimento di revoca o di decadenza, ovvero, nel caso facciano parte del nucleo familiare componenti minorenni o con disabilità, come definita a fini ISEE, decorsi tre mesi dalla medesima data.;1
I Livelli Essenziali di Assistenza - LEA possono differire da Regione a Regione?;a) Si, perché la riforma del Titolo V della Costituzione ha previsto per le Regioni anche la possibilità di utilizzare risorse proprie per garantire servizi e prestazioni aggiuntive a quelle incluse nei Lea.;b) No, perché la riforma del Titolo V della Costituzione ha previsto per le Regioni anche la possibilità di utilizzare risorse proprie per garantire servizi e prestazioni elevate ma mai tali da differenziarsi da quelle incluse nei Lea.;c) Si ma solo tra regioni non limitrofe;d) Si ma solo tra regioni limitrofe;1
Quale è la norma che ha contemplato i Livelli Essenziali di Assistenza - LEA?;a) l'articolo 32 della Costituzione;b) Il Decreto del Presidente del Consiglio dei Ministri del 29 novembre 2001, entrato in vigore nel 2002;c) nessuna norma in quanto non sono ancora stati attuati;d) La riforma del titolo V della Costituzione.;2
In tema di reddito di cittadinanza, ai sensidell'articolo 7 comma 9 del D.L. 4/2019, in caso dimancato rispetto degli impegni previsti nel Pattoper l'inclusione sociale relativi alla frequenza deicorsi di istruzione o di formazione da parte di un componente minorenne ovvero impegni di prevenzione e cura volti alla tutela della salute, individuati da professionisti sanitari:;"a) si applica ladecurtazione di unamensilita' dopo un primorichiamo formale alrispetto degli impegni;";b) si applica ladecurtazione di cinquemensilita' dopo un primorichiamo formale alrispetto degli impegni;"c) si applica ladecurtazione di duemensilita' dopo un primorichiamo formale alrispetto degli impegni; la decurtazione di tre mensilita' al secondo richiamo formale; la decurtazione di sei mensilita' al terzo richiamo formale; la decadenza dal beneficio in caso di ulteriore richiamo.";d) non si applica alcunadecurtazione;3
In tema di reddito di cittadinanza, ai sensi dell'articolo 7 comma 7 del D.L. 4/2019, in caso di mancata presentazione, in assenza di giustificato motivo, alle convocazioni di cui all'articolo 4, commi 5 e 11 dello stesso D.L., da parte anche di un solo componente il nucleo familiare:;"a) si applica la decurtazione di una mensilità del beneficio economico in caso di prima mancata presentazione; la decurtazione di due mensilità alla seconda mancata presentazione; la decadenza dalla prestazione, in caso di ulteriore mancata presentazione.";b) si applica la decadenza immediata dal beneficio economico;c) si applica la decurtazione di tre mensilità del beneficio economico in caso di prima mancata presentazione e la decadenza dalla prestazione, in caso di ulteriore mancata presentazione.;d) non si applica alcuna decurtazione dal beneficio economico;1
In materia di prestazioni sociali agevolate, le sanzioni in caso di illecito saranno erogate:;a) dall'Agenzia delle Entrate;b) dall'INPS;c) Dalla Corte dei Conti;d) Dall'INAIL;2
Le prestazioni sociali agevolate sono destinate, ricorrendone i presupposti:;a) ai soggetti che presentano limitati requisiti di natura economica;b) indistintamente alla generalità dei lavoratori dipendenti e pensionati;c) ai soli soggetti portatori di handicap fisici;d) ai soli soggetti invalidi per lavoro;1
Per le prestazioni mediche svolte in regime di intramoenia all'interno delle strutture pubbliche, i medici:;a) possono rilasciare apposita fattura indicante importi inferiori rispetto a quelli effettivamente percepiti;b) debbono rilasciare fattura per ogni prestazione effettuata;c) hanno l'obbligo di rilasciare solo una fattura mensile riepilogativa delle prestazioni eseguite, alla ASL di competenza;d) non hanno alcun obbligo fiscale;2
Per determinare l'ammontare delle risorse finanziarie da attribuire alle aziende sanitarie si tiene conto:;a) della quantità di prestazioni erogate agli utenti nell'ultimo triennio;b) della quantità di prestazioni erogate agli utenti nell'ultimo quinquennio.;c) della quantità di prestazioni erogate agli utenti nell'ultimo biennio.;d) della mobilità passiva (cioè i residenti che si curano in strutture di altre aziende sanitarie o Regioni) e della mobilità attiva (nel caso siano state curate persone provenienti dall'esterno dell'azienda saniataria);4
Quale Ente pubblico eroga le risorse finanziarie alle aziende sanitarie?;a) Il CIPE;b) Il Ministero della Salute;c) La Ragioneria dello Stato;d) Le Regioni;4
Sulla base del Protocollo d'intesa relativo ai rapporti di collaborazione tra l'Ispettorato Nazionale del Lavoro e la Guardia di Finanza, il Corpo collabora con l'Ispettorato Nazionale del Lavoro per il tramite del:;a) Nucleo Speciale Anticorruzione;b) Nucleo Speciale Entrate;c) Nucleo Speciale Beni e Servizi;d) Nucleo Speciale Spesa Pubblica e Repressione Frodi Comunitarie;2
Nell'ambito dei controlli relativi alla spesa pubblica, ai sensi dell'art. 32 DPR 600/73 e art. 51 DPR 633/72, gli accertamenti sui conti e sui depositi bancari e postali potranno essere eseguiti:;a) previa autorizzazione del Comandante Regionale;b) previa autorizzazione del Direttore dell'Agenzia delle Entrate territorialmente competente;c) previa autorizzazione del Comandante del Nucleo di Polizia E.F. territorialmente competente;d) previa autorizzazione del Prefetto;1
Il reddito di cittadinanza si rivolge, ricorrendone tutti gli altri presupposti:;a) ai nuclei familiari con componenti di età inferiore a 63 anni;b) ai nuclei familiari con componenti di età inferiore a 60 anni;c) ai nuclei familiari con componenti di età inferiore a 62 anni;d) ai nuclei familiari con componenti di età inferiore a 67 anni;4
In tema di Indicatore della Situazione Economica (I.S.E.), l'indicatore della situazione patrimoniale:;a) è determinato sommando, per ciascun componente del nucleo familiare, il valore del patrimonio immobiliare e mobiliare.;b) è determinato sommando, per ciascun componente del nucleo familiare, il valore del patrimonio immobiliare.;c) è determinato sommando, per ciascun componente del nucleo familiare, il valore del patrimonio mobiliare.;d) è determinato sommando, per ciascun componente del nucleo familiare, il valore del patrimonio immobiliare ed il valore di un terzo del patrimonio mobiliare.;1
La pensione di cittadinanza si rivolge, ricorrendone tutti gli altri presupposti:;a) ai nuclei familiari con componenti di età pari o superiore a 57 anni;b) ai nuclei familiari con componenti di età pari o superiore a 67 anni;c) ai nuclei familiari con componenti di età pari o superiore a 60 anni;d) ai nuclei familiari con componenti di età pari o superiore a 62 anni;2
Le attività di controllo nell'ambito della spesa farmaceutica:;a) Sono istituzionalmente svolte dall'Agenzia Italiana del Farmaco (AIFa);b) sono svolte in via esclusiva dalla Polizia Regionale;c) Sono eseguite dalla Guardia di Finanza;d) Sono svolte da unità specializzate della Polizia di Stato;3
ln tema di Indicatore della Situazione Economica (I.S.E.), l'indicatore della situazione reddituale:;a) è determinato sulla base dei soli redditi di lavoro autonomo riferiti a ciascun componente ovvero al nucleo familiare.;b) è determinato sulla base dei soli redditi riferiti a ciascun componente ovvero al nucleo familiare.;c) è determinato sulla base dei redditi e delle spese e franchigie, previste dall'art. 2 del DPCM 159/2013, riferite a ciascun componente ovvero al nucleo familiare.;d) è determinato sulla base dei soli redditi patrimoniali riferiti a ciascun componente ovvero al nucleo familiare.;3
La banca dati ISEE:;a) è tenuta dall'Agenzia delle Entrate;b) è tenuta dall'INAIL;c) è tenuta dall'INPS;d) è tenuta dal Ministero del lavoro e delle Politiche Sociali;3
L'ISEE differisce in relazione alla tipologia di prestazione richiesta?;a) Si ma solo nel caso di presenza di redditi patrimoniali superiori a € 50.000,00;b) No;c) Si;d) Si ma solo nel caso di presenza di redditi patrimoniali superiori a € 60.000,00;3
L'articolo 1 del D.Lgs. 30/12/1992 n. 502 identifica il Servizio Sanitario Nazionale (SSN) come:;a) il complesso delle funzioni e delle attività assistenziali svolte dal Ministero della Salute;b) il complesso delle funzioni e delle attività assistenziali dei Servizi sanitari regionali e delle altre funzioni e attività svolte dagli enti ed istituzioni di rilievo nazionale, nell'ambito dei conferimenti previsti dal D.Lgs. 112/98.;c) il Social Security Number (SSN) e cioè un codice di 9 cifre che viene assegnato ai singoli cittadini residenti per usufruire delle attività assistenziali.;d) il complesso delle funzioni e delle attività assistenziali dei Servizi sanitari regionali e delle altre funzioni e attività svolte dagli enti ed istituzioni di rilievo nazionale, nell'ambito dei conferimenti previsti dal D.Lgs. 198/68.;2
Il comma 1 dell'articolo 5 del DPCM 159/2013 stabilisce che l'indicatore della situazione patrimoniale è determinato:;a) sulla base del contenuto dell'ultima dichiarazione IMU presentata;b) sulla base del contenuto dell'ultima dichiarazione dei redditi presentata;c) sommando, per ciascun componente del nucleo familiare, il valore del patrimonio immobiliare nonché del patrimonio mobiliare.;d) sulla base dei redditi e delle spese e franchigie riferite a ciascun componente ovvero al nucleo familiare.;3
In base al contenuto del comma 2 dell'articolo 13 del D. Lgs. 502/1992, per fronteggiare gli oneri derivanti dall'erogazione di livelli di assistenza sanitaria superiori a quelli uniformi:;a) le regioni hanno facoltà di prevedere una tassazione straordinaria a carico dei cittadini della regione stessa;b) le regioni hanno facoltà di prevedere la riduzione dei limiti massimi di spesa per gli esenti compresi i limiti di spesa per i farmaci salva-vita;c) le regioni hanno facoltà di prevedere la riduzione della quota fissa sulle singole prescrizioni farmaceutiche e sulle ricette.;d) le regioni possono applicare la riduzione dei limiti massimi di spesa per gli esenti previsti dai livelli di assistenza ma non per i farmaci salva-vita.;4
I coniugi che hanno residenza anagrafica diversa, secondo quanto riportato al comma 2 dell'art. 3 del D.P.C.M n.159/2013, fanno parte dello stesso nucleo familiare?;a) No;b) Si.;c) Si ma solo nel caso in cui uno dei due coniugi è pensionato;d) Si ma solo nel caso in cui entrambi i coniugi sono pensionati;2
In tema di reddito di cittadinanza, in caso di mancata partecipazione ad iniziative di carattere formativo o di riqualificazione:;a) non si decade dal beneficio;b) si decade dal beneficio;c) si mantiene il beneficio per i successivi tre mesi;d) si mantiene il beneficio per i successivi sei mesi;2
L'ISEE, in base al contenuto dell'art. 2 del D.P.C.M n.159 /2013, è:;a) lo strumento che consente all'Agenzia delle Entrate di conoscere la propria situazione reddituale e patrimoniale.;b) lo strumento di selezione, attraverso parametri, della situazione reddituale di coloro che richiedono prestazioni sociali.;c) lo strumento di valutazione, attraverso criteri unificati, della situazione economica di coloro che richiedono prestazioni sociali agevolate.;d) lo strumento che consente di individuare soltanto i beneficiari del reddito di cittadinanza;3
"Il richiedente il reddito di cittadinanza,
ricorrendone tutti gli altri requisiti richiesti, deve anche:";a) essere residente in Italia da almeno 10 anni, di cui gli ultimi 2 anni in modo continuativo.;b) essere residente in Italia da almeno 8 anni, di cui l'ultimo in modo continuativo.;c) essere residente in Italia da almeno 15 anni, di cui gli ultimi 3 anni in modo continuativo.;d) essere residente in Italia da almeno 10 anni, di cui gli ultimi 4 anni in modo continuativo.;1
"In tema di reddito di cittadinanza, ai sensi dell'articolo 7 comma 4 del D.L. 4/2019, quando l'amministrazione erogante accerta la non corrispondenza al vero delle dichiarazioni e delle informazioni poste a fondamento dell'istanza ovvero l'omessa successiva comunicazione di qualsiasi intervenuta variazione del
reddito, del patrimonio e della composizione del nucleo familiare dell'istante, la stessa amministrazione:";a) dispone la revoca del beneficio a partire dall'anno solare successivo;b) dispone l'immediata revoca del beneficio ma non con efficacia retroattiva;c) dispone l'immediata revoca del beneficio con efficacia retroattiva;d) dispone la revoca del beneficio a partire dal terzo mese successivo a quello dell'accertamento della violazione;3
"In tema di reddito di cittadinanza, ai sensi dell'articolo 7 comma 1 del D.L. 4/2019, il beneficiario che, dopo la richiesta del beneficio, omette di comunicare
le variazioni del reddito o del patrimonio, anche se provenienti da attività irregolari (es. in nero), nonché di altre informazioni dovute e rilevanti ai fini della revoca o della riduzione del beneficio entro i termini prescritti:";a) è punito con la reclusione da uno a sei anni;"b) è punito con la
reclusione da tre a sei anni";c) è punito con la reclusione da uno a tre anni;d) è punito con una sanzione amministrativa;3
Chi percepisce assegni sociali non essendo residente in Italia commette:;"a) violazione
amministrativa sanzionata con pena pecuniaria fissa";b) reato ai sensi del Codice Penale;"c) violazione
amministrativa sanzionata con pena pecuniaria da un minimo di € 10.000 ad un massimo di € 20.000";"d) violazione
amministrativa sanzionata con pena pecuniaria da un minimo di € 2.000 ad un massimo di € 8.000";2
L'art. 82 del decreto legge 19 maggio 2020, n. 34 (c.d. decreto Rilancio) ha istituito:;a) la pensione di cittadinanza;b) il reddito di cittadinanza;c) il reddito minimo garantito;d) il reddito di emergenza;4
Uno straniero titolare del diritto di soggiorno o diritto di soggiorno permanente, familiare di un cittadino italiano o dell'Unione Europea, ricorrendone tutti gli altri presupposti, può presentare domanda di reddito di cittadinanza:;a) se residente in Italia da almeno 6 anni, di cui gli ultimi 2 anni in modo continuativo;b) se residente in Italia da almeno 10 anni, di cui gli ultimi 2 anni in modo continuativo;c) se residente in Italia da almeno 3 anni, di cui gli ultimi 2 anni in modo continuativo;d) se residente in Italia da almeno 4 anni, di cui gli ultimi 2 anni in modo continuativo;2
"In tema di reddito di cittadinanza, ai sensi dell'articolo 7 - comma 1 - del D.L. 4/2019, chiunque, al fine di ottenere indebitamente il beneficio, rende o utilizza
dichiarazioni o documenti falsi o attestanti cose non vere, ovvero omette informazioni dovute:";a) Salvo che il fatto non costituisca più grave reato, è punito con la reclusione da quattro a dodici anni;b) Salvo che il fatto non costituisca più grave reato, è punito con la reclusione da quattro a sei anni;c) Salvo che il fatto non costituisca più grave reato, è punito con la reclusione da due a sei anni;d) Salvo che il fatto non costituisca più grave reato, è punito con la reclusione da uno a due anni;3
Uno straniero lungo soggiornante cioè con permesso di soggiorno a tempo indeterminato, ricorrendone tutti gli altri presupposti, può presentare domanda di reddito di cittadinanza:;a) se è residente in Italia da almeno 3 anni, di cui gli ultimi 2 anni in modo continuativo;b) se è residente in Italia da almeno 15 anni, di cui gli ultimi 2 anni in modo continuativo;c) se è residente in Italia da almeno 15 anni, di cui gli ultimi 3 anni in modo continuativo;d) se è residente in Italia da almeno 10 anni, di cui gli ultimi 2 anni in modo continuativo;4
La norma con la quale è stato previsto il Reddito di Cittadinanza è:;a) la Legge di Bilancio 2020;b) la Legge di Bilancio 2018;c) la Legge di Bilancio 2019;d) il Decreto Legge n. 4/2019;4
In base al contenuto dell'articolo 11 - comma 13 - del D.P.C.M n.159 /2013, nell'ambito della programmazione dell'attività di accertamento della Guardia di Finanza, una quota delle verifiche è riservata al controllo sostanziale della posizione reddituale e patrimoniale dei nuclei familiari dei soggetti beneficiari di prestazioni, secondo criteri selettivi.;a) Parzialmente vero in quanto differisce la norma di riferimento, trattandosi di un protocollo d'intesa e non del DPCM 159/2013.;b) Vero.;c) Assolutamente falso;d) Falso in quanto i criteri selettivi non sono applicabili alle verifiche fiscali.;2
Quale delle seguenti affermazioni non è corretta?;a) le false autocertificazioni redatte da privati al fine di ottenere prestazioni sanitarie in regime di esenzione non spettante rappresentano una delle violazioni più ricorrenti in campo sanitario;b) le false attestazioni di ricovero non determinano danni a carico del S.S.N.;c) le false attestazioni di ricovero determinano una frode in danno del S.S.N.;d) l'iperprescrizione di farmaci consiste nella prescrizione di medicinali in quantità superiore alle effettive esigenze di cura, al fine di trarre qualsiasi profitto, soprattutto dalle case farmaceutiche;2
Il Reparto del Corpo cui è demandato il compito di curare i rapporti di collaborazione con l'Ispettorato Nazionale del Lavoro è:;a) il Nucleo Speciale Anticorruzione;b) il III Reparto del Comando Generale;c) il Nucleo Privacy;d) il Nucleo Speciale Entrate;4
L'articolo 4 - comma 10 - del D.Lgs. n. 109/1998 , prevede che nell'ambito della programmazione dell'attività di accertamento della Guardia di Finanza:;a) una quota delle verifiche è assegnata al controllo sostanziale della posizione reddituale e patrimoniale dei nuclei familiari dei soggetti beneficiari di prestazioni, secondo criteri selettivi;b) la metà della verifiche è assegnata al controllo sostanziale della posizione reddituale e patrimoniale dei nuclei familiari dei soggetti beneficiari di prestazioni, secondo criteri selettivi;c) la metà della verifiche è assegnata al controllo delle imprese di spedizione operanti in ambito comunitario;d) la metà della verifiche è assegnata al controllo delle imprese di spedizione operanti in ambito extra comunitario;1
Nell'ambito delle prestazioni sociali agevolate, la Guardia di Finanza non effettua:;a) Indagini finanziarie;"b) Accertamenti
patrimoniali, reddituali e bancari";c) la verifica dei requisiti sanitari in capo ai beneficiari, previsti dalle norme per poter beneficiare delle prestazioni agevolate;d) Acquisizione presso la sede INPS della documentazione e delle informazioni relative ai datori di lavoro/aziende;3
L'ISEE è l'indicatore:;a) in vigore dal 1978, che serve per valutare e confrontare la situazione economica dei nuclei familiari con ultrasettantenni, per regolare l'accesso alle prestazioni (in moneta e in servizi) sociali e sociosanitarie erogate dai diversi livelli di governo;b) in vigore dal 1968, che serve per valutare e confrontare la situazione economica dei nuclei familiari per regolare l'accesso alle prestazioni (in moneta e in servizi) sociali e sociosanitarie erogate dai diversi livelli di governo;c) in vigore dal 1998, che serve per valutare e confrontare la situazione economica dei nuclei familiari per regolare l'accesso alle prestazioni (in moneta e in servizi) sociali e sociosanitarie erogate dai diversi livelli di governo;d) in vigore dal 2018, che serve per valutare e confrontare la situazione economica dei nuclei familiari per regolare l'accesso alle prestazioni (in moneta e in servizi) sociali e sociosanitarie erogate dai diversi livelli di governo;3
In base al contenuto dell'articolo 11 - comma 4 - del D.P.C.M n.159 /2013:;a) L'INPS determina l'ISEE sulla base degli elementi autodichiarati dal dichiarante, degli elementi acquisiti dall'Agenzia dell'Entrate e di quelli presenti nei propri archivi amministrativi.;b) L'ISEE è determinato automaticamente da un software dell'Agenzia delle Entrate, sulla base dei dati autodichiarati dal dichiarante.;c) L'ISEE è determinato automaticamente da un software dell'INAIL;d) L'Agenzia dell'Entrate determina l'ISEE sulla base delle componenti autodichiarate dal dichiarante, degli elementi acquisiti dall'INPS e di quelli presenti nei propri archivi amministrativi.;1
Un cittadino francese residente in Italia da almeno 10 anni di cui gli ultimi 2 in modo continuativo:;a) non può presentare domanda di reddito di cittadinanza perché deve essere residente in Italia da almeno 12 anni;b) non può comunque presentare domanda di reddito di cittadinanza.;c) non può presentare domanda di reddito di cittadinanza perché deve essere residente in Italia da almeno 15 anni;d) ricorrendo anche tutti gli altri presupposti richiesti, può presentare domanda di reddito di cittadinanza.;4
L'articolo 1 - comma 1 - del D.P.C.M n.159 /2013, chiarisce che si intende per ISEE:;a) L'Indicatore della situazione economica.;b) L'Indicatore della situazione economica equipollente.;c) L'Indicatore della situazione economica equivalente.;d) L'Indicatore sociale di equità economica;3
"L'esercizio della professione medica in regime ""intramoenia"" si riferisce:";a) alle prestazioni erogate durante il normale orario di lavoro dai medici di una struttura pubblica, i quali utilizzano le strutture ambulatoriali e diagnostiche di una struttura privata;b) alle prestazioni erogate durante il normale orario di lavoro dai medici di una struttura pubblica, i quali utilizzano le strutture ambulatoriali e diagnostiche della struttura stessa a fronte di un pagamento da parte del paziente di una tariffa.;c) alle prestazioni erogate durante il normale orario di lavoro dai medici di una struttura pubblica, i quali utilizzano le strutture ambulatoriali e diagnostiche della struttura stessa a carico del Servizio sanitario nazionale.;d) alle prestazioni mediche erogate al di fuori del normale orario di lavoro da medici di una struttura pubblica, utilizzando le strutture ambulatoriali e diagnostiche della struttura stessa, a fronte del pagamento di una tariffa da parte del paziente;4
Tra le prestazioni sociali agevolate, gestite direttamente o indirettamente dai Comuni, dalle Università, dalle Scuole, dall'INPS, dalle Aziende sanitarie Locali, non rientra:;a) l'assegno per i nuclei familiari con almeno sei figli minori;b) la NASpI (Nuova Assicurazione Sociale per l'Impiego) indennità mensile di disoccupazione per i lavoratori con rapporto di lavoro subordinato che hanno perso involontariamente l'occupazione;c) l'asilo nido ed altri servizi per l'infanzia;d) le agevolazioni per le tasse universitarie;2
"Se nel corso di un controllo emergano casi di lavoratori ""in nero"", i militari operanti, per verificare l'eventuale inclusione del lavoratore irregolare tra i percettori del Reddito di cittadinanza, interrogherà:";a) gli archivi informatici dell'Ispettorato Nazionale del Lavoro;b) gli archivi informatici dell'INPS;"c) gli archivi informatici del ""Sistema Informatico delle Comunicazioni Obbligatorie""";d) gli archivi informatici dell' Ispettorato Territoriale del Lavoro;2
Quali tra le seguenti non rientra tra le prestazioni sociali agevolate?;a) assegno unico;b) riduzione TARI (tassa rifiuti);c) assegno di beneficienza;d) esenzione ticket sanitario;3
In base all'articolo 2 - comma 1 - del D.P.C.M. 05.12.2013, n. 159, l'ISEE è:;a) lo strumento di valutazione, attraverso criteri unificati, del disagio sociale ed economico del nucleo familiare che richiede prestazioni sociali agevolate;b) lo strumento di valutazione, attraverso criteri unificati, dello stato di povertà di coloro che richiedono l'accesso alle misure di contrasto alla povertà;c) lo strumento di valutazione, attraverso criteri unificati, della situazione economica di coloro che richiedono prestazioni sociali agevolate;d) lo strumento di valutazione, attraverso criteri unificati, della situazione patrimoniale e reddituale degli Enti che erogano le prestazioni sociali agevolate;3
In base al contenuto dell'articolo 5 - comma 2 - del D.P.C.M n.159 /2013, il patrimonio immobiliare:;a) è determinato sommando, per ciascun componente del nucleo familiare, il valore del patrimonio immobiliare, nonché del patrimonio mobiliare.;"b) è pari al valore dei fabbricati, delle aree fabbricabili e dei terreni, nonché i depositi e conti correnti bancari e postali, i titoli di Stato, obbligazioni
e azioni.";c) è pari al valore dei fabbricati, delle aree fabbricabili e dei terreni, intestati a persone fisiche non esercenti attività d'impresa indipendentemente dal periodo di possesso.;d) è pari al valore dei fabbricati, delle aree fabbricabili e dei terreni, nonché i depositi e conti correnti bancari e postali.;3
A mente dell'articolo 2 - comma 6 - del D.P.C.M n.159 /2013, l'indicatore della situazione economica equivalente viene calcolato:;"a) sulla base delle
informazioni raccolte con il modello di dichiarazione della situazione reddituale e delle altre informazioni disponibili negli archivi dell'INPS e dell'Agenzia delle Entrate acquisite dal sistema informativo dell'ISEE.";b) è la somma dell'indicatore della situazione reddituale e del venti per cento dell'indicatore della situazione patrimoniale.;c) è la somma dell'indicatore della situazione patrimoniale e del venti per cento dell'indicatore della situazione reddituale.;"d) sulla base delle
informazioni raccolte con il modello di dichiarazione sostitutiva unica (DSU) e delle altre informazioni disponibili negli archivi dell'INPS e dell'Agenzia delle Entrate acquisite dal sistema informativo dell'ISEE.";4
Sono legittimati a presentare domanda per l'erogazione del Reddito di Cittadinanza:;"a) I cittadini italiani dell'Unione Europea. Gli stranieri lungo soggiornanti (permesso di soggiorno a tempo indeterminato).
Gli stranieri titolari del diritto di soggiorno o diritto di soggiorno permanente, familiari di un cittadino italiano o dell'Unione Europea";b) Solo cittadini italiani;c) Solo cittadini italiani e dell'Unione Europea e stranieri lungo soggiornanti (permesso di soggiorno a tempo indeterminato);d) Solo stranieri titolari del diritto di soggiorno o diritto di soggiorno permanente, familiari di un cittadino italiano o dell'Unione Europea o apolidi. Il richiedente inoltre deve essere residente in Italia da almeno 10 anni, di cui gli ultimi 2 anni in modo continuativo.;1
Ai sensi dell'art. 1 del D.Lgs. 30/12/1992 n. 502 la tutela della salute come diritto fondamentale dell'individuo ed interesse della collettività è, tra l'altro, garantita:;a) nel rispetto della dignità e della libertà della persona umana, attraverso il Servizio sanitario nazionale.;b) nel rispetto della dignità e della libertà della persona umana, attraverso il Servizio di pronto soccorso.;c) dalla Carta Costituzionale all'articolo 13.;d) dalla Carta Costituzionale all'articolo 23.;1
